subject_code_1;subject_code_2;n_cooc;difficulty_score_both
05.554;05.554;0;0
05.554;05.555;1804;0.017738
05.554;05.556;1165;0.056652
05.554;05.557;1990;0.139698
05.554;05.558;1107;0.056911
05.554;05.559;851;0.063455
05.554;05.560;540;0.027778
05.554;05.561;2584;0.0387
05.554;05.562;1888;0.173729
05.554;05.563;2046;0.186217
05.554;05.564;1570;0.010191
05.554;05.565;3327;0.183649
05.554;05.566;655;0.018321
05.554;05.567;1938;0.003612
05.554;05.568;852;0.070423
05.554;05.569;607;0.016474
05.554;05.570;2075;0.261687
05.554;05.571;648;0.058642
05.554;05.572;774;0.001292
05.554;05.573;732;0.02459
05.554;05.574;451;0.002217
05.554;05.575;1056;0.017045
05.554;05.576;37;0
05.554;05.577;63;0
05.554;05.578;105;0
05.554;05.579;172;0
05.554;05.580;41;0
05.554;05.581;21;0
05.554;05.582;317;0.015773
05.554;05.583;30;0
05.554;05.584;75;0
05.554;05.585;1568;0.003827
05.554;05.586;106;0.018868
05.554;05.587;42;0
05.554;05.588;30;0
05.554;05.589;224;0.004464
05.554;05.590;1100;0.025455
05.554;05.591;654;0
05.554;05.592;16;0
05.554;05.593;105;0.028571
05.554;05.594;32;0
05.554;05.595;1382;0.000724
05.554;05.596;596;0.001678
05.554;05.597;63;0
05.554;05.598;49;0
05.554;05.599;52;0
05.554;05.600;50;0
05.554;05.601;57;0.035088
05.554;05.604;68;0.014706
05.554;05.607;46;0
05.554;05.611;818;0.056235
05.554;05.613;214;0
05.554;05.614;795;0.168553
05.554;05.615;1719;0
05.554;05.616;37;0
05.554;22.400;47;0.106383
05.555;05.554;1804;0.017738
05.555;05.555;0;0
05.555;05.556;965;0.050777
05.555;05.557;1342;0.087928
05.555;05.558;1126;0.053286
05.555;05.559;752;0.041223
05.555;05.560;541;0.022181
05.555;05.561;1926;0.009865
05.555;05.562;1530;0.172549
05.555;05.563;685;0.080292
05.555;05.564;1491;0.039571
05.555;05.565;1744;0.054472
05.555;05.566;673;0.044577
05.555;05.567;1607;0.015557
05.555;05.568;807;0.069393
05.555;05.569;678;0.09292
05.555;05.570;1166;0.197256
05.555;05.571;639;0.093897
05.555;05.572;498;0.018072
05.555;05.573;996;0.13253
05.555;05.574;241;0.012448
05.555;05.575;666;0.040541
05.555;05.576;44;0.113636
05.555;05.577;50;0.02
05.555;05.578;80;0
05.555;05.579;132;0.007576
05.555;05.580;31;0.064516
05.555;05.581;24;0
05.555;05.582;318;0.050314
05.555;05.583;35;0.085714
05.555;05.584;80;0.0375
05.555;05.585;1322;0.012103
05.555;05.586;113;0.061947
05.555;05.587;48;0
05.555;05.588;24;0
05.555;05.589;221;0.022624
05.555;05.590;1233;0.052717
05.555;05.591;356;0.005618
05.555;05.592;13;0
05.555;05.593;123;0.03252
05.555;05.594;26;0
05.555;05.595;1195;0.001674
05.555;05.596;539;0.005566
05.555;05.597;69;0
05.555;05.598;55;0
05.555;05.599;55;0
05.555;05.600;67;0
05.555;05.601;58;0.034483
05.555;05.604;81;0.012346
05.555;05.607;49;0.040816
05.555;05.611;760;0.063158
05.555;05.613;194;0.020619
05.555;05.614;244;0.053279
05.555;05.615;1408;0
05.555;05.616;44;0.090909
05.555;22.400;26;0.038462
05.556;05.554;1165;0.056652
05.556;05.555;1990;0.139698
05.556;05.556;0;0
05.556;05.557;1395;0.083871
05.556;05.558;914;0.04267
05.556;05.559;689;0.069666
05.556;05.560;422;0.016588
05.556;05.561;992;0.022177
05.556;05.562;1485;0.109764
05.556;05.563;962;0.108108
05.556;05.564;657;0.016743
05.556;05.565;928;0.078664
05.556;05.566;501;0.033932
05.556;05.567;738;0.006775
05.556;05.568;816;0.045343
05.556;05.569;485;0.035052
05.556;05.570;2227;0.145487
05.556;05.571;357;0.019608
05.556;05.572;401;0.012469
05.556;05.573;644;0.037267
05.556;05.574;164;0.006098
05.556;05.575;503;0.013917
05.556;05.576;24;0
05.556;05.577;53;0.018868
05.556;05.578;88;0.022727
05.556;05.579;111;0
05.556;05.580;35;0.028571
05.556;05.581;20;0
05.556;05.582;269;0.026022
05.556;05.583;32;0.0625
05.556;05.584;61;0
05.556;05.585;594;0.010101
05.556;05.586;81;0.061728
05.556;05.587;24;0
05.556;05.588;19;0
05.556;05.589;173;0.017341
05.556;05.590;712;0.032303
05.556;05.591;272;0.003676
05.556;05.592;13;0
05.556;05.593;87;0
05.556;05.594;31;0
05.556;05.595;478;0
05.556;05.596;195;0
05.556;05.597;34;0
05.556;05.598;39;0
05.556;05.599;30;0
05.556;05.600;38;0
05.556;05.601;44;0
05.556;05.604;60;0
05.556;05.607;37;0
05.556;05.611;619;0.03231
05.556;05.613;175;0.011429
05.556;05.614;1824;0.111294
05.556;05.615;543;0
05.556;05.616;23;0
05.556;22.400;82;0.121951
05.557;05.554;1107;0.056911
05.557;05.555;851;0.063455
05.557;05.556;540;0.027778
05.557;05.557;0;0
05.557;05.558;996;0.066265
05.557;05.559;928;0.092672
05.557;05.560;487;0.036961
05.557;05.561;1355;0.030996
05.557;05.562;2609;0.238406
05.557;05.563;1333;0.123031
05.557;05.564;881;0.028377
05.557;05.565;1410;0.108511
05.557;05.566;506;0.019763
05.557;05.567;935;0.010695
05.557;05.568;967;0.097208
05.557;05.569;533;0.054409
05.557;05.570;1990;0.28392
05.557;05.571;689;0.089985
05.557;05.572;473;0.004228
05.557;05.573;815;0.077301
05.557;05.574;239;0
05.557;05.575;563;0.030195
05.557;05.576;32;0
05.557;05.577;58;0.017241
05.557;05.578;109;0
05.557;05.579;146;0
05.557;05.580;34;0
05.557;05.581;23;0
05.557;05.582;234;0.051282
05.557;05.583;24;0.041667
05.557;05.584;55;0.036364
05.557;05.585;840;0.015476
05.557;05.586;102;0.078431
05.557;05.587;31;0
05.557;05.588;16;0
05.557;05.589;192;0.0625
05.557;05.590;967;0.056877
05.557;05.591;314;0
05.557;05.592;16;0
05.557;05.593;100;0.03
05.557;05.594;33;0
05.557;05.595;660;0
05.557;05.596;294;0.006803
05.557;05.597;45;0.022222
05.557;05.598;35;0
05.557;05.599;36;0.027778
05.557;05.600;36;0
05.557;05.601;45;0.022222
05.557;05.604;62;0.064516
05.557;05.607;40;0.075
05.557;05.611;674;0.050445
05.557;05.613;200;0.02
05.557;05.614;144;0.173611
05.557;05.615;732;0
05.557;05.616;23;0
05.557;22.400;70;0.085714
05.558;05.554;2584;0.0387
05.558;05.555;1888;0.173729
05.558;05.556;2046;0.186217
05.558;05.557;1570;0.010191
05.558;05.558;0;0
05.558;05.559;611;0.042553
05.558;05.560;547;0.003656
05.558;05.561;777;0.018018
05.558;05.562;1208;0.099338
05.558;05.563;550;0.050909
05.558;05.564;873;0.02291
05.558;05.565;773;0.042691
05.558;05.566;622;0.016077
05.558;05.567;777;0.005148
05.558;05.568;1136;0.044894
05.558;05.569;1000;0.059
05.558;05.570;840;0.108333
05.558;05.571;693;0.036075
05.558;05.572;494;0.006073
05.558;05.573;1085;0.046083
05.558;05.574;180;0.005556
05.558;05.575;474;0.018987
05.558;05.576;33;0
05.558;05.577;59;0
05.558;05.578;116;0
05.558;05.579;140;0
05.558;05.580;43;0
05.558;05.581;20;0
05.558;05.582;333;0.018018
05.558;05.583;29;0.034483
05.558;05.584;81;0.037037
05.558;05.585;635;0.011024
05.558;05.586;112;0.017857
05.558;05.587;37;0
05.558;05.588;21;0
05.558;05.589;236;0.016949
05.558;05.590;853;0.031653
05.558;05.591;221;0
05.558;05.592;18;0
05.558;05.593;147;0
05.558;05.594;40;0
05.558;05.595;498;0
05.558;05.596;272;0.011029
05.558;05.597;61;0
05.558;05.598;46;0
05.558;05.599;42;0
05.558;05.600;51;0.019608
05.558;05.601;60;0
05.558;05.604;87;0.011494
05.558;05.607;63;0.015873
05.558;05.611;786;0.03944
05.558;05.613;210;0
05.558;05.614;76;0.013158
05.558;05.615;512;0
05.558;05.616;40;0
05.558;22.400;45;0.022222
05.559;05.554;3327;0.183649
05.559;05.555;655;0.018321
05.559;05.556;1938;0.003612
05.559;05.557;852;0.070423
05.559;05.558;607;0.016474
05.559;05.559;0;0
05.559;05.560;1112;0.005396
05.559;05.561;773;0.027167
05.559;05.562;820;0.114634
05.559;05.563;595;0.094118
05.559;05.564;619;0.022617
05.559;05.565;697;0.080344
05.559;05.566;385;0.054545
05.559;05.567;616;0.017857
05.559;05.568;471;0.065817
05.559;05.569;380;0.026316
05.559;05.570;806;0.172457
05.559;05.571;460;0.06087
05.559;05.572;357;0.014006
05.559;05.573;492;0.046748
05.559;05.574;194;0
05.559;05.575;420;0.033333
05.559;05.576;48;0.020833
05.559;05.577;42;0.02381
05.559;05.578;50;0
05.559;05.579;93;0.010753
05.559;05.580;68;0.058824
05.559;05.581;42;0.047619
05.559;05.582;269;0.04461
05.559;05.583;54;0.037037
05.559;05.584;105;0.047619
05.559;05.585;573;0.015707
05.559;05.586;105;0.028571
05.559;05.587;59;0.033898
05.559;05.588;44;0
05.559;05.589;216;0.037037
05.559;05.590;553;0.034358
05.559;05.591;211;0.004739
05.559;05.592;18;0.055556
05.559;05.593;123;0
05.559;05.594;29;0.034483
05.559;05.595;519;0
05.559;05.596;225;0
05.559;05.597;88;0.011364
05.559;05.598;63;0.015873
05.559;05.599;60;0
05.559;05.600;66;0.045455
05.559;05.601;41;0
05.559;05.604;84;0.011905
05.559;05.607;62;0.032258
05.559;05.611;392;0.028061
05.559;05.613;150;0.033333
05.559;05.614;320;0.134375
05.559;05.615;513;0
05.559;05.616;144;0
05.559;22.400;41;0.073171
05.560;05.554;2075;0.261687
05.560;05.555;648;0.058642
05.560;05.556;774;0.001292
05.560;05.557;732;0.02459
05.560;05.558;451;0.002217
05.560;05.559;1056;0.017045
05.560;05.560;0;0
05.560;05.561;524;0.007634
05.560;05.562;481;0.045738
05.560;05.563;303;0.026403
05.560;05.564;510;0.011765
05.560;05.565;453;0.02649
05.560;05.566;379;0.015831
05.560;05.567;525;0.00381
05.560;05.568;449;0.017817
05.560;05.569;398;0.015075
05.560;05.570;384;0.054688
05.560;05.571;446;0.022422
05.560;05.572;347;0.005764
05.560;05.573;425;0.016471
05.560;05.574;184;0
05.560;05.575;335;0.008955
05.560;05.576;55;0.036364
05.560;05.577;34;0.029412
05.560;05.578;42;0.02381
05.560;05.579;83;0
05.560;05.580;56;0
05.560;05.581;47;0
05.560;05.582;285;0.014035
05.560;05.583;61;0.016393
05.560;05.584;109;0
05.560;05.585;471;0.019108
05.560;05.586;138;0.036232
05.560;05.587;77;0
05.560;05.588;54;0
05.560;05.589;252;0.015873
05.560;05.590;455;0.006593
05.560;05.591;190;0
05.560;05.592;24;0
05.560;05.593;130;0.007692
05.560;05.594;32;0.03125
05.560;05.595;440;0.006818
05.560;05.596;204;0.014706
05.560;05.597;103;0.019417
05.560;05.598;75;0.026667
05.560;05.599;84;0.011905
05.560;05.600;80;0.0125
05.560;05.601;51;0.019608
05.560;05.604;99;0.020202
05.560;05.607;72;0
05.560;05.611;444;0
05.560;05.613;138;0.007246
05.560;05.614;107;0.028037
05.560;05.615;416;0
05.560;05.616;269;0.033457
05.560;22.400;39;0.076923
05.561;05.554;37;0
05.561;05.555;63;0
05.561;05.556;105;0
05.561;05.557;172;0
05.561;05.558;41;0
05.561;05.559;21;0
05.561;05.560;317;0.015773
05.561;05.561;0;0
05.561;05.562;1465;0.048464
05.561;05.563;1105;0.076923
05.561;05.564;1443;0.003465
05.561;05.565;1959;0.051046
05.561;05.566;595;0.008403
05.561;05.567;2072;0.001931
05.561;05.568;611;0.032733
05.561;05.569;486;0.010288
05.561;05.570;1394;0.092539
05.561;05.571;586;0.022184
05.561;05.572;867;0.001153
05.561;05.573;563;0.012433
05.561;05.574;572;0
05.561;05.575;1141;0.005259
05.561;05.576;31;0
05.561;05.577;38;0.026316
05.561;05.578;54;0.018519
05.561;05.579;99;0
05.561;05.580;32;0
05.561;05.581;20;0
05.561;05.582;297;0.013468
05.561;05.583;26;0
05.561;05.584;69;0.028986
05.561;05.585;1588;0.001259
05.561;05.586;106;0.018868
05.561;05.587;52;0
05.561;05.588;26;0
05.561;05.589;228;0.030702
05.561;05.590;1049;0.012393
05.561;05.591;761;0.001314
05.561;05.592;16;0
05.561;05.593;88;0.011364
05.561;05.594;21;0
05.561;05.595;1640;0.00122
05.561;05.596;584;0.001712
05.561;05.597;63;0
05.561;05.598;57;0
05.561;05.599;48;0
05.561;05.600;53;0.018868
05.561;05.601;38;0.026316
05.561;05.604;74;0.027027
05.561;05.607;46;0
05.561;05.611;600;0.021667
05.561;05.613;152;0.019737
05.561;05.614;368;0.0625
05.561;05.615;1981;0
05.561;05.616;38;0
05.561;22.400;70;0.1
05.562;05.554;30;0
05.562;05.555;75;0
05.562;05.556;1568;0.003827
05.562;05.557;106;0.018868
05.562;05.558;42;0
05.562;05.559;30;0
05.562;05.560;224;0.004464
05.562;05.561;1100;0.025455
05.562;05.562;0;0
05.562;05.563;1386;0.166667
05.562;05.564;866;0.042725
05.562;05.565;1305;0.156322
05.562;05.566;516;0.046512
05.562;05.567;908;0.019824
05.562;05.568;924;0.102814
05.562;05.569;713;0.098177
05.562;05.570;2079;0.328042
05.562;05.571;748;0.15107
05.562;05.572;495;0.016162
05.562;05.573;571;0.077058
05.562;05.574;222;0
05.562;05.575;604;0.046358
05.562;05.576;27;0.074074
05.562;05.577;58;0
05.562;05.578;106;0.018868
05.562;05.579;151;0
05.562;05.580;38;0.052632
05.562;05.581;23;0.043478
05.562;05.582;304;0.0625
05.562;05.583;25;0.12
05.562;05.584;64;0.0625
05.562;05.585;747;0.03079
05.562;05.586;98;0.112245
05.562;05.587;23;0.086957
05.562;05.588;27;0
05.562;05.589;212;0.075472
05.562;05.590;1055;0.088152
05.562;05.591;367;0.002725
05.562;05.592;17;0.058824
05.562;05.593;107;0.037383
05.562;05.594;36;0.055556
05.562;05.595;658;0.00304
05.562;05.596;285;0.007018
05.562;05.597;55;0
05.562;05.598;50;0
05.562;05.599;48;0.020833
05.562;05.600;48;0.041667
05.562;05.601;52;0.019231
05.562;05.604;67;0.014925
05.562;05.607;50;0.02
05.562;05.611;814;0.088452
05.562;05.613;200;0.02
05.562;05.614;767;0.157757
05.562;05.615;760;0
05.562;05.616;33;0
05.562;22.400;68;0.205882
05.563;05.554;654;0
05.563;05.555;16;0
05.563;05.556;105;0.028571
05.563;05.557;32;0
05.563;05.558;1382;0.000724
05.563;05.559;596;0.001678
05.563;05.560;63;0
05.563;05.561;49;0
05.563;05.562;52;0
05.563;05.563;0;0
05.563;05.564;526;0.057034
05.563;05.565;2336;0.18964
05.563;05.566;312;0.076923
05.563;05.567;508;0.017717
05.563;05.568;423;0.080378
05.563;05.569;358;0.089385
05.563;05.570;2358;0.187023
05.563;05.571;525;0.108571
05.563;05.572;311;0.03537
05.563;05.573;491;0.095723
05.563;05.574;130;0
05.563;05.575;417;0.055156
05.563;05.576;16;0.0625
05.563;05.577;17;0
05.563;05.578;27;0
05.563;05.579;50;0
05.563;05.580;21;0
05.563;05.581;11;0
05.563;05.582;211;0.080569
05.563;05.583;8;0
05.563;05.584;41;0.073171
05.563;05.585;480;0.0375
05.563;05.586;54;0.018519
05.563;05.587;21;0.095238
05.563;05.588;16;0
05.563;05.589;143;0.041958
05.563;05.590;682;0.073314
05.563;05.591;186;0.005376
05.563;05.592;3;0.035088
05.563;05.593;60;0.033333
05.563;05.594;10;0
05.563;05.595;372;0.002688
05.563;05.596;169;0.011834
05.563;05.597;35;0
05.563;05.598;24;0.041667
05.563;05.599;20;0
05.563;05.600;27;0
05.563;05.601;23;0.043478
05.563;05.604;40;0.05
05.563;05.607;23;0.043478
05.563;05.611;330;0.081818
05.563;05.613;83;0.036145
05.563;05.614;1438;0.118915
05.563;05.615;390;0
05.563;05.616;20;0
05.563;22.400;148;0.135135
05.564;05.554;50;0.014706
05.564;05.555;57;0
05.564;05.556;68;0.056235
05.564;05.557;46;0
05.564;05.558;818;0.168553
05.564;05.559;214;0
05.564;05.560;795;0
05.564;05.561;1719;0.106383
05.564;05.562;37;0.050777
05.564;05.563;47;0.087928
05.564;05.564;0;0
05.564;05.565;1395;0.022939
05.564;05.566;835;0.050299
05.564;05.567;1622;0.01418
05.564;05.568;672;0.026786
05.564;05.569;946;0.072939
05.564;05.570;661;0.069592
05.564;05.571;585;0.049573
05.564;05.572;516;0.027132
05.564;05.573;926;0.066955
05.564;05.574;213;0.004695
05.564;05.575;687;0.034934
05.564;05.576;45;0.044444
05.564;05.577;49;0.040816
05.564;05.578;84;0.02381
05.564;05.579;154;0.006494
05.564;05.580;46;0.043478
05.564;05.581;24;0.041667
05.564;05.582;471;0.050955
05.564;05.583;29;0
05.564;05.584;87;0.034483
05.564;05.585;1499;0.028019
05.564;05.586;144;0.041667
05.564;05.587;47;0.042553
05.564;05.588;26;0
05.564;05.589;242;0.016529
05.564;05.590;1192;0.028523
05.564;05.591;290;0.003448
05.564;05.592;16;0
05.564;05.593;143;0
05.564;05.594;35;0
05.564;05.595;1103;0
05.564;05.596;639;0.001565
05.564;05.597;88;0.011364
05.564;05.598;58;0
05.564;05.599;52;0.019231
05.564;05.600;64;0.015625
05.564;05.601;52;0.019231
05.564;05.604;79;0.012658
05.564;05.607;54;0.055556
05.564;05.611;603;0.031509
05.564;05.613;186;0.021505
05.564;05.614;161;0.043478
05.564;05.615;1272;0
05.564;05.616;53;0.037736
05.564;22.400;24;0
05.565;05.554;965;0.053286
05.565;05.555;1342;0.041223
05.565;05.556;1126;0.022181
05.565;05.557;752;0.009865
05.565;05.558;541;0.172549
05.565;05.559;1926;0.080292
05.565;05.560;1530;0.039571
05.565;05.561;685;0.054472
05.565;05.562;1491;0.044577
05.565;05.563;1744;0.015557
05.565;05.564;673;0.069393
05.565;05.565;0;0
05.565;05.566;568;0.02993
05.565;05.567;1456;0.01511
05.565;05.568;632;0.050633
05.565;05.569;522;0.045977
05.565;05.570;1868;0.251071
05.565;05.571;528;0.070076
05.565;05.572;462;0.004329
05.565;05.573;722;0.059557
05.565;05.574;241;0
05.565;05.575;578;0.020761
05.565;05.576;27;0.111111
05.565;05.577;40;0.025
05.565;05.578;84;0.02381
05.565;05.579;129;0.015504
05.565;05.580;34;0
05.565;05.581;25;0
05.565;05.582;317;0.056782
05.565;05.583;25;0.04
05.565;05.584;63;0.015873
05.565;05.585;1342;0.008942
05.565;05.586;101;0.029703
05.565;05.587;49;0.020408
05.565;05.588;17;0
05.565;05.589;202;0.029703
05.565;05.590;880;0.028409
05.565;05.591;305;0.006557
05.565;05.592;20;0.2
05.565;05.593;87;0.011494
05.565;05.594;25;0
05.565;05.595;1132;0.000883
05.565;05.596;506;0.001976
05.565;05.597;62;0
05.565;05.598;51;0
05.565;05.599;43;0.046512
05.565;05.600;43;0.023256
05.565;05.601;49;0.061224
05.565;05.604;68;0
05.565;05.607;33;0
05.565;05.611;540;0.046296
05.565;05.613;177;0.011299
05.565;05.614;728;0.153846
05.565;05.615;1208;0
05.565;05.616;30;0
05.565;22.400;108;0.185185
05.566;05.554;1607;0.09292
05.566;05.555;807;0.197256
05.566;05.556;678;0.093897
05.566;05.557;1166;0.018072
05.566;05.558;639;0.13253
05.566;05.559;498;0.012448
05.566;05.560;996;0.040541
05.566;05.561;241;0.113636
05.566;05.562;666;0.02
05.566;05.563;44;0
05.566;05.564;50;0.007576
05.566;05.565;80;0.064516
05.566;05.566;0;0
05.566;05.567;977;0.035824
05.566;05.568;691;0.023155
05.566;05.569;845;0.062722
05.566;05.570;438;0.105023
05.566;05.571;623;0.060995
05.566;05.572;608;0.03125
05.566;05.573;675;0.077037
05.566;05.574;168;0.005952
05.566;05.575;525;0.026667
05.566;05.576;43;0.093023
05.566;05.577;64;0
05.566;05.578;106;0.028302
05.566;05.579;187;0.02139
05.566;05.580;57;0.052632
05.566;05.581;43;0.093023
05.566;05.582;667;0.052474
05.566;05.583;47;0.106383
05.566;05.584;110;0.081818
05.566;05.585;641;0.032761
05.566;05.586;184;0.043478
05.566;05.587;60;0
05.566;05.588;19;0
05.566;05.589;332;0.042169
05.566;05.590;573;0.04014
05.566;05.591;272;0.011029
05.566;05.592;17;0.117647
05.566;05.593;187;0.016043
05.566;05.594;37;0
05.566;05.595;339;0.0059
05.566;05.596;243;0
05.566;05.597;100;0.05
05.566;05.598;64;0.03125
05.566;05.599;68;0.029412
05.566;05.600;69;0.014493
05.566;05.601;75;0.013333
05.566;05.604;107;0.037383
05.566;05.607;66;0.060606
05.566;05.611;742;0.03504
05.566;05.613;306;0.055556
05.566;05.614;105;0.057143
05.566;05.615;492;0
05.566;05.616;44;0.045455
05.566;22.400;27;0.074074
05.567;05.554;132;0
05.567;05.555;31;0.050314
05.567;05.556;24;0.085714
05.567;05.557;318;0.0375
05.567;05.558;35;0.012103
05.567;05.559;80;0.061947
05.567;05.560;1322;0
05.567;05.561;113;0
05.567;05.562;48;0.022624
05.567;05.563;24;0.052717
05.567;05.564;221;0.005618
05.567;05.565;1233;0
05.567;05.566;356;0.03252
05.567;05.567;0;0
05.567;05.568;681;0.016153
05.567;05.569;739;0.043302
05.567;05.570;665;0.037594
05.567;05.571;648;0.035494
05.567;05.572;1254;0.022329
05.567;05.573;790;0.032911
05.567;05.574;613;0.001631
05.567;05.575;1342;0.02459
05.567;05.576;41;0.04878
05.567;05.577;58;0
05.567;05.578;100;0.01
05.567;05.579;164;0.006098
05.567;05.580;48;0.020833
05.567;05.581;39;0.051282
05.567;05.582;556;0.039568
05.567;05.583;48;0.0625
05.567;05.584;109;0.036697
05.567;05.585;1806;0.007752
05.567;05.586;182;0.021978
05.567;05.587;56;0
05.567;05.588;30;0.033333
05.567;05.589;331;0.042296
05.567;05.590;1140;0.017544
05.567;05.591;739;0.00406
05.567;05.592;22;0.090909
05.567;05.593;156;0.00641
05.567;05.594;36;0.027778
05.567;05.595;1538;0.002601
05.567;05.596;658;0.00152
05.567;05.597;89;0.011236
05.567;05.598;65;0
05.567;05.599;67;0
05.567;05.600;58;0
05.567;05.601;73;0.013699
05.567;05.604;102;0
05.567;05.607;58;0.017241
05.567;05.611;685;0.021898
05.567;05.613;248;0.03629
05.567;05.614;199;0.015075
05.567;05.615;1924;0
05.567;05.616;49;0
05.567;22.400;33;0.030303
05.568;05.554;13;0
05.568;05.555;123;0.001674
05.568;05.556;26;0.005566
05.568;05.557;1195;0
05.568;05.558;539;0
05.568;05.559;69;0
05.568;05.560;55;0
05.568;05.561;55;0.034483
05.568;05.562;67;0.012346
05.568;05.563;58;0.040816
05.568;05.564;81;0.063158
05.568;05.565;49;0.020619
05.568;05.566;760;0.053279
05.568;05.567;194;0
05.568;05.568;0;0
05.568;05.569;820;0.040244
05.568;05.570;774;0.167959
05.568;05.571;564;0.067376
05.568;05.572;479;0.012526
05.568;05.573;727;0.053645
05.568;05.574;168;0
05.568;05.575;463;0.019438
05.568;05.576;31;0.032258
05.568;05.577;62;0
05.568;05.578;101;0
05.568;05.579;136;0
05.568;05.580;40;0.025
05.568;05.581;22;0.045455
05.568;05.582;456;0.024123
05.568;05.583;28;0.107143
05.568;05.584;72;0.013889
05.568;05.585;549;0.014572
05.568;05.586;106;0.028302
05.568;05.587;39;0
05.568;05.588;17;0
05.568;05.589;219;0.018265
05.568;05.590;613;0.040783
05.568;05.591;199;0
05.568;05.592;18;0
05.568;05.593;110;0.009091
05.568;05.594;39;0.051282
05.568;05.595;362;0.002762
05.568;05.596;240;0.008333
05.568;05.597;55;0
05.568;05.598;54;0
05.568;05.599;44;0
05.568;05.600;55;0.018182
05.568;05.601;52;0
05.568;05.604;80;0.0125
05.568;05.607;63;0.015873
05.568;05.611;1124;0.058719
05.568;05.613;220;0.013636
05.568;05.614;130;0.076923
05.568;05.615;413;0
05.568;05.616;29;0
05.568;22.400;37;0.081081
05.569;05.554;244;0.090909
05.569;05.555;1408;0.038462
05.569;05.556;44;0.083871
05.569;05.557;26;0.04267
05.569;05.558;1395;0.069666
05.569;05.559;914;0.016588
05.569;05.560;689;0.022177
05.569;05.561;422;0.109764
05.569;05.562;992;0.108108
05.569;05.563;1485;0.016743
05.569;05.564;962;0.078664
05.569;05.565;657;0.033932
05.569;05.566;928;0.006775
05.569;05.567;501;0.045343
05.569;05.568;738;0.035052
05.569;05.569;0;0
05.569;05.570;341;0.087977
05.569;05.571;623;0.080257
05.569;05.572;545;0.036697
05.569;05.573;1066;0.103189
05.569;05.574;157;0.006369
05.569;05.575;482;0.056017
05.569;05.576;37;0.054054
05.569;05.577;66;0.015152
05.569;05.578;97;0
05.569;05.579;111;0.009009
05.569;05.580;22;0
05.569;05.581;20;0.05
05.569;05.582;378;0.068783
05.569;05.583;18;0.111111
05.569;05.584;115;0.13913
05.569;05.585;562;0.033808
05.569;05.586;167;0.095808
05.569;05.587;54;0.092593
05.569;05.588;26;0
05.569;05.589;310;0.070968
05.569;05.590;814;0.062654
05.569;05.591;168;0.017857
05.569;05.592;21;0.095238
05.569;05.593;188;0.031915
05.569;05.594;36;0.055556
05.569;05.595;350;0.005714
05.569;05.596;242;0.016529
05.569;05.597;75;0
05.569;05.598;61;0
05.569;05.599;53;0
05.569;05.600;76;0.026316
05.569;05.601;51;0.058824
05.569;05.604;108;0.018519
05.569;05.607;71;0
05.569;05.611;819;0.075702
05.569;05.613;194;0.025773
05.569;05.614;84;0.047619
05.569;05.615;379;0
05.569;05.616;32;0
05.569;22.400;23;0
05.570;05.554;816;0.145487
05.570;05.555;485;0.019608
05.570;05.556;2227;0.012469
05.570;05.557;357;0.037267
05.570;05.558;401;0.006098
05.570;05.559;644;0.013917
05.570;05.560;164;0
05.570;05.561;503;0.018868
05.570;05.562;24;0.022727
05.570;05.563;53;0
05.570;05.564;88;0.028571
05.570;05.565;111;0
05.570;05.566;35;0.026022
05.570;05.567;20;0.0625
05.570;05.568;269;0
05.570;05.569;32;0.010101
05.570;05.570;0;0
05.570;05.571;482;0.19917
05.570;05.572;399;0.047619
05.570;05.573;708;0.142655
05.570;05.574;198;0.005051
05.570;05.575;474;0.061181
05.570;05.576;24;0.083333
05.570;05.577;38;0.026316
05.570;05.578;60;0.033333
05.570;05.579;127;0.015748
05.570;05.580;31;0.064516
05.570;05.581;17;0.058824
05.570;05.582;183;0.114754
05.570;05.583;21;0.047619
05.570;05.584;56;0.089286
05.570;05.585;597;0.050251
05.570;05.586;71;0.098592
05.570;05.587;25;0.08
05.570;05.588;18;0
05.570;05.589;176;0.102273
05.570;05.590;810;0.092593
05.570;05.591;241;0.008299
05.570;05.592;12;0.083333
05.570;05.593;71;0.028169
05.570;05.594;18;0
05.570;05.595;458;0.004367
05.570;05.596;195;0
05.570;05.597;43;0.023256
05.570;05.598;30;0
05.570;05.599;32;0.09375
05.570;05.600;37;0.054054
05.570;05.601;26;0.076923
05.570;05.604;51;0.058824
05.570;05.607;36;0.083333
05.570;05.611;555;0.102703
05.570;05.613;146;0.047945
05.570;05.614;2700;0.177037
05.570;05.615;491;0
05.570;05.616;31;0.032258
05.570;22.400;128;0.21875
05.571;05.554;61;0.061728
05.571;05.555;594;0
05.571;05.556;81;0
05.571;05.557;24;0.017341
05.571;05.558;19;0.032303
05.571;05.559;173;0.003676
05.571;05.560;712;0
05.571;05.561;272;0
05.571;05.562;13;0
05.571;05.563;87;0
05.571;05.564;31;0
05.571;05.565;478;0
05.571;05.566;195;0
05.571;05.567;34;0
05.571;05.568;39;0
05.571;05.569;30;0
05.571;05.570;38;0
05.571;05.571;0;0
05.571;05.572;572;0.054196
05.571;05.573;688;0.100291
05.571;05.574;188;0.005319
05.571;05.575;623;0.067416
05.571;05.576;50;0.1
05.571;05.577;51;0.039216
05.571;05.578;73;0.041096
05.571;05.579;103;0.048544
05.571;05.580;77;0.116883
05.571;05.581;46;0.086957
05.571;05.582;520;0.057692
05.571;05.583;57;0.105263
05.571;05.584;141;0.134752
05.571;05.585;682;0.068915
05.571;05.586;169;0.094675
05.571;05.587;98;0.05102
05.571;05.588;37;0.108108
05.571;05.589;429;0.067599
05.571;05.590;766;0.071802
05.571;05.591;242;0.016529
05.571;05.592;24;0
05.571;05.593;204;0.02451
05.571;05.594;35;0.028571
05.571;05.595;385;0.007792
05.571;05.596;256;0.019531
05.571;05.597;96;0.020833
05.571;05.598;50;0
05.571;05.599;59;0
05.571;05.600;88;0.011364
05.571;05.601;68;0.058824
05.571;05.604;139;0.035971
05.571;05.607;91;0.120879
05.571;05.611;552;0.072464
05.571;05.613;246;0.069106
05.571;05.614;143;0.118881
05.571;05.615;462;0.004329
05.571;05.616;32;0
05.571;22.400;44;0.068182
05.572;05.554;44;0
05.572;05.555;60;0.03231
05.572;05.556;37;0.011429
05.572;05.557;619;0.111294
05.572;05.558;175;0
05.572;05.559;1824;0
05.572;05.560;543;0.121951
05.572;05.561;23;0.066265
05.572;05.562;82;0.092672
05.572;05.563;996;0.036961
05.572;05.564;928;0.030996
05.572;05.565;487;0.238406
05.572;05.566;1355;0.123031
05.572;05.567;2609;0.028377
05.572;05.568;1333;0.108511
05.572;05.569;881;0.019763
05.572;05.570;1410;0.010695
05.572;05.571;506;0.097208
05.572;05.572;0;0
05.572;05.573;474;0.052743
05.572;05.574;630;0.001587
05.572;05.575;1414;0.03041
05.572;05.576;42;0
05.572;05.577;68;0
05.572;05.578;98;0.010204
05.572;05.579;166;0
05.572;05.580;75;0.013333
05.572;05.581;47;0.106383
05.572;05.582;641;0.028081
05.572;05.583;62;0.048387
05.572;05.584;141;0.035461
05.572;05.585;1097;0.014585
05.572;05.586;213;0.028169
05.572;05.587;83;0.024096
05.572;05.588;28;0
05.572;05.589;467;0.036403
05.572;05.590;522;0.04023
05.572;05.591;620;0
05.572;05.592;21;0.047619
05.572;05.593;174;0.017241
05.572;05.594;35;0.057143
05.572;05.595;730;0.00137
05.572;05.596;243;0.004115
05.572;05.597;111;0.009009
05.572;05.598;58;0.017241
05.572;05.599;66;0.015152
05.572;05.600;75;0.026667
05.572;05.601;76;0.039474
05.572;05.604;134;0
05.572;05.607;75;0.013333
05.572;05.611;533;0.011257
05.572;05.613;313;0.031949
05.572;05.614;120;0.066667
05.572;05.615;802;0
05.572;05.616;29;0
05.572;22.400;30;0
05.573;05.554;935;0.054409
05.573;05.555;967;0.28392
05.573;05.556;533;0.089985
05.573;05.557;1990;0.004228
05.573;05.558;689;0.077301
05.573;05.559;473;0
05.573;05.560;815;0.030195
05.573;05.561;239;0
05.573;05.562;563;0.017241
05.573;05.563;32;0
05.573;05.564;58;0
05.573;05.565;109;0
05.573;05.566;146;0
05.573;05.567;34;0.051282
05.573;05.568;23;0.041667
05.573;05.569;234;0.036364
05.573;05.570;24;0.015476
05.573;05.571;55;0.078431
05.573;05.572;840;0
05.573;05.573;0;0
05.573;05.574;177;0
05.573;05.575;442;0.056561
05.573;05.576;39;0.076923
05.573;05.577;55;0
05.573;05.578;106;0.009434
05.573;05.579;145;0.027586
05.573;05.580;43;0.046512
05.573;05.581;24;0.041667
05.573;05.582;500;0.084
05.573;05.583;33;0.151515
05.573;05.584;103;0.106796
05.573;05.585;622;0.075563
05.573;05.586;161;0.080745
05.573;05.587;47;0.06383
05.573;05.588;21;0
05.573;05.589;262;0.045802
05.573;05.590;853;0.078546
05.573;05.591;204;0.009804
05.573;05.592;14;0
05.573;05.593;165;0.048485
05.573;05.594;41;0.073171
05.573;05.595;400;0.005
05.573;05.596;266;0.011278
05.573;05.597;90;0.033333
05.573;05.598;65;0.030769
05.573;05.599;55;0.054545
05.573;05.600;71;0.028169
05.573;05.601;54;0
05.573;05.604;109;0.045872
05.573;05.607;59;0.067797
05.573;05.611;768;0.063802
05.573;05.613;242;0.070248
05.573;05.614;118;0.076271
05.573;05.615;429;0
05.573;05.616;48;0.020833
05.573;22.400;35;0.114286
05.574;05.554;102;0
05.574;05.555;31;0.0625
05.574;05.556;16;0.056877
05.574;05.557;192;0
05.574;05.558;967;0
05.574;05.559;314;0.03
05.574;05.560;16;0
05.574;05.561;100;0
05.574;05.562;33;0.006803
05.574;05.563;660;0.022222
05.574;05.564;294;0
05.574;05.565;45;0.027778
05.574;05.566;35;0
05.574;05.567;36;0.022222
05.574;05.568;36;0.064516
05.574;05.569;45;0.075
05.574;05.570;62;0.050445
05.574;05.571;40;0.02
05.574;05.572;674;0.173611
05.574;05.573;200;0
05.574;05.574;0;0
05.574;05.575;589;0.001698
05.574;05.576;209;0.057416
05.574;05.577;20;0
05.574;05.578;46;0
05.574;05.579;80;0.0125
05.574;05.580;17;0
05.574;05.581;66;0.030303
05.574;05.582;168;0.017857
05.574;05.583;62;0
05.574;05.584;48;0.041667
05.574;05.585;669;0.004484
05.574;05.586;72;0.013889
05.574;05.587;84;0.035714
05.574;05.588;5;0
05.574;05.589;200;0.025
05.574;05.590;208;0.009615
05.574;05.591;815;0.004908
05.574;05.592;67;0
05.574;05.593;26;0
05.574;05.594;26;0
05.574;05.595;648;0
05.574;05.596;105;0
05.574;05.597;198;0.020202
05.574;05.598;71;0
05.574;05.599;100;0
05.574;05.600;23;0
05.574;05.601;124;0.024194
05.574;05.604;42;0
05.574;05.607;25;0
05.574;05.611;185;0.005405
05.574;05.613;61;0
05.574;05.614;70;0.014286
05.574;05.615;629;0
05.574;05.616;100;0.02
05.574;22.400;26;0
05.575;05.554;144;0.085714
05.575;05.555;732;0.042553
05.575;05.556;23;0.003656
05.575;05.557;70;0.018018
05.575;05.558;611;0.099338
05.575;05.559;547;0.050909
05.575;05.560;777;0.02291
05.575;05.561;1208;0.042691
05.575;05.562;550;0.016077
05.575;05.563;873;0.005148
05.575;05.564;773;0.044894
05.575;05.565;622;0.059
05.575;05.566;777;0.108333
05.575;05.567;1136;0.036075
05.575;05.568;1000;0.006073
05.575;05.569;840;0.046083
05.575;05.570;693;0.005556
05.575;05.571;494;0.018987
05.575;05.572;1085;0
05.575;05.573;180;0
05.575;05.574;474;0
05.575;05.575;0;0
05.575;05.576;49;0.020408
05.575;05.577;58;0.017241
05.575;05.578;83;0
05.575;05.579;148;0.033784
05.575;05.580;71;0.070423
05.575;05.581;67;0.089552
05.575;05.582;517;0.044487
05.575;05.583;78;0.102564
05.575;05.584;133;0.067669
05.575;05.585;1243;0.042639
05.575;05.586;183;0.016393
05.575;05.587;92;0.065217
05.575;05.588;41;0.02439
05.575;05.589;535;0.078505
05.575;05.590;682;0.039589
05.575;05.591;810;0.002469
05.575;05.592;17;0
05.575;05.593;165;0.018182
05.575;05.594;39;0.051282
05.575;05.595;710;0
05.575;05.596;304;0.006579
05.575;05.597;91;0.010989
05.575;05.598;60;0.016667
05.575;05.599;62;0.016129
05.575;05.600;83;0.012048
05.575;05.601;58;0.017241
05.575;05.604;131;0.045802
05.575;05.607;84;0.035714
05.575;05.611;478;0.027197
05.575;05.613;275;0.08
05.575;05.614;157;0.031847
05.575;05.615;1075;0
05.575;05.616;61;0.032787
05.575;22.400;36;0.083333
05.576;05.554;33;0
05.576;05.555;59;0
05.576;05.556;116;0
05.576;05.557;140;0.018018
05.576;05.558;43;0.034483
05.576;05.559;20;0.037037
05.576;05.560;333;0.011024
05.576;05.561;29;0.017857
05.576;05.562;81;0
05.576;05.563;635;0
05.576;05.564;112;0.016949
05.576;05.565;37;0.031653
05.576;05.566;21;0
05.576;05.567;236;0
05.576;05.568;853;0
05.576;05.569;221;0
05.576;05.570;18;0
05.576;05.571;147;0.011029
05.576;05.572;40;0
05.576;05.573;498;0
05.576;05.574;272;0
05.576;05.575;61;0.019608
05.576;05.576;0;0
05.576;05.577;3;0
05.576;05.578;8;0.011494
05.576;05.579;12;0
05.576;05.580;46;0.015873
05.576;05.581;22;0.090909
05.576;05.582;56;0.125
05.576;05.583;21;0.095238
05.576;05.584;24;0
05.576;05.585;72;0.097222
05.576;05.586;11;0
05.576;05.587;17;0.294118
05.576;05.588;42;0.03944
05.576;05.589;71;0.084507
05.576;05.590;39;0.076923
05.576;05.591;94;0.106383
05.576;05.592;27;0.111111
05.576;05.593;1;0
05.576;05.594;1;0.013158
05.576;05.595;36;0
05.576;05.596;15;0
05.576;05.597;223;0.06278
05.576;05.598;37;0
05.576;05.599;70;0
05.576;05.600;1;0
05.576;05.601;55;0.145455
05.576;05.604;4;0
05.576;05.607;3;0.022222
05.576;05.611;53;0.037736
05.576;05.613;15;0.066667
05.576;05.614;17;0.058824
05.576;05.615;59;0
05.576;05.616;75;0.093333
05.576;22.400;6;0.005396
05.577;05.554;51;0.027167
05.577;05.555;60;0.114634
05.577;05.556;87;0.094118
05.577;05.557;63;0.022617
05.577;05.558;786;0.080344
05.577;05.559;210;0.054545
05.577;05.560;76;0.017857
05.577;05.561;512;0.065817
05.577;05.562;40;0.026316
05.577;05.563;45;0.172457
05.577;05.564;1112;0.06087
05.577;05.565;773;0.014006
05.577;05.566;820;0.046748
05.577;05.567;595;0
05.577;05.568;619;0.033333
05.577;05.569;697;0.020833
05.577;05.570;385;0.02381
05.577;05.571;616;0
05.577;05.572;471;0.010753
05.577;05.573;380;0.058824
05.577;05.574;806;0.047619
05.577;05.575;460;0.04461
05.577;05.576;357;0.037037
05.577;05.577;0;0
05.577;05.578;178;0.095506
05.577;05.579;42;0
05.577;05.580;54;0.074074
05.577;05.581;2;0.047619
05.577;05.582;49;0.020408
05.577;05.583;1;0.015707
05.577;05.584;55;0.036364
05.577;05.585;65;0.046154
05.577;05.586;15;0.066667
05.577;05.587;4;0.028571
05.577;05.588;12;0
05.577;05.589;68;0.029412
05.577;05.590;25;0.04
05.577;05.591;26;0
05.577;05.592;6;0.033898
05.577;05.593;40;0
05.577;05.594;159;0.062893
05.577;05.595;31;0.032258
05.577;05.596;35;0.028571
05.577;05.597;2;0
05.577;05.598;2;0.037037
05.577;05.599;2;0.034358
05.577;05.600;9;0.004739
05.577;05.601;5;0.055556
05.577;05.604;52;0.038462
05.577;05.607;36;0.083333
05.577;05.611;64;0
05.577;05.613;79;0.012658
05.577;05.614;10;0
05.577;05.615;48;0
05.577;05.616;16;0.0625
05.577;22.400;5;0
05.578;05.554;492;0.034483
05.578;05.555;194;0
05.578;05.556;420;0
05.578;05.557;48;0.011364
05.578;05.558;42;0.015873
05.578;05.559;50;0
05.578;05.560;93;0.045455
05.578;05.561;68;0
05.578;05.562;42;0.011905
05.578;05.563;269;0.032258
05.578;05.564;54;0.028061
05.578;05.565;105;0.033333
05.578;05.566;573;0.134375
05.578;05.567;105;0
05.578;05.568;59;0
05.578;05.569;44;0.073171
05.578;05.570;216;0.007634
05.578;05.571;553;0.045738
05.578;05.572;211;0.026403
05.578;05.573;18;0.011765
05.578;05.574;123;0.02649
05.578;05.575;29;0.015831
05.578;05.576;519;0.00381
05.578;05.577;225;0.017817
05.578;05.578;0;0
05.578;05.579;42;0
05.578;05.580;58;0.103448
05.578;05.581;4;0.015075
05.578;05.582;85;0.047059
05.578;05.583;7;0.054688
05.578;05.584;52;0.076923
05.578;05.585;82;0.012195
05.578;05.586;21;0
05.578;05.587;7;0.022422
05.578;05.588;11;0
05.578;05.589;95;0.042105
05.578;05.590;64;0
05.578;05.591;34;0
05.578;05.592;12;0
05.578;05.593;34;0
05.578;05.594;160;0.0875
05.578;05.595;37;0
05.578;05.596;27;0
05.578;05.597;7;0.005764
05.578;05.598;8;0.016471
05.578;05.599;8;0
05.578;05.600;10;0
05.578;05.601;16;0
05.578;05.604;36;0.055556
05.578;05.607;34;0.029412
05.578;05.611;109;0.009174
05.578;05.613;79;0.012658
05.578;05.614;15;0
05.578;05.615;54;0
05.578;05.616;16;0
05.578;22.400;2;0.008955
05.579;05.554;88;0.036364
05.579;05.555;63;0.029412
05.579;05.556;60;0.02381
05.579;05.557;66;0
05.579;05.558;41;0
05.579;05.559;84;0
05.579;05.560;62;0.014035
05.579;05.561;392;0.016393
05.579;05.562;150;0
05.579;05.563;320;0.019108
05.579;05.564;513;0.036232
05.579;05.565;144;0
05.579;05.566;41;0
05.579;05.567;524;0.015873
05.579;05.568;481;0.006593
05.579;05.569;303;0
05.579;05.570;510;0
05.579;05.571;453;0.007692
05.579;05.572;379;0.03125
05.579;05.573;525;0.006818
05.579;05.574;449;0.014706
05.579;05.575;398;0.019417
05.579;05.576;384;0.026667
05.579;05.577;446;0.011905
05.579;05.578;347;0.0125
05.579;05.579;0;0
05.579;05.580;27;0
05.579;05.581;264;0.060606
05.579;05.582;146;0.041096
05.579;05.583;284;0.080986
05.579;05.584;75;0.12
05.579;05.585;169;0.017751
05.579;05.586;72;0.069444
05.579;05.587;46;0.043478
05.579;05.588;8;0.019608
05.579;05.589;149;0.060403
05.579;05.590;93;0.032258
05.579;05.591;74;0.013514
05.579;05.592;16;0.1875
05.579;05.593;13;0
05.579;05.594;12;0
05.579;05.595;75;0
05.579;05.596;51;0
05.579;05.597;31;0.032258
05.579;05.598;19;0
05.579;05.599;25;0
05.579;05.600;9;0.020202
05.579;05.601;66;0.030303
05.579;05.604;13;0
05.579;05.607;10;0
05.579;05.611;140;0.021429
05.579;05.613;160;0.04375
05.579;05.614;22;0.045455
05.579;05.615;119;0
05.579;05.616;45;0.111111
05.579;22.400;4;0
05.580;05.554;425;0
05.580;05.555;184;0.007246
05.580;05.556;335;0.028037
05.580;05.557;55;0
05.580;05.558;34;0.033457
05.580;05.559;42;0.076923
05.580;05.560;83;0.048464
05.580;05.561;56;0.076923
05.580;05.562;47;0.003465
05.580;05.563;285;0.051046
05.580;05.564;61;0.008403
05.580;05.565;109;0.001931
05.580;05.566;471;0.032733
05.580;05.567;138;0.010288
05.580;05.568;77;0.092539
05.580;05.569;54;0.022184
05.580;05.570;252;0.001153
05.580;05.571;455;0.012433
05.580;05.572;190;0
05.580;05.573;24;0.005259
05.580;05.574;130;0
05.580;05.575;32;0.026316
05.580;05.576;440;0.018519
05.580;05.577;204;0
05.580;05.578;103;0
05.580;05.579;75;0
05.580;05.580;0;0
05.580;05.581;5;0.013468
05.580;05.582;72;0.055556
05.580;05.583;8;0
05.580;05.584;213;0.084507
05.580;05.585;72;0.055556
05.580;05.586;31;0
05.580;05.587;3;0.028986
05.580;05.588;23;0.043478
05.580;05.589;131;0.030534
05.580;05.590;41;0.073171
05.580;05.591;12;0
05.580;05.592;4;0.001259
05.580;05.593;65;0
05.580;05.594;60;0.083333
05.580;05.595;51;0.019608
05.580;05.596;59;0
05.580;05.597;1;0.018868
05.580;05.598;2;0
05.580;05.599;1;0
05.580;05.600;13;0
05.580;05.601;4;0.030702
05.580;05.604;72;0
05.580;05.607;74;0.040541
05.580;05.611;48;0
05.580;05.613;226;0.070796
05.580;05.614;13;0
05.580;05.615;46;0
05.580;05.616;58;0.017241
05.580;22.400;5;0.012393
05.581;05.554;84;0.001314
05.581;05.555;80;0
05.581;05.556;51;0.011364
05.581;05.557;99;0
05.581;05.558;72;0.00122
05.581;05.559;444;0.001712
05.581;05.560;138;0
05.581;05.561;107;0
05.581;05.562;416;0
05.581;05.563;269;0.018868
05.581;05.564;39;0.026316
05.581;05.565;1465;0.027027
05.581;05.566;1105;0
05.581;05.567;1443;0.021667
05.581;05.568;1959;0.019737
05.581;05.569;595;0.0625
05.581;05.570;2072;0
05.581;05.571;611;0
05.581;05.572;486;0.1
05.581;05.573;1394;0.166667
05.581;05.574;586;0.042725
05.581;05.575;867;0.156322
05.581;05.576;563;0.046512
05.581;05.577;572;0.019824
05.581;05.578;1141;0.102814
05.581;05.579;31;0.098177
05.581;05.580;38;0.328042
05.581;05.581;0;0
05.581;05.582;48;0
05.581;05.583;369;0.094851
05.581;05.584;92;0.141304
05.581;05.585;60;0.016667
05.581;05.586;79;0.088608
05.581;05.587;62;0.064516
05.581;05.588;1;0.15107
05.581;05.589;103;0.07767
05.581;05.590;31;0.129032
05.581;05.591;28;0
05.581;05.592;13;0
05.581;05.593;1;0.016162
05.581;05.594;1;0.077058
05.581;05.595;28;0
05.581;05.596;9;0
05.581;05.597;47;0.021277
05.581;05.598;29;0.034483
05.581;05.599;51;0
05.581;05.600;54;0.046358
05.581;05.601;71;0.070423
05.581;05.604;1;0.074074
05.581;05.607;1;0
05.581;05.611;45;0.044444
05.581;05.613;45;0.111111
05.581;05.614;23;0.043478
05.581;05.615;50;0
05.581;05.616;71;0.028169
05.581;22.400;4;0.018868
05.582;05.554;99;0
05.582;05.555;32;0.052632
05.582;05.556;20;0.043478
05.582;05.557;297;0.0625
05.582;05.558;26;0.12
05.582;05.559;69;0.0625
05.582;05.560;1588;0.03079
05.582;05.561;106;0.112245
05.582;05.562;52;0.086957
05.582;05.563;26;0
05.582;05.564;228;0.075472
05.582;05.565;1049;0.088152
05.582;05.566;761;0.002725
05.582;05.567;16;0.058824
05.582;05.568;88;0.037383
05.582;05.569;21;0.055556
05.582;05.570;1640;0.00304
05.582;05.571;584;0.007018
05.582;05.572;63;0
05.582;05.573;57;0
05.582;05.574;48;0.020833
05.582;05.575;53;0.041667
05.582;05.576;38;0.019231
05.582;05.577;74;0.014925
05.582;05.578;46;0.02
05.582;05.579;600;0.088452
05.582;05.580;152;0.02
05.582;05.581;368;0.157757
05.582;05.582;0;0
05.582;05.583;36;0.055556
05.582;05.584;173;0.109827
05.582;05.585;543;0.047882
05.582;05.586;204;0.044118
05.582;05.587;114;0.035088
05.582;05.588;62;0
05.582;05.589;597;0.043551
05.582;05.590;422;0.056872
05.582;05.591;150;0.02
05.582;05.592;29;0.034483
05.582;05.593;182;0.021978
05.582;05.594;37;0.027027
05.582;05.595;256;0
05.582;05.596;238;0.021008
05.582;05.597;151;0.046358
05.582;05.598;74;0.013514
05.582;05.599;82;0.036585
05.582;05.600;103;0.029126
05.582;05.601;94;0.053191
05.582;05.604;179;0.039106
05.582;05.607;114;0.04386
05.582;05.611;563;0.056838
05.582;05.613;335;0.068657
05.582;05.614;72;0.111111
05.582;05.615;275;0
05.582;05.616;56;0.017857
05.582;22.400;16;0.0625
05.583;05.554;1981;0
05.583;05.555;38;0
05.583;05.556;70;0.205882
05.583;05.557;1386;0.057034
05.583;05.558;866;0.18964
05.583;05.559;1305;0.076923
05.583;05.560;516;0.017717
05.583;05.561;908;0.080378
05.583;05.562;924;0.089385
05.583;05.563;713;0.187023
05.583;05.564;2079;0.108571
05.583;05.565;748;0.03537
05.583;05.566;495;0.095723
05.583;05.567;571;0
05.583;05.568;222;0.055156
05.583;05.569;604;0.0625
05.583;05.570;27;0
05.583;05.571;58;0
05.583;05.572;106;0
05.583;05.573;151;0
05.583;05.574;38;0
05.583;05.575;23;0.080569
05.583;05.576;304;0
05.583;05.577;25;0.073171
05.583;05.578;64;0.0375
05.583;05.579;747;0.018519
05.583;05.580;98;0.095238
05.583;05.581;23;0
05.583;05.582;27;0.041958
05.583;05.583;0;0
05.583;05.584;108;0.185185
05.583;05.585;66;0.106061
05.583;05.586;91;0.098901
05.583;05.587;84;0.071429
05.583;05.588;1;0.073314
05.583;05.589;119;0.12605
05.583;05.590;32;0.03125
05.583;05.591;31;0.096774
05.583;05.592;18;0.222222
05.583;05.593;1;0.005376
05.583;05.594;1;0
05.583;05.595;27;0
05.583;05.596;12;0
05.583;05.597;37;0.027027
05.583;05.598;19;0.052632
05.583;05.599;34;0.058824
05.583;05.600;1;0.033333
05.583;05.601;98;0.05102
05.583;05.604;1;0
05.583;05.607;1;0.002688
05.583;05.611;50;0.08
05.583;05.613;62;0.177419
05.583;05.614;17;0
05.583;05.615;53;0
05.583;05.616;75;0.04
05.583;22.400;4;0.011834
05.584;05.554;212;0
05.584;05.555;1055;0.041667
05.584;05.556;367;0
05.584;05.557;17;0
05.584;05.558;107;0.043478
05.584;05.559;36;0.05
05.584;05.560;658;0.043478
05.584;05.561;285;0.081818
05.584;05.562;55;0.036145
05.584;05.563;50;0.118915
05.584;05.564;48;0
05.584;05.565;48;0
05.584;05.566;52;0.135135
05.584;05.567;67;0.022939
05.584;05.568;50;0.050299
05.584;05.569;814;0.01418
05.584;05.570;200;0.026786
05.584;05.571;767;0.072939
05.584;05.572;760;0.069592
05.584;05.573;33;0.049573
05.584;05.574;68;0.027132
05.584;05.575;526;0.066955
05.584;05.576;2336;0.004695
05.584;05.577;312;0.034934
05.584;05.578;508;0.044444
05.584;05.579;423;0.040816
05.584;05.580;358;0.02381
05.584;05.581;2358;0.006494
05.584;05.582;525;0.043478
05.584;05.583;311;0.041667
05.584;05.584;0;0
05.584;05.585;151;0.05298
05.584;05.586;98;0.081633
05.584;05.587;59;0.118644
05.584;05.588;44;0
05.584;05.589;219;0.091324
05.584;05.590;86;0.081395
05.584;05.591;44;0.068182
05.584;05.592;16;0.0625
05.584;05.593;122;0.008197
05.584;05.594;49;0.040816
05.584;05.595;109;0.018349
05.584;05.596;92;0.01087
05.584;05.597;46;0.065217
05.584;05.598;39;0.051282
05.584;05.599;43;0
05.584;05.600;65;0
05.584;05.601;56;0.053571
05.584;05.604;118;0.025424
05.584;05.607;109;0.036697
05.584;05.611;112;0.035714
05.584;05.613;298;0.077181
05.584;05.614;32;0.03125
05.584;05.615;80;0
05.584;05.616;71;0.042254
05.584;22.400;7;0.050955
05.585;05.554;491;0
05.585;05.555;130;0.034483
05.585;05.556;417;0.028019
05.585;05.557;16;0.041667
05.585;05.558;17;0.042553
05.585;05.559;27;0
05.585;05.560;50;0.016529
05.585;05.561;21;0.028523
05.585;05.562;11;0.003448
05.585;05.563;211;0
05.585;05.564;8;0
05.585;05.565;41;0
05.585;05.566;480;0
05.585;05.567;54;0.001565
05.585;05.568;21;0.011364
05.585;05.569;16;0
05.585;05.570;143;0.019231
05.585;05.571;682;0.015625
05.585;05.572;186;0.019231
05.585;05.573;3;0.012658
05.585;05.574;60;0.055556
05.585;05.575;10;0.031509
05.585;05.576;372;0.021505
05.585;05.577;169;0.043478
05.585;05.578;35;0
05.585;05.579;24;0.037736
05.585;05.580;20;0
05.585;05.581;27;0.02993
05.585;05.582;23;0.01511
05.585;05.583;40;0.050633
05.585;05.584;23;0.045977
05.585;05.585;0;0
05.585;05.586;207;0.033816
05.585;05.587;96;0.020833
05.585;05.588;41;0
05.585;05.589;506;0.05336
05.585;05.590;837;0.033453
05.585;05.591;716;0.00838
05.585;05.592;30;0.033333
05.585;05.593;191;0.015707
05.585;05.594;42;0.02381
05.585;05.595;1587;0.00189
05.585;05.596;632;0.004747
05.585;05.597;134;0.029851
05.585;05.598;76;0.039474
05.585;05.599;88;0.045455
05.585;05.600;88;0.011364
05.585;05.601;73;0.013699
05.585;05.604;193;0.015544
05.585;05.607;64;0
05.585;05.611;530;0.022642
05.585;05.613;322;0.065217
05.585;05.614;183;0.043716
05.585;05.615;1527;0
05.585;05.616;76;0.078947
05.585;22.400;43;0.023256
05.586;05.554;330;0.251071
05.586;05.555;83;0.070076
05.586;05.556;1438;0.004329
05.586;05.557;390;0.059557
05.586;05.558;20;0
05.586;05.559;148;0.020761
05.586;05.560;1395;0.111111
05.586;05.561;835;0.025
05.586;05.562;1622;0.02381
05.586;05.563;672;0.015504
05.586;05.564;946;0
05.586;05.565;661;0
05.586;05.566;585;0.056782
05.586;05.567;516;0.04
05.586;05.568;926;0.015873
05.586;05.569;213;0.008942
05.586;05.570;687;0.029703
05.586;05.571;45;0.020408
05.586;05.572;49;0
05.586;05.573;84;0.029703
05.586;05.574;154;0.028409
05.586;05.575;46;0.006557
05.586;05.576;24;0.2
05.586;05.577;471;0.011494
05.586;05.578;29;0
05.586;05.579;87;0.000883
05.586;05.580;1499;0.001976
05.586;05.581;144;0
05.586;05.582;47;0
05.586;05.583;26;0.046512
05.586;05.584;242;0.023256
05.586;05.585;1192;0.061224
05.586;05.586;0;0
05.586;05.587;308;0.061688
05.586;05.588;12;0
05.586;05.589;276;0.050725
05.586;05.590;153;0.091503
05.586;05.591;53;0.018868
05.586;05.592;9;0
05.586;05.593;191;0.031414
05.586;05.594;12;0
05.586;05.595;97;0
05.586;05.596;63;0
05.586;05.597;46;0
05.586;05.598;32;0.03125
05.586;05.599;41;0.02439
05.586;05.600;20;0.05
05.586;05.601;107;0.037383
05.586;05.604;40;0
05.586;05.607;33;0.030303
05.586;05.611;131;0.038168
05.586;05.613;217;0.059908
05.586;05.614;41;0.121951
05.586;05.615;119;0
05.586;05.616;44;0
05.586;22.400;12;0
05.587;05.554;290;0
05.587;05.555;16;0.046296
05.587;05.556;143;0.011299
05.587;05.557;35;0.153846
05.587;05.558;1103;0
05.587;05.559;639;0
05.587;05.560;88;0.185185
05.587;05.561;58;0.035824
05.587;05.562;52;0.023155
05.587;05.563;64;0.062722
05.587;05.564;52;0.105023
05.587;05.565;79;0.060995
05.587;05.566;54;0.03125
05.587;05.567;603;0.077037
05.587;05.568;186;0.005952
05.587;05.569;161;0.026667
05.587;05.570;1272;0.093023
05.587;05.571;53;0
05.587;05.572;24;0.028302
05.587;05.573;568;0.02139
05.587;05.574;1456;0.052632
05.587;05.575;632;0.093023
05.587;05.576;522;0.052474
05.587;05.577;1868;0.106383
05.587;05.578;528;0.081818
05.587;05.579;462;0.032761
05.587;05.580;722;0.043478
05.587;05.581;241;0
05.587;05.582;578;0
05.587;05.583;27;0.042169
05.587;05.584;40;0.04014
05.587;05.585;84;0.011029
05.587;05.586;129;0.117647
05.587;05.587;0;0
05.587;05.588;34;0.016043
05.587;05.589;173;0.046243
05.587;05.590;53;0.075472
05.587;05.591;35;0
05.587;05.592;13;0.230769
05.587;05.593;25;0
05.587;05.594;3;0.0059
05.587;05.595;48;0
05.587;05.596;24;0
05.587;05.597;34;0.147059
05.587;05.598;24;0.083333
05.587;05.599;32;0
05.587;05.600;2;0
05.587;05.601;105;0.028571
05.587;05.604;317;0.05
05.587;05.607;2;0.03125
05.587;05.611;67;0.014925
05.587;05.613;155;0.070968
05.587;05.614;21;0
05.587;05.615;77;0
05.587;05.616;58;0.051724
05.587;22.400;8;0.029412
05.588;05.554;25;0.014493
05.588;05.555;63;0.013333
05.588;05.556;1342;0.037383
05.588;05.557;101;0.060606
05.588;05.558;49;0.03504
05.588;05.559;17;0.055556
05.588;05.560;202;0.057143
05.588;05.561;880;0
05.588;05.562;305;0.045455
05.588;05.563;20;0.074074
05.588;05.564;87;0.016153
05.588;05.565;25;0.043302
05.588;05.566;1132;0.037594
05.588;05.567;506;0.035494
05.588;05.568;62;0.022329
05.588;05.569;51;0.032911
05.588;05.570;43;0.001631
05.588;05.571;43;0.02459
05.588;05.572;49;0.04878
05.588;05.573;68;0
05.588;05.574;33;0.01
05.588;05.575;540;0.006098
05.588;05.576;177;0.020833
05.588;05.577;728;0.051282
05.588;05.578;1208;0.039568
05.588;05.579;30;0.0625
05.588;05.580;108;0.036697
05.588;05.581;977;0.007752
05.588;05.582;691;0.021978
05.588;05.583;845;0
05.588;05.584;438;0.033333
05.588;05.585;623;0.042296
05.588;05.586;608;0.017544
05.588;05.587;675;0.00406
05.588;05.588;0;0
05.588;05.589;61;0
05.588;05.590;37;0.027027
05.588;05.591;6;0.090909
05.588;05.592;168;0.00641
05.588;05.593;122;0.02459
05.588;05.594;20;0
05.588;05.595;53;0
05.588;05.596;37;0
05.588;05.597;525;0.027778
05.588;05.598;3;0.002601
05.588;05.599;43;0.00152
05.588;05.600;17;0
05.588;05.601;2;0.011236
05.588;05.604;81;0
05.588;05.607;37;0.081081
05.588;05.611;41;0
05.588;05.613;92;0.01087
05.588;05.614;7;0
05.588;05.615;40;0
05.588;05.616;160;0.0125
05.588;22.400;11;0
05.589;05.554;64;0
05.589;05.555;106;0
05.589;05.556;187;0.013699
05.589;05.557;57;0
05.589;05.558;43;0.017241
05.589;05.559;667;0.021898
05.589;05.560;47;0.03629
05.589;05.561;110;0.015075
05.589;05.562;641;0
05.589;05.563;184;0
05.589;05.564;60;0.030303
05.589;05.565;19;0.040244
05.589;05.566;332;0.167959
05.589;05.567;573;0.067376
05.589;05.568;272;0.012526
05.589;05.569;17;0.053645
05.589;05.570;187;0
05.589;05.571;37;0.019438
05.589;05.572;339;0.032258
05.589;05.573;243;0
05.589;05.574;100;0
05.589;05.575;64;0
05.589;05.576;68;0.025
05.589;05.577;69;0.045455
05.589;05.578;75;0.024123
05.589;05.579;107;0.107143
05.589;05.580;66;0.013889
05.589;05.581;742;0.014572
05.589;05.582;306;0.028302
05.589;05.583;105;0
05.589;05.584;492;0
05.589;05.585;44;0.018265
05.589;05.586;27;0.040783
05.589;05.587;681;0
05.589;05.588;739;0
05.589;05.589;0;0
05.589;05.590;301;0.056478
05.589;05.591;170;0.017647
05.589;05.592;23;0.043478
05.589;05.593;271;0.01845
05.589;05.594;79;0.037975
05.589;05.595;239;0.016736
05.589;05.596;257;0.023346
05.589;05.597;152;0.019737
05.589;05.598;90;0.022222
05.589;05.599;107;0.009346
05.589;05.600;121;0.049587
05.589;05.601;90;0.055556
05.589;05.604;234;0.038462
05.589;05.607;137;0.014599
05.589;05.611;338;0.032544
05.589;05.613;369;0.062331
05.589;05.614;66;0.030303
05.589;05.615;248;0
05.589;05.616;105;0.028571
05.589;22.400;20;0
05.590;05.554;665;0.009091
05.590;05.555;648;0.051282
05.590;05.556;1254;0.002762
05.590;05.557;790;0.008333
05.590;05.558;613;0
05.590;05.559;1342;0
05.590;05.560;41;0
05.590;05.561;58;0.018182
05.590;05.562;100;0
05.590;05.563;164;0.0125
05.590;05.564;48;0.015873
05.590;05.565;39;0.058719
05.590;05.566;556;0.013636
05.590;05.567;48;0.076923
05.590;05.568;109;0
05.590;05.569;1806;0
05.590;05.570;182;0.081081
05.590;05.571;56;0.087977
05.590;05.572;30;0.080257
05.590;05.573;331;0.036697
05.590;05.574;1140;0.103189
05.590;05.575;739;0.006369
05.590;05.576;22;0.056017
05.590;05.577;156;0.054054
05.590;05.578;36;0.015152
05.590;05.579;1538;0
05.590;05.580;658;0.009009
05.590;05.581;89;0
05.590;05.582;65;0.05
05.590;05.583;67;0.068783
05.590;05.584;58;0.111111
05.590;05.585;73;0.13913
05.590;05.586;102;0.033808
05.590;05.587;58;0.095808
05.590;05.588;685;0.092593
05.590;05.589;248;0
05.590;05.590;0;0
05.590;05.591;220;0
05.590;05.592;21;0
05.590;05.593;142;0.007042
05.590;05.594;24;0
05.590;05.595;664;0
05.590;05.596;341;0.008798
05.590;05.597;77;0.012987
05.590;05.598;55;0.018182
05.590;05.599;52;0
05.590;05.600;66;0
05.590;05.601;38;0.026316
05.590;05.604;102;0.068627
05.590;05.607;61;0.114754
05.590;05.611;560;0.046429
05.590;05.613;195;0.025641
05.590;05.614;293;0.064846
05.590;05.615;835;0
05.590;05.616;70;0.085714
05.590;22.400;36;0.027778
05.591;05.554;199;0.070968
05.591;05.555;1924;0.062654
05.591;05.556;49;0.017857
05.591;05.557;33;0.095238
05.591;05.558;820;0.031915
05.591;05.559;774;0.055556
05.591;05.560;564;0.005714
05.591;05.561;479;0.016529
05.591;05.562;727;0
05.591;05.563;168;0
05.591;05.564;463;0
05.591;05.565;31;0.026316
05.591;05.566;62;0.058824
05.591;05.567;101;0.018519
05.591;05.568;136;0
05.591;05.569;40;0.075702
05.591;05.570;22;0.025773
05.591;05.571;456;0.047619
05.591;05.572;28;0
05.591;05.573;72;0
05.591;05.574;549;0
05.591;05.575;106;0.19917
05.591;05.576;39;0.047619
05.591;05.577;17;0.142655
05.591;05.578;219;0.005051
05.591;05.579;613;0.061181
05.591;05.580;199;0.083333
05.591;05.581;18;0.026316
05.591;05.582;110;0.033333
05.591;05.583;39;0.015748
05.591;05.584;362;0.064516
05.591;05.585;240;0.058824
05.591;05.586;55;0.114754
05.591;05.587;54;0.047619
05.591;05.588;44;0.089286
05.591;05.589;55;0.050251
05.591;05.590;52;0.098592
05.591;05.591;0;0
05.591;05.592;63;0.111111
05.591;05.593;25;0
05.591;05.594;19;0
05.591;05.595;732;0
05.591;05.596;125;0
05.591;05.597;92;0.054348
05.591;05.598;39;0
05.591;05.599;54;0.018519
05.591;05.600;21;0
05.591;05.601;86;0.034884
05.591;05.604;40;0
05.591;05.607;27;0
05.591;05.611;201;0.004975
05.591;05.613;79;0.025316
05.591;05.614;94;0.010638
05.591;05.615;802;0
05.591;05.616;45;0.066667
05.591;22.400;24;0
05.592;05.554;80;0.08
05.592;05.555;63;0
05.592;05.556;1124;0.102273
05.592;05.557;220;0.092593
05.592;05.558;130;0.008299
05.592;05.559;413;0.083333
05.592;05.560;29;0.028169
05.592;05.561;37;0
05.592;05.562;341;0.004367
05.592;05.563;623;0
05.592;05.564;545;0.023256
05.592;05.565;1066;0
05.592;05.566;157;0.09375
05.592;05.567;482;0.054054
05.592;05.568;37;0.076923
05.592;05.569;66;0.058824
05.592;05.570;97;0.083333
05.592;05.571;111;0.102703
05.592;05.572;22;0.047945
05.592;05.573;20;0.177037
05.592;05.574;378;0
05.592;05.575;18;0.032258
05.592;05.576;115;0.21875
05.592;05.577;562;0.054196
05.592;05.578;167;0.100291
05.592;05.579;54;0.005319
05.592;05.580;26;0.067416
05.592;05.581;310;0.1
05.592;05.582;814;0.039216
05.592;05.583;168;0.041096
05.592;05.584;21;0.048544
05.592;05.585;188;0.116883
05.592;05.586;36;0.086957
05.592;05.587;350;0.057692
05.592;05.588;242;0.105263
05.592;05.589;75;0.134752
05.592;05.590;61;0.068915
05.592;05.591;53;0.094675
05.592;05.592;0;0
05.592;05.593;5;0.05102
05.592;05.594;2;0.108108
05.592;05.595;5;0.067599
05.592;05.596;1;0.071802
05.592;05.597;4;0.016529
05.592;05.598;8;0
05.592;05.599;6;0.02451
05.592;05.600;76;0.028571
05.592;05.601;30;0
05.592;05.604;51;0.007792
05.592;05.607;1;0.019531
05.592;05.611;16;0
05.592;05.613;19;0.052632
05.592;05.614;1;0.020833
05.592;05.615;15;0
05.592;05.616;31;0.064516
05.592;22.400;3;0
05.593;05.554;108;0
05.593;05.555;71;0.011364
05.593;05.556;819;0.058824
05.593;05.557;194;0.035971
05.593;05.558;84;0.120879
05.593;05.559;379;0.072464
05.593;05.560;32;0.069106
05.593;05.561;23;0.118881
05.593;05.562;482;0.004329
05.593;05.563;399;0
05.593;05.564;708;0.068182
05.593;05.565;198;0.052743
05.593;05.566;474;0.001587
05.593;05.567;24;0.03041
05.593;05.568;38;0
05.593;05.569;60;0
05.593;05.570;127;0.010204
05.593;05.571;31;0
05.593;05.572;17;0.013333
05.593;05.573;183;0.106383
05.593;05.574;21;0.028081
05.593;05.575;56;0.048387
05.593;05.576;597;0.035461
05.593;05.577;71;0.014585
05.593;05.578;25;0.028169
05.593;05.579;18;0.024096
05.593;05.580;176;0
05.593;05.581;810;0.036403
05.593;05.582;241;0.04023
05.593;05.583;12;0
05.593;05.584;71;0.047619
05.593;05.585;18;0.017241
05.593;05.586;458;0.057143
05.593;05.587;195;0.00137
05.593;05.588;43;0.004115
05.593;05.589;30;0.009009
05.593;05.590;32;0.017241
05.593;05.591;37;0.015152
05.593;05.592;26;0.026667
05.593;05.593;0;0
05.593;05.594;38;0.052632
05.593;05.595;190;0.005263
05.593;05.596;195;0
05.593;05.597;1;0.039474
05.593;05.598;1;0
05.593;05.599;3;0.013333
05.593;05.600;142;0.021127
05.593;05.601;1;0.011257
05.593;05.604;258;0.007752
05.593;05.607;162;0.024691
05.593;05.611;143;0.013986
05.593;05.613;401;0.029925
05.593;05.614;37;0.027027
05.593;05.615;100;0
05.593;05.616;75;0.013333
05.593;22.400;20;0
05.594;05.554;51;0.031949
05.594;05.555;36;0.066667
05.594;05.556;555;0
05.594;05.557;146;0
05.594;05.558;2700;0
05.594;05.559;491;0
05.594;05.560;31;0.056561
05.594;05.561;128;0.076923
05.594;05.562;572;0
05.594;05.563;688;0.009434
05.594;05.564;188;0.027586
05.594;05.565;623;0.046512
05.594;05.566;50;0.041667
05.594;05.567;51;0.084
05.594;05.568;73;0.151515
05.594;05.569;103;0.106796
05.594;05.570;77;0.075563
05.594;05.571;46;0.080745
05.594;05.572;520;0.06383
05.594;05.573;57;0
05.594;05.574;141;0.045802
05.594;05.575;682;0.078546
05.594;05.576;169;0.009804
05.594;05.577;98;0
05.594;05.578;37;0.048485
05.594;05.579;429;0.073171
05.594;05.580;766;0.005
05.594;05.581;242;0.011278
05.594;05.582;24;0.033333
05.594;05.583;204;0.030769
05.594;05.584;35;0.054545
05.594;05.585;385;0.028169
05.594;05.586;256;0
05.594;05.587;96;0.045872
05.594;05.588;50;0.067797
05.594;05.589;59;0.063802
05.594;05.590;88;0.070248
05.594;05.591;68;0.076271
05.594;05.592;139;0
05.594;05.593;91;0.020833
05.594;05.594;0;0
05.594;05.595;33;0
05.594;05.596;29;0.034483
05.594;05.597;2;0.114286
05.594;05.598;2;0.001698
05.594;05.599;1;0.057416
05.594;05.600;5;0
05.594;05.601;9;0
05.594;05.604;52;0.038462
05.594;05.607;38;0.026316
05.594;05.611;45;0.022222
05.594;05.613;53;0.09434
05.594;05.614;9;0.0125
05.594;05.615;34;0
05.594;05.616;27;0.037037
05.594;22.400;1;0
05.595;05.554;552;0.030303
05.595;05.555;246;0.017857
05.595;05.556;143;0
05.595;05.557;462;0.041667
05.595;05.558;32;0.004484
05.595;05.559;44;0.013889
05.595;05.560;474;0.035714
05.595;05.561;630;0
05.595;05.562;1414;0.025
05.595;05.563;42;0.009615
05.595;05.564;68;0.004908
05.595;05.565;98;0
05.595;05.566;166;0
05.595;05.567;75;0
05.595;05.568;47;0
05.595;05.569;641;0
05.595;05.570;62;0.020202
05.595;05.571;141;0
05.595;05.572;1097;0
05.595;05.573;213;0
05.595;05.574;83;0.024194
05.595;05.575;28;0
05.595;05.576;467;0
05.595;05.577;522;0.005405
05.595;05.578;620;0
05.595;05.579;21;0.014286
05.595;05.580;174;0
05.595;05.581;35;0.02
05.595;05.582;730;0
05.595;05.583;243;0.020408
05.595;05.584;111;0.017241
05.595;05.585;58;0
05.595;05.586;66;0.033784
05.595;05.587;75;0.070423
05.595;05.588;76;0.089552
05.595;05.589;134;0.044487
05.595;05.590;75;0.102564
05.595;05.591;533;0.067669
05.595;05.592;313;0.042639
05.595;05.593;120;0.016393
05.595;05.594;802;0.065217
05.595;05.595;0;0
05.595;05.596;852;0.011737
05.595;05.597;67;0
05.595;05.598;54;0
05.595;05.599;55;0
05.595;05.600;281;0.024911
05.595;05.601;36;0
05.595;05.604;232;0.008621
05.595;05.607;99;0.020202
05.595;05.611;387;0.005168
05.595;05.613;150;0.013333
05.595;05.614;160;0
05.595;05.615;1615;0
05.595;05.616;111;0.036036
05.595;22.400;43;0
05.596;05.554;29;0.02439
05.596;05.555;30;0.078505
05.596;05.556;177;0.039589
05.596;05.557;442;0.002469
05.596;05.558;39;0
05.596;05.559;55;0.018182
05.596;05.560;106;0.051282
05.596;05.561;145;0
05.596;05.562;43;0.006579
05.596;05.563;24;0.010989
05.596;05.564;500;0.016667
05.596;05.565;33;0.016129
05.596;05.566;103;0.012048
05.596;05.567;622;0.017241
05.596;05.568;161;0.045802
05.596;05.569;47;0.035714
05.596;05.570;21;0.027197
05.596;05.571;262;0.08
05.596;05.572;853;0.031847
05.596;05.573;204;0
05.596;05.574;14;0.032787
05.596;05.575;165;0.083333
05.596;05.576;41;0
05.596;05.577;400;0
05.596;05.578;266;0
05.596;05.579;90;0
05.596;05.580;65;0.090909
05.596;05.581;55;0.125
05.596;05.582;71;0.095238
05.596;05.583;54;0
05.596;05.584;109;0.097222
05.596;05.585;59;0
05.596;05.586;768;0.294118
05.596;05.587;242;0
05.596;05.588;118;0.084507
05.596;05.589;429;0.076923
05.596;05.590;48;0.106383
05.596;05.591;35;0.111111
05.596;05.592;589;0
05.596;05.593;209;0
05.596;05.594;20;0
05.596;05.595;46;0
05.596;05.596;0;0
05.596;05.597;32;0
05.596;05.598;23;0
05.596;05.599;26;0
05.596;05.600;283;0.028269
05.596;05.601;20;0
05.596;05.604;415;0.014458
05.596;05.607;262;0.022901
05.596;05.611;249;0
05.596;05.613;136;0.014706
05.596;05.614;80;0
05.596;05.615;626;0
05.596;05.616;65;0.046154
05.596;22.400;26;0.038462
05.597;05.554;80;0.06278
05.597;05.555;17;0
05.597;05.556;66;0
05.597;05.557;168;0
05.597;05.558;62;0.145455
05.597;05.559;48;0
05.597;05.560;669;0
05.597;05.561;72;0.037736
05.597;05.562;84;0.066667
05.597;05.563;5;0.058824
05.597;05.564;200;0
05.597;05.565;208;0.093333
05.597;05.566;815;0
05.597;05.567;67;0
05.597;05.568;26;0.095506
05.597;05.569;26;0
05.597;05.570;648;0.074074
05.597;05.571;105;0
05.597;05.572;198;0.020408
05.597;05.573;71;0
05.597;05.574;100;0.036364
05.597;05.575;23;0.046154
05.597;05.576;124;0.066667
05.597;05.577;42;0
05.597;05.578;25;0
05.597;05.579;185;0.029412
05.597;05.580;61;0.04
05.597;05.581;70;0
05.597;05.582;629;0
05.597;05.583;100;0
05.597;05.584;26;0.062893
05.597;05.585;49;0.032258
05.597;05.586;58;0.028571
05.597;05.587;83;0
05.597;05.588;148;0
05.597;05.589;71;0
05.597;05.590;67;0
05.597;05.591;517;0
05.597;05.592;78;0.038462
05.597;05.593;133;0.083333
05.597;05.594;1243;0
05.597;05.595;183;0.012658
05.597;05.596;92;0
05.597;05.597;0;0
05.597;05.598;381;0.018373
05.597;05.599;435;0.027586
05.597;05.600;2;0
05.597;05.601;58;0.017241
05.597;05.604;2;0.0625
05.597;05.607;1;0
05.597;05.611;89;0.022472
05.597;05.613;19;0
05.597;05.614;30;0.066667
05.597;05.615;99;0
05.597;05.616;103;0.009709
05.597;22.400;21;0
05.598;05.554;41;0
05.598;05.555;535;0
05.598;05.556;682;0.103448
05.598;05.557;810;0
05.598;05.558;17;0.047059
05.598;05.559;165;0
05.598;05.560;39;0.076923
05.598;05.561;710;0.012195
05.598;05.562;304;0
05.598;05.563;91;0
05.598;05.564;60;0
05.598;05.565;62;0.042105
05.598;05.566;83;0
05.598;05.567;58;0
05.598;05.568;131;0
05.598;05.569;84;0
05.598;05.570;478;0.0875
05.598;05.571;275;0
05.598;05.572;157;0
05.598;05.573;1075;0
05.598;05.574;61;0
05.598;05.575;36;0
05.598;05.576;3;0
05.598;05.577;8;0
05.598;05.578;12;0.055556
05.598;05.579;0;0.029412
05.598;05.580;22;0.009174
05.598;05.581;56;0.012658
05.598;05.582;21;0
05.598;05.583;24;0
05.598;05.584;72;0
05.598;05.585;11;0
05.598;05.586;17;0
05.598;05.587;0;0.060606
05.598;05.588;71;0.041096
05.598;05.589;39;0.080986
05.598;05.590;94;0.12
05.598;05.591;27;0.017751
05.598;05.592;1;0.069444
05.598;05.593;1;0.043478
05.598;05.594;36;0
05.598;05.595;15;0.060403
05.598;05.596;223;0.032258
05.598;05.597;37;0.013514
05.598;05.598;0;0
05.598;05.599;398;0.022613
05.598;05.600;10;0
05.598;05.601;21;0.047619
05.598;05.604;1;0.1875
05.598;05.607;1;0
05.598;05.611;53;0.018868
05.598;05.613;22;0.090909
05.598;05.614;27;0.037037
05.598;05.615;58;0
05.598;05.616;68;0
05.598;22.400;16;0.0625
05.599;05.554;70;0
05.599;05.555;1;0
05.599;05.556;55;0
05.599;05.557;4;0.032258
05.599;05.558;3;0
05.599;05.559;53;0
05.599;05.560;15;0
05.599;05.561;17;0.030303
05.599;05.562;59;0
05.599;05.563;75;0
05.599;05.564;6;0.021429
05.599;05.565;178;0.04375
05.599;05.566;42;0.045455
05.599;05.567;54;0
05.599;05.568;2;0.111111
05.599;05.569;49;0
05.599;05.570;1;0
05.599;05.571;55;0
05.599;05.572;65;0.055556
05.599;05.573;15;0
05.599;05.574;4;0.084507
05.599;05.575;12;0.055556
05.599;05.576;68;0
05.599;05.577;25;0
05.599;05.578;26;0.043478
05.599;05.579;6;0.030534
05.599;05.580;40;0.073171
05.599;05.581;159;0
05.599;05.582;31;0
05.599;05.583;35;0
05.599;05.584;2;0.083333
05.599;05.585;2;0.019608
05.599;05.586;2;0
05.599;05.587;9;0
05.599;05.588;5;0
05.599;05.589;52;0
05.599;05.590;36;0
05.599;05.591;64;0
05.599;05.592;79;0
05.599;05.593;10;0.040541
05.599;05.594;48;0
05.599;05.595;16;0.070796
05.599;05.596;5;0
05.599;05.597;42;0
05.599;05.598;58;0.017241
05.599;05.599;0;0
05.599;05.600;5;0
05.599;05.601;34;0
05.599;05.604;1;0
05.599;05.607;2;0
05.599;05.611;68;0.014706
05.599;05.613;32;0
05.599;05.614;30;0.066667
05.599;05.615;69;0
05.599;05.616;108;0.009259
05.599;22.400;17;0.117647
05.600;05.554;4;0
05.600;05.555;85;0
05.600;05.556;7;0.094851
05.600;05.557;52;0.141304
05.600;05.558;82;0.016667
05.600;05.559;21;0.088608
05.600;05.560;7;0.064516
05.600;05.561;11;0
05.600;05.562;95;0.07767
05.600;05.563;64;0.129032
05.600;05.564;34;0
05.600;05.565;12;0
05.600;05.566;34;0
05.600;05.567;160;0
05.600;05.568;37;0
05.600;05.569;27;0
05.600;05.570;7;0.021277
05.600;05.571;8;0.034483
05.600;05.572;8;0
05.600;05.573;10;0
05.600;05.574;16;0.070423
05.600;05.575;36;0
05.600;05.576;34;0
05.600;05.577;109;0.044444
05.600;05.578;79;0.111111
05.600;05.579;15;0.043478
05.600;05.580;54;0
05.600;05.581;16;0.028169
05.600;05.582;2;0
05.600;05.583;27;0.055556
05.600;05.584;264;0.109827
05.600;05.585;146;0.047882
05.600;05.586;284;0.044118
05.600;05.587;75;0.035088
05.600;05.588;169;0
05.600;05.589;72;0.043551
05.600;05.590;46;0.056872
05.600;05.591;8;0.02
05.600;05.592;149;0.034483
05.600;05.593;93;0.021978
05.600;05.594;74;0.027027
05.600;05.595;16;0
05.600;05.596;13;0.021008
05.600;05.597;12;0.046358
05.600;05.598;75;0.013514
05.600;05.599;51;0.036585
05.600;05.600;0;0
05.600;05.601;2;0.029126
05.600;05.604;213;0.018779
05.600;05.607;100;0.02
05.600;05.611;74;0
05.600;05.613;49;0
05.600;05.614;37;0
05.600;05.615;69;0
05.600;05.616;110;0.027273
05.600;22.400;17;0.058824
05.601;05.554;31;0.053191
05.601;05.555;19;0.039106
05.601;05.556;25;0.04386
05.601;05.557;9;0.056838
05.601;05.558;66;0.068657
05.601;05.559;13;0.111111
05.601;05.560;10;0
05.601;05.561;140;0.017857
05.601;05.562;160;0.0625
05.601;05.563;22;0
05.601;05.564;119;0
05.601;05.565;45;0
05.601;05.566;4;0
05.601;05.567;0;0.185185
05.601;05.568;5;0.106061
05.601;05.569;72;0.098901
05.601;05.570;8;0.071429
05.601;05.571;213;0
05.601;05.572;72;0.12605
05.601;05.573;31;0.03125
05.601;05.574;3;0.096774
05.601;05.575;23;0.222222
05.601;05.576;131;0
05.601;05.577;41;0
05.601;05.578;12;0
05.601;05.579;4;0
05.601;05.580;65;0.027027
05.601;05.581;60;0.052632
05.601;05.582;51;0.058824
05.601;05.583;59;0
05.601;05.584;1;0.05102
05.601;05.585;2;0
05.601;05.586;1;0
05.601;05.587;13;0.08
05.601;05.588;4;0.177419
05.601;05.589;72;0
05.601;05.590;74;0
05.601;05.591;48;0.04
05.601;05.592;226;0
05.601;05.593;13;0.05298
05.601;05.594;46;0.081633
05.601;05.595;58;0.118644
05.601;05.596;5;0
05.601;05.597;48;0.091324
05.601;05.598;369;0.081395
05.601;05.599;92;0.068182
05.601;05.600;60;0.0625
05.601;05.601;0;0
05.601;05.604;5;0.008197
05.601;05.607;1;0.040816
05.601;05.611;69;0
05.601;05.613;46;0.021739
05.601;05.614;21;0
05.601;05.615;54;0
05.601;05.616;61;0.016393
05.601;22.400;4;0.018349
05.604;05.554;79;0.01087
05.604;05.555;62;0.065217
05.604;05.556;1;0.051282
05.604;05.557;103;0
05.604;05.558;31;0
05.604;05.559;28;0.053571
05.604;05.560;13;0.025424
05.604;05.561;1;0.036697
05.604;05.562;1;0.035714
05.604;05.563;28;0.077181
05.604;05.564;9;0.03125
05.604;05.565;47;0
05.604;05.566;29;0.042254
05.604;05.567;51;0
05.604;05.568;0;0.033816
05.604;05.569;71;0.020833
05.604;05.570;1;0
05.604;05.571;1;0.05336
05.604;05.572;45;0.033453
05.604;05.573;45;0.00838
05.604;05.574;23;0.033333
05.604;05.575;50;0.015707
05.604;05.576;71;0.02381
05.604;05.577;4;0.00189
05.604;05.578;36;0.004747
05.604;05.579;173;0.029851
05.604;05.580;543;0.039474
05.604;05.581;204;0.045455
05.604;05.582;114;0.011364
05.604;05.583;62;0.013699
05.604;05.584;597;0.015544
05.604;05.585;422;0
05.604;05.586;150;0.022642
05.604;05.587;29;0.065217
05.604;05.588;182;0.043716
05.604;05.589;37;0
05.604;05.590;256;0.078947
05.604;05.591;238;0.023256
05.604;05.592;151;0.061688
05.604;05.593;74;0
05.604;05.594;82;0.050725
05.604;05.595;103;0.091503
05.604;05.596;94;0.018868
05.604;05.597;179;0
05.604;05.598;114;0.031414
05.604;05.599;563;0
05.604;05.600;335;0
05.604;05.601;72;0
05.604;05.604;0;0
05.604;05.607;373;0.024129
05.604;05.611;127;0.023622
05.604;05.613;156;0.044872
05.604;05.614;46;0
05.604;05.615;98;0
05.604;05.616;86;0
05.604;22.400;32;0.0625
05.607;05.554;275;0
05.607;05.555;56;0.03125
05.607;05.556;16;0.02439
05.607;05.557;108;0.05
05.607;05.558;66;0.037383
05.607;05.559;91;0
05.607;05.560;84;0.030303
05.607;05.561;1;0.038168
05.607;05.562;119;0.059908
05.607;05.563;32;0.121951
05.607;05.564;31;0
05.607;05.565;18;0
05.607;05.566;1;0
05.607;05.567;1;0
05.607;05.568;27;0
05.607;05.569;12;0
05.607;05.570;37;0
05.607;05.571;19;0.046243
05.607;05.572;34;0.075472
05.607;05.573;1;0
05.607;05.574;98;0.230769
05.607;05.575;1;0
05.607;05.576;1;0
05.607;05.577;50;0
05.607;05.578;62;0
05.607;05.579;17;0.147059
05.607;05.580;53;0.083333
05.607;05.581;75;0
05.607;05.582;4;0
05.607;05.583;151;0.028571
05.607;05.584;98;0
05.607;05.585;59;0
05.607;05.586;44;0.014925
05.607;05.587;219;0.070968
05.607;05.588;86;0
05.607;05.589;44;0
05.607;05.590;16;0.051724
05.607;05.591;122;0
05.607;05.592;49;0
05.607;05.593;109;0
05.607;05.594;92;0
05.607;05.595;46;0
05.607;05.596;39;0
05.607;05.597;43;0
05.607;05.598;65;0
05.607;05.599;56;0.027027
05.607;05.600;118;0
05.607;05.601;109;0
05.607;05.604;112;0.02459
05.607;05.607;0;0
05.607;05.611;70;0.028571
05.607;05.613;114;0.035088
05.607;05.614;26;0.038462
05.607;05.615;65;0
05.607;05.616;81;0.012346
05.607;22.400;11;0
05.611;05.554;298;0
05.611;05.555;32;0
05.611;05.556;80;0
05.611;05.557;71;0
05.611;05.558;7;0
05.611;05.559;207;0
05.611;05.560;96;0
05.611;05.561;41;0
05.611;05.562;506;0
05.611;05.563;837;0.081081
05.611;05.564;716;0
05.611;05.565;30;0.01087
05.611;05.566;191;0
05.611;05.567;42;0
05.611;05.568;1587;0.0125
05.611;05.569;632;0
05.611;05.570;134;0.056478
05.611;05.571;76;0.017647
05.611;05.572;88;0.043478
05.611;05.573;88;0.01845
05.611;05.574;73;0.037975
05.611;05.575;193;0.016736
05.611;05.576;64;0.023346
05.611;05.577;530;0.019737
05.611;05.578;322;0.022222
05.611;05.579;183;0.009346
05.611;05.580;1527;0.049587
05.611;05.581;76;0.055556
05.611;05.582;43;0.038462
05.611;05.583;308;0.014599
05.611;05.584;12;0.032544
05.611;05.585;276;0.062331
05.611;05.586;153;0.030303
05.611;05.587;53;0
05.611;05.588;9;0.028571
05.611;05.589;191;0
05.611;05.590;12;0
05.611;05.591;97;0
05.611;05.592;63;0.007042
05.611;05.593;46;0
05.611;05.594;32;0
05.611;05.595;41;0.008798
05.611;05.596;20;0.012987
05.611;05.597;107;0.018182
05.611;05.598;40;0
05.611;05.599;33;0
05.611;05.600;131;0.026316
05.611;05.601;217;0.068627
05.611;05.604;41;0.114754
05.611;05.607;119;0.046429
05.611;05.611;0;0
05.611;05.613;251;0.035857
05.611;05.614;77;0.025974
05.611;05.615;430;0
05.611;05.616;85;0.082353
05.611;22.400;25;0.08
05.613;05.554;44;0.025641
05.613;05.555;12;0.064846
05.613;05.556;0;0
05.613;05.557;173;0.085714
05.613;05.558;53;0.027778
05.613;05.559;35;0
05.613;05.560;13;0.111111
05.613;05.561;0;0
05.613;05.562;3;0
05.613;05.563;48;0
05.613;05.564;24;0
05.613;05.565;34;0.054348
05.613;05.566;24;0
05.613;05.567;32;0.018519
05.613;05.568;2;0
05.613;05.569;105;0.034884
05.613;05.570;0;0
05.613;05.571;2;0
05.613;05.572;67;0.004975
05.613;05.573;155;0.025316
05.613;05.574;21;0.010638
05.613;05.575;77;0
05.613;05.576;58;0.066667
05.613;05.577;8;0
05.613;05.578;0;0
05.613;05.579;0;0
05.613;05.580;61;0
05.613;05.581;37;0
05.613;05.582;6;0
05.613;05.583;0;0
05.613;05.584;122;0
05.613;05.585;20;0
05.613;05.586;53;0
05.613;05.587;37;0
05.613;05.588;0;0
05.613;05.589;3;0
05.613;05.590;0;0
05.613;05.591;17;0
05.613;05.592;2;0
05.613;05.593;81;0
05.613;05.594;37;0
05.613;05.595;41;0.052632
05.613;05.596;92;0
05.613;05.597;7;0
05.613;05.598;40;0.064516
05.613;05.599;160;0
05.613;05.600;11;0
05.613;05.601;301;0
05.613;05.604;170;0
05.613;05.607;23;0
05.613;05.611;271;0
05.613;05.613;0;0
05.613;05.614;30;0.033333
05.613;05.615;155;0
05.613;05.616;57;0.087719
05.613;22.400;14;0
05.614;05.554;79;0.052632
05.614;05.555;239;0.005263
05.614;05.556;257;0
05.614;05.557;152;0
05.614;05.558;90;0
05.614;05.559;107;0
05.614;05.560;121;0.021127
05.614;05.561;90;0
05.614;05.562;234;0.007752
05.614;05.563;137;0.024691
05.614;05.564;338;0.013986
05.614;05.565;369;0.029925
05.614;05.566;66;0.027027
05.614;05.567;248;0
05.614;05.568;105;0.013333
05.614;05.569;20;0
05.614;05.570;220;0
05.614;05.571;21;0
05.614;05.572;142;0
05.614;05.573;24;0
05.614;05.574;664;0
05.614;05.575;341;0
05.614;05.576;77;0.034483
05.614;05.577;55;0
05.614;05.578;52;0
05.614;05.579;66;0
05.614;05.580;38;0
05.614;05.581;102;0
05.614;05.582;61;0.038462
05.614;05.583;560;0.026316
05.614;05.584;195;0.022222
05.614;05.585;293;0.09434
05.614;05.586;835;0
05.614;05.587;70;0
05.614;05.588;36;0.037037
05.614;05.589;63;0
05.614;05.590;25;0
05.614;05.591;19;0.011737
05.614;05.592;732;0
05.614;05.593;125;0
05.614;05.594;92;0
05.614;05.595;39;0.024911
05.614;05.596;54;0
05.614;05.597;21;0.008621
05.614;05.598;86;0.020202
05.614;05.599;40;0.005168
05.614;05.600;27;0.013333
05.614;05.601;201;0
05.614;05.604;79;0
05.614;05.607;94;0.036036
05.614;05.611;802;0
05.614;05.613;45;0
05.614;05.614;0;0
05.614;05.615;164;0
05.614;05.616;46;0.021739
05.614;22.400;246;0.170732
05.615;05.554;24;0
05.615;05.555;0;0
05.615;05.556;5;0
05.615;05.557;2;0
05.615;05.558;5;0.028269
05.615;05.559;1;0
05.615;05.560;4;0.014458
05.615;05.561;8;0.022901
05.615;05.562;6;0
05.615;05.563;0;0.014706
05.615;05.564;30;0
05.615;05.565;0;0
05.615;05.566;1;0.046154
05.615;05.567;16;0.038462
05.615;05.568;19;0
05.615;05.569;1;0
05.615;05.570;15;0
05.615;05.571;31;0
05.615;05.572;3;0
05.615;05.573;0;0
05.615;05.574;38;0
05.615;05.575;190;0.018373
05.615;05.576;195;0.027586
05.615;05.577;1;0
05.615;05.578;1;0.017241
05.615;05.579;3;0
05.615;05.580;142;0
05.615;05.581;1;0.022472
05.615;05.582;258;0
05.615;05.583;162;0.066667
05.615;05.584;143;0
05.615;05.585;401;0.009709
05.615;05.586;37;0
05.615;05.587;100;0
05.615;05.588;75;0
05.615;05.589;20;0
05.615;05.590;33;0
05.615;05.591;29;0
05.615;05.592;2;0
05.615;05.593;2;0
05.615;05.594;1;0.022613
05.615;05.595;5;0
05.615;05.596;9;0.047619
05.615;05.597;52;0
05.615;05.598;38;0
05.615;05.599;45;0.018868
05.615;05.600;53;0.090909
05.615;05.601;9;0.037037
05.615;05.604;34;0
05.615;05.607;27;0
05.615;05.611;1;0.0625
05.615;05.613;852;0
05.615;05.614;67;0
05.615;05.615;0;0
05.615;05.616;151;0
05.615;22.400;26;0
05.616;05.554;54;0
05.616;05.555;55;0
05.616;05.556;281;0
05.616;05.557;36;0
05.616;05.558;232;0
05.616;05.559;99;0
05.616;05.560;387;0
05.616;05.561;150;0
05.616;05.562;160;0
05.616;05.563;1615;0.014706
05.616;05.564;111;0
05.616;05.565;43;0.066667
05.616;05.566;32;0
05.616;05.567;23;0.009259
05.616;05.568;26;0.117647
05.616;05.569;283;0
05.616;05.570;20;0
05.616;05.571;415;0
05.616;05.572;262;0
05.616;05.573;249;0
05.616;05.574;136;0
05.616;05.575;80;0
05.616;05.576;626;0
05.616;05.577;65;0
05.616;05.578;26;0
05.616;05.579;0;0
05.616;05.580;381;0.018779
05.616;05.581;435;0.02
05.616;05.582;2;0
05.616;05.583;58;0
05.616;05.584;2;0
05.616;05.585;1;0
05.616;05.586;89;0.027273
05.616;05.587;19;0.058824
05.616;05.588;30;0
05.616;05.589;99;0
05.616;05.590;103;0
05.616;05.591;21;0
05.616;05.592;398;0
05.616;05.593;10;0
05.616;05.594;21;0
05.616;05.595;1;0
05.616;05.596;1;0
05.616;05.597;53;0.021739
05.616;05.598;22;0
05.616;05.599;27;0
05.616;05.600;58;0.016393
05.616;05.601;68;0
05.616;05.604;16;0
05.616;05.607;0;0
05.616;05.611;5;0
05.616;05.613;34;0
05.616;05.614;1;0
05.616;05.615;2;0
05.616;05.616;0;0
05.616;22.400;13;0
22.400;05.554;68;0
22.400;05.555;32;0
22.400;05.556;30;0
22.400;05.557;69;0.024129
22.400;05.558;108;0.023622
22.400;05.559;17;0.044872
22.400;05.560;0;0
22.400;05.561;0;0
22.400;05.562;2;0
22.400;05.563;213;0.0625
22.400;05.564;100;0
22.400;05.565;74;0
22.400;05.566;49;0
22.400;05.567;37;0
22.400;05.568;69;0
22.400;05.569;110;0
22.400;05.570;17;0
22.400;05.571;5;0
22.400;05.572;1;0
22.400;05.573;69;0.028571
22.400;05.574;46;0.035088
22.400;05.575;21;0.038462
22.400;05.576;54;0
22.400;05.577;61;0.012346
22.400;05.578;4;0
22.400;05.579;0;0.035857
22.400;05.580;0;0.025974
22.400;05.581;373;0
22.400;05.582;127;0.082353
22.400;05.583;156;0.08
22.400;05.584;46;0.033333
22.400;05.585;98;0
22.400;05.586;86;0.087719
22.400;05.587;32;0
22.400;05.588;70;0
22.400;05.589;114;0
22.400;05.590;26;0
22.400;05.591;65;0
22.400;05.592;81;0.021739
22.400;05.593;11;0.170732
22.400;05.594;251;0
22.400;05.595;77;0
22.400;05.596;430;0
22.400;05.597;85;0
22.400;05.598;25;0
22.400;05.599;30;0
22.400;05.600;155;0
22.400;05.601;57;0
22.400;05.604;14;0
22.400;05.607;164;0
22.400;05.611;46;0
22.400;05.613;246;0
22.400;05.614;151;0
22.400;05.615;26;0
22.400;05.616;13;0
22.400;22.400;0;0
