subject_code_1;subject_code_2;n_cooc;difficulty_score_any
05.554;05.554;0;0
05.554;05.555;3525;0.078865
05.554;05.556;2143;0.184788
05.554;05.557;4241;0.366659
05.554;05.558;2173;0.191901
05.554;05.559;2202;0.31426
05.554;05.560;1192;0.106544
05.554;05.561;5301;0.179777
05.554;05.562;4936;0.406807
05.554;05.563;3110;0.344695
05.554;05.564;2689;0.035329
05.554;05.565;4697;0.261018
05.554;05.566;1835;0.049046
05.554;05.567;3410;0.024633
05.554;05.568;1706;0.152403
05.554;05.569;1208;0.104305
05.554;05.570;3548;0.431229
05.554;05.571;1113;0.171608
05.554;05.572;1450;0.04
05.554;05.573;1731;0.181398
05.554;05.574;598;0.028428
05.554;05.575;2191;0.056595
05.554;05.576;103;0.106796
05.554;05.577;163;0.03681
05.554;05.578;233;0.021459
05.554;05.579;422;0.028436
05.554;05.580;74;0.054054
05.554;05.581;54;0.074074
05.554;05.582;581;0.122203
05.554;05.583;65;0.153846
05.554;05.584;136;0.080882
05.554;05.585;2048;0.061035
05.554;05.586;179;0.139665
05.554;05.587;82;0.134146
05.554;05.588;129;0.015504
05.554;05.589;397;0.108312
05.554;05.590;1727;0.077012
05.554;05.591;1280;0.021875
05.554;05.592;49;0.040816
05.554;05.593;168;0.089286
05.554;05.594;58;0.086207
05.554;05.595;1522;0.02431
05.554;05.596;880;0.023864
05.554;05.597;130;0.038462
05.554;05.598;166;0.054217
05.554;05.599;97;0.051546
05.554;05.600;103;0.097087
05.554;05.601;113;0.123894
05.554;05.604;110;0.136364
05.554;05.607;82;0.085366
05.554;05.611;1706;0.148886
05.554;05.613;618;0.017799
05.554;05.614;1585;0.403155
05.554;05.615;2841;0.008448
05.554;05.616;78;0.102564
05.554;22.400;47;0.191489
05.555;05.554;3525;0.078865
05.555;05.555;0;0
05.555;05.556;1834;0.230643
05.555;05.557;2637;0.301858
05.555;05.558;2088;0.247605
05.555;05.559;1498;0.263685
05.555;05.560;1148;0.182056
05.555;05.561;3482;0.104825
05.555;05.562;2947;0.356295
05.555;05.563;1542;0.294423
05.555;05.564;2474;0.091754
05.555;05.565;3285;0.19239
05.555;05.566;1878;0.080937
05.555;05.567;2857;0.061603
05.555;05.568;1550;0.210323
05.555;05.569;1253;0.212291
05.555;05.570;2507;0.394894
05.555;05.571;1110;0.233333
05.555;05.572;1049;0.110582
05.555;05.573;2213;0.328061
05.555;05.574;391;0.079284
05.555;05.575;1534;0.111473
05.555;05.576;103;0.174757
05.555;05.577;133;0.06015
05.555;05.578;192;0.067708
05.555;05.579;338;0.065089
05.555;05.580;60;0.083333
05.555;05.581;58;0.172414
05.555;05.582;550;0.183636
05.555;05.583;67;0.223881
05.555;05.584;141;0.120567
05.555;05.585;1783;0.088615
05.555;05.586;169;0.189349
05.555;05.587;85;0.117647
05.555;05.588;123;0.02439
05.555;05.589;367;0.158038
05.555;05.590;1800;0.18
05.555;05.591;949;0.047418
05.555;05.592;46;0.065217
05.555;05.593;178;0.146067
05.555;05.594;50;0.08
05.555;05.595;1323;0.038549
05.555;05.596;711;0.070323
05.555;05.597;132;0.083333
05.555;05.598;169;0.071006
05.555;05.599;100;0.07
05.555;05.600;113;0.106195
05.555;05.601;108;0.212963
05.555;05.604;126;0.18254
05.555;05.607;79;0.139241
05.555;05.611;1497;0.207081
05.555;05.613;538;0.053903
05.555;05.614;619;0.3021
05.555;05.615;2353;0.032299
05.555;05.616;89;0.11236
05.555;22.400;26;0.230769
05.556;05.554;2143;0.184788
05.556;05.555;4241;0.366659
05.556;05.556;0;0
05.556;05.557;2496;0.21234
05.556;05.558;2014;0.173287
05.556;05.559;1294;0.156878
05.556;05.560;939;0.074547
05.556;05.561;1767;0.109225
05.556;05.562;2533;0.300434
05.556;05.563;1754;0.217788
05.556;05.564;1356;0.121681
05.556;05.565;1764;0.18424
05.556;05.566;1225;0.147755
05.556;05.567;1400;0.098571
05.556;05.568;1701;0.134039
05.556;05.569;1039;0.151107
05.556;05.570;3203;0.385888
05.556;05.571;774;0.138243
05.556;05.572;905;0.075138
05.556;05.573;1404;0.2151
05.556;05.574;287;0.052265
05.556;05.575;1068;0.093633
05.556;05.576;71;0.211268
05.556;05.577;133;0.052632
05.556;05.578;195;0.076923
05.556;05.579;297;0.050505
05.556;05.580;67;0.149254
05.556;05.581;51;0.117647
05.556;05.582;550;0.165455
05.556;05.583;63;0.238095
05.556;05.584;119;0.12605
05.556;05.585;1035;0.128502
05.556;05.586;148;0.148649
05.556;05.587;61;0.098361
05.556;05.588;105;0
05.556;05.589;325;0.129231
05.556;05.590;1204;0.112957
05.556;05.591;538;0.061338
05.556;05.592;40;0.025
05.556;05.593;157;0.076433
05.556;05.594;59;0.135593
05.556;05.595;581;0.05852
05.556;05.596;315;0.073016
05.556;05.597;94;0.021277
05.556;05.598;152;0.032895
05.556;05.599;67;0.104478
05.556;05.600;84;0.059524
05.556;05.601;89;0.123596
05.556;05.604;109;0.12844
05.556;05.607;65;0.061538
05.556;05.611;1330;0.122556
05.556;05.613;507;0.047337
05.556;05.614;2348;0.23339
05.556;05.615;893;0.06383
05.556;05.616;52;0.076923
05.556;22.400;82;0.243902
05.557;05.554;2173;0.191901
05.557;05.555;2202;0.31426
05.557;05.556;1192;0.106544
05.557;05.557;0;0
05.557;05.558;2224;0.156025
05.557;05.559;2585;0.388395
05.557;05.560;1137;0.186456
05.557;05.561;2844;0.278129
05.557;05.562;5308;0.459872
05.557;05.563;2394;0.329156
05.557;05.564;1649;0.187993
05.557;05.565;2517;0.272944
05.557;05.566;1304;0.148773
05.557;05.567;1743;0.172691
05.557;05.568;1890;0.178836
05.557;05.569;1123;0.135352
05.557;05.570;3381;0.455782
05.557;05.571;1155;0.251948
05.557;05.572;1004;0.12251
05.557;05.573;1854;0.247033
05.557;05.574;379;0.105541
05.557;05.575;1252;0.193291
05.557;05.576;88;0.181818
05.557;05.577;151;0.039735
05.557;05.578;236;0.038136
05.557;05.579;413;0.026634
05.557;05.580;68;0.058824
05.557;05.581;54;0.12963
05.557;05.582;502;0.179283
05.557;05.583;58;0.189655
05.557;05.584;117;0.136752
05.557;05.585;1328;0.192018
05.557;05.586;176;0.215909
05.557;05.587;70;0.142857
05.557;05.588;109;0.009174
05.557;05.589;360;0.188889
05.557;05.590;1426;0.199158
05.557;05.591;655;0.164885
05.557;05.592;43;0.069767
05.557;05.593;165;0.133333
05.557;05.594;60;0.1
05.557;05.595;775;0.188387
05.557;05.596;473;0.205074
05.557;05.597;124;0.120968
05.557;05.598;148;0.060811
05.557;05.599;81;0.148148
05.557;05.600;87;0.172414
05.557;05.601;104;0.125
05.557;05.604;94;0.223404
05.557;05.607;72;0.138889
05.557;05.611;1502;0.121838
05.557;05.613;600;0.035
05.557;05.614;387;0.307494
05.557;05.615;1213;0.198681
05.557;05.616;66;0.121212
05.557;22.400;70;0.314286
05.558;05.554;5301;0.179777
05.558;05.555;4936;0.406807
05.558;05.556;3110;0.344695
05.558;05.557;2689;0.035329
05.558;05.558;0;0
05.558;05.559;1224;0.173203
05.558;05.560;1183;0.153001
05.558;05.561;1508;0.154509
05.558;05.562;2245;0.267706
05.558;05.563;1250;0.2504
05.558;05.564;1708;0.172717
05.558;05.565;1616;0.205446
05.558;05.566;1476;0.186992
05.558;05.567;1549;0.151065
05.558;05.568;2178;0.171717
05.558;05.569;1731;0.189486
05.558;05.570;1791;0.335008
05.558;05.571;1228;0.213355
05.558;05.572;1071;0.141923
05.558;05.573;2003;0.231153
05.558;05.574;322;0.074534
05.558;05.575;1044;0.176245
05.558;05.576;100;0.31
05.558;05.577;153;0.045752
05.558;05.578;241;0.045643
05.558;05.579;392;0.048469
05.558;05.580;95;0.157895
05.558;05.581;54;0.203704
05.558;05.582;668;0.218563
05.558;05.583;62;0.177419
05.558;05.584;163;0.171779
05.558;05.585;1157;0.165082
05.558;05.586;199;0.226131
05.558;05.587;95;0.231579
05.558;05.588;120;0.016667
05.558;05.589;445;0.211236
05.558;05.590;1375;0.188364
05.558;05.591;487;0.117043
05.558;05.592;45;0.066667
05.558;05.593;233;0.124464
05.558;05.594;75;0.133333
05.558;05.595;607;0.107084
05.558;05.596;457;0.170678
05.558;05.597;160;0.2125
05.558;05.598;178;0.101124
05.558;05.599;92;0.163043
05.558;05.600;127;0.267717
05.558;05.601;126;0.134921
05.558;05.604;146;0.219178
05.558;05.607;106;0.179245
05.558;05.611;1683;0.148544
05.558;05.613;625;0.0528
05.558;05.614;217;0.133641
05.558;05.615;877;0.145952
05.558;05.616;98;0.183673
05.558;22.400;45;0.244444
05.559;05.554;4697;0.261018
05.559;05.555;1835;0.049046
05.559;05.556;3410;0.024633
05.559;05.557;1706;0.152403
05.559;05.558;1208;0.104305
05.559;05.559;0;0
05.559;05.560;1902;0.022082
05.559;05.561;1937;0.195663
05.559;05.562;2431;0.450432
05.559;05.563;1338;0.268311
05.559;05.564;1130;0.148673
05.559;05.565;1381;0.213613
05.559;05.566;931;0.168636
05.559;05.567;1167;0.113967
05.559;05.568;1000;0.169
05.559;05.569;771;0.155642
05.559;05.570;1593;0.396736
05.559;05.571;828;0.176329
05.559;05.572;755;0.100662
05.559;05.573;1072;0.241604
05.559;05.574;330;0.054545
05.559;05.575;865;0.137572
05.559;05.576;94;0.170213
05.559;05.577;109;0.100917
05.559;05.578;119;0.159664
05.559;05.579;241;0.078838
05.559;05.580;108;0.240741
05.559;05.581;67;0.134328
05.559;05.582;526;0.209125
05.559;05.583;84;0.178571
05.559;05.584;182;0.10989
05.559;05.585;922;0.14859
05.559;05.586;173;0.202312
05.559;05.587;112;0.178571
05.559;05.588;136;0.051471
05.559;05.589;395;0.174684
05.559;05.590;942;0.149682
05.559;05.591;441;0.07483
05.559;05.592;40;0.15
05.559;05.593;184;0.092391
05.559;05.594;65;0.215385
05.559;05.595;610;0.065574
05.559;05.596;338;0.08284
05.559;05.597;151;0.10596
05.559;05.598;175;0.028571
05.559;05.599;101;0.079208
05.559;05.600;119;0.117647
05.559;05.601;96;0.15625
05.559;05.604;126;0.166667
05.559;05.607;95;0.147368
05.559;05.611;876;0.142694
05.559;05.613;393;0.104326
05.559;05.614;1008;0.308532
05.559;05.615;819;0.081807
05.559;05.616;217;0.119816
05.559;22.400;41;0.170732
05.560;05.554;3548;0.431229
05.560;05.555;1113;0.171608
05.560;05.556;1450;0.04
05.560;05.557;1731;0.181398
05.560;05.558;598;0.028428
05.560;05.559;2191;0.056595
05.560;05.560;0;0
05.560;05.561;1085;0.045161
05.560;05.562;1097;0.227894
05.560;05.563;749;0.145527
05.560;05.564;1037;0.089682
05.560;05.565;991;0.130172
05.560;05.566;891;0.093154
05.560;05.567;1050;0.053333
05.560;05.568;913;0.104053
05.560;05.569;762;0.114173
05.560;05.570;923;0.266522
05.560;05.571;800;0.12875
05.560;05.572;715;0.047552
05.560;05.573;970;0.219588
05.560;05.574;319;0.025078
05.560;05.575;733;0.069577
05.560;05.576;113;0.132743
05.560;05.577;92;0.043478
05.560;05.578;91;0.087912
05.560;05.579;208;0.086538
05.560;05.580;84;0.142857
05.560;05.581;78;0.128205
05.560;05.582;473;0.131078
05.560;05.583;86;0.174419
05.560;05.584;179;0.089385
05.560;05.585;758;0.105541
05.560;05.586;208;0.115385
05.560;05.587;126;0.111111
05.560;05.588;143;0.027972
05.560;05.589;423;0.137116
05.560;05.590;812;0.087438
05.560;05.591;401;0.037406
05.560;05.592;51;0.117647
05.560;05.593;191;0.094241
05.560;05.594;61;0.229508
05.560;05.595;516;0.044574
05.560;05.596;318;0.059748
05.560;05.597;184;0.11413
05.560;05.598;186;0.032258
05.560;05.599;139;0.129496
05.560;05.600;121;0.099174
05.560;05.601;102;0.107843
05.560;05.604;141;0.092199
05.560;05.607;107;0.149533
05.560;05.611;892;0.091928
05.560;05.613;337;0.068249
05.560;05.614;313;0.13099
05.560;05.615;728;0.03022
05.560;05.616;376;0.135638
05.560;22.400;39;0.230769
05.561;05.554;103;0.106796
05.561;05.555;163;0.03681
05.561;05.556;233;0.021459
05.561;05.557;422;0.028436
05.561;05.558;74;0.054054
05.561;05.559;54;0.074074
05.561;05.560;581;0.122203
05.561;05.561;0;0
05.561;05.562;3482;0.336301
05.561;05.563;1920;0.200521
05.561;05.564;2438;0.040197
05.561;05.565;2928;0.127049
05.561;05.566;1669;0.054524
05.561;05.567;3493;0.014887
05.561;05.568;1187;0.122157
05.561;05.569;922;0.133406
05.561;05.570;2436;0.358374
05.561;05.571;967;0.149948
05.561;05.572;1470;0.036735
05.561;05.573;1283;0.201871
05.561;05.574;713;0.001403
05.561;05.575;2209;0.033047
05.561;05.576;86;0.127907
05.561;05.577;109;0.110092
05.561;05.578;126;0.095238
05.561;05.579;266;0.048872
05.561;05.580;64;0.15625
05.561;05.581;48;0.166667
05.561;05.582;497;0.150905
05.561;05.583;49;0.163265
05.561;05.584;139;0.071942
05.561;05.585;1944;0.046296
05.561;05.586;176;0.147727
05.561;05.587;88;0.170455
05.561;05.588;131;0.022901
05.561;05.589;369;0.162602
05.561;05.590;1685;0.059347
05.561;05.591;1332;0.006757
05.561;05.592;42;0.02381
05.561;05.593;132;0.090909
05.561;05.594;45;0.155556
05.561;05.595;1789;0.005031
05.561;05.596;843;0.013049
05.561;05.597;117;0.034188
05.561;05.598;178;0.02809
05.561;05.599;88;0.022727
05.561;05.600;106;0.075472
05.561;05.601;91;0.197802
05.561;05.604;115;0.095652
05.561;05.607;79;0.101266
05.561;05.611;1207;0.112676
05.561;05.613;422;0.061611
05.561;05.614;884;0.19457
05.561;05.615;3154;0.000317
05.561;05.616;76;0.026316
05.561;22.400;70;0.214286
05.562;05.554;65;0.153846
05.562;05.555;136;0.080882
05.562;05.556;2048;0.061035
05.562;05.557;179;0.139665
05.562;05.558;82;0.134146
05.562;05.559;129;0.015504
05.562;05.560;397;0.108312
05.562;05.561;1727;0.077012
05.562;05.562;0;0
05.562;05.563;2500;0.4172
05.562;05.564;1592;0.216709
05.562;05.565;2426;0.3446
05.562;05.566;1288;0.15295
05.562;05.567;1785;0.183754
05.562;05.568;1789;0.231973
05.562;05.569;1304;0.180982
05.562;05.570;3688;0.489967
05.562;05.571;1207;0.275062
05.562;05.572;1150;0.101739
05.562;05.573;1371;0.162655
05.562;05.574;362;0.151934
05.562;05.575;1311;0.184592
05.562;05.576;84;0.166667
05.562;05.577;158;0.037975
05.562;05.578;229;0.030568
05.562;05.579;403;0.024814
05.562;05.580;74;0.108108
05.562;05.581;53;0.188679
05.562;05.582;554;0.176895
05.562;05.583;55;0.181818
05.562;05.584;125;0.136
05.562;05.585;1198;0.239566
05.562;05.586;161;0.236025
05.562;05.587;56;0.232143
05.562;05.588;127;0.015748
05.562;05.589;364;0.167582
05.562;05.590;1524;0.265748
05.562;05.591;775;0.132903
05.562;05.592;47;0.085106
05.562;05.593;169;0.16568
05.562;05.594;63;0.095238
05.562;05.595;798;0.206767
05.562;05.596;447;0.212528
05.562;05.597;115;0.13913
05.562;05.598;156;0.141026
05.562;05.599;90;0.166667
05.562;05.600;90;0.166667
05.562;05.601;103;0.126214
05.562;05.604;103;0.242718
05.562;05.607;87;0.172414
05.562;05.611;1678;0.198451
05.562;05.613;593;0.037099
05.562;05.614;1901;0.470279
05.562;05.615;1382;0.165702
05.562;05.616;76;0.078947
05.562;22.400;68;0.529412
05.563;05.554;1280;0.021875
05.563;05.555;49;0.040816
05.563;05.556;168;0.089286
05.563;05.557;58;0.086207
05.563;05.558;1522;0.02431
05.563;05.559;880;0.023864
05.563;05.560;130;0.038462
05.563;05.561;166;0.054217
05.563;05.562;97;0.051546
05.563;05.563;0;0
05.563;05.564;1194;0.200168
05.563;05.565;3721;0.319807
05.563;05.566;837;0.187575
05.563;05.567;1066;0.160413
05.563;05.568;876;0.190639
05.563;05.569;722;0.211911
05.563;05.570;3493;0.422846
05.563;05.571;1028;0.252918
05.563;05.572;667;0.137931
05.563;05.573;1387;0.325883
05.563;05.574;230;0.073913
05.563;05.575;905;0.149171
05.563;05.576;52;0.25
05.563;05.577;69;0.115942
05.563;05.578;90;0.188889
05.563;05.579;187;0.080214
05.563;05.580;46;0.173913
05.563;05.581;39;0.230769
05.563;05.582;472;0.254237
05.563;05.583;33;0.181818
05.563;05.584;90;0.133333
05.563;05.585;831;0.202166
05.563;05.586;106;0.207547
05.563;05.587;51;0.176471
05.563;05.588;90;0.011111
05.563;05.589;312;0.208333
05.563;05.590;1136;0.183099
05.563;05.591;406;0.093596
05.563;05.592;21;0.047619
05.563;05.593;131;0.145038
05.563;05.594;38;0.289474
05.563;05.595;458;0.124454
05.563;05.596;281;0.135231
05.563;05.597;78;0.064103
05.563;05.598;117;0.034188
05.563;05.599;45;0.044444
05.563;05.600;67;0.059701
05.563;05.601;63;0.190476
05.563;05.604;80;0.175
05.563;05.607;47;0.191489
05.563;05.611;767;0.187744
05.563;05.613;312;0.096154
05.563;05.614;2079;0.243867
05.563;05.615;679;0.123711
05.563;05.616;55;0.072727
05.563;22.400;148;0.243243
05.564;05.554;103;0.097087
05.564;05.555;113;0.123894
05.564;05.556;110;0.136364
05.564;05.557;82;0.085366
05.564;05.558;1706;0.148886
05.564;05.559;618;0.017799
05.564;05.560;1585;0.403155
05.564;05.561;2841;0.008448
05.564;05.562;78;0.102564
05.564;05.563;47;0.191489
05.564;05.564;0;0
05.564;05.565;2384;0.066695
05.564;05.566;1949;0.142124
05.564;05.567;2748;0.048763
05.564;05.568;1287;0.146853
05.564;05.569;1574;0.198856
05.564;05.570;1389;0.272138
05.564;05.571;1075;0.167442
05.564;05.572;996;0.095382
05.564;05.573;1741;0.225158
05.564;05.574;352;0.03125
05.564;05.575;1497;0.086172
05.564;05.576;93;0.193548
05.564;05.577;123;0.073171
05.564;05.578;164;0.073171
05.564;05.579;368;0.038043
05.564;05.580;77;0.103896
05.564;05.581;55;0.218182
05.564;05.582;759;0.176548
05.564;05.583;59;0.186441
05.564;05.584;157;0.101911
05.564;05.585;2023;0.087988
05.564;05.586;214;0.168224
05.564;05.587;77;0.168831
05.564;05.588;119;0.008403
05.564;05.589;401;0.147132
05.564;05.590;2026;0.103159
05.564;05.591;562;0.065836
05.564;05.592;47;0.085106
05.564;05.593;219;0.109589
05.564;05.594;57;0.157895
05.564;05.595;1184;0.027027
05.564;05.596;951;0.037855
05.564;05.597;161;0.124224
05.564;05.598;165;0.066667
05.564;05.599;104;0.086538
05.564;05.600;123;0.105691
05.564;05.601;114;0.201754
05.564;05.604;117;0.136752
05.564;05.607;79;0.113924
05.564;05.611;1190;0.136134
05.564;05.613;523;0.042065
05.564;05.614;345;0.173913
05.564;05.615;1984;0.017137
05.564;05.616;100;0.11
05.564;22.400;24;0.083333
05.565;05.554;1834;0.230643
05.565;05.555;2637;0.301858
05.565;05.556;2088;0.247605
05.565;05.557;1498;0.263685
05.565;05.558;1148;0.182056
05.565;05.559;3482;0.104825
05.565;05.560;2947;0.356295
05.565;05.561;1542;0.294423
05.565;05.562;2474;0.091754
05.565;05.563;3285;0.19239
05.565;05.564;1878;0.080937
05.565;05.565;0;0
05.565;05.566;1535;0.104886
05.565;05.567;2378;0.057611
05.565;05.568;1277;0.153485
05.565;05.569;1072;0.153918
05.565;05.570;3100;0.42
05.565;05.571;1031;0.188167
05.565;05.572;938;0.083156
05.565;05.573;2030;0.279803
05.565;05.574;384;0.0625
05.565;05.575;1164;0.116838
05.565;05.576;77;0.207792
05.565;05.577;123;0.03252
05.565;05.578;183;0.043716
05.565;05.579;329;0.051672
05.565;05.580;66;0.075758
05.565;05.581;49;0.183673
05.565;05.582;590;0.186441
05.565;05.583;53;0.207547
05.565;05.584;117;0.145299
05.565;05.585;1815;0.073829
05.565;05.586;167;0.125749
05.565;05.587;90;0.211111
05.565;05.588;113;0.00885
05.565;05.589;343;0.142857
05.565;05.590;1327;0.09269
05.565;05.591;599;0.096828
05.565;05.592;49;0.163265
05.565;05.593;147;0.07483
05.565;05.594;48;0.145833
05.565;05.595;1214;0.031301
05.565;05.596;658;0.030395
05.565;05.597;136;0.044118
05.565;05.598;155;0.019355
05.565;05.599;83;0.060241
05.565;05.600;96;0.0625
05.565;05.601;103;0.223301
05.565;05.604;111;0.117117
05.565;05.607;61;0.081967
05.565;05.611;1143;0.139983
05.565;05.613;519;0.038536
05.565;05.614;1174;0.293867
05.565;05.615;1780;0.029775
05.565;05.616;70;0.1
05.565;22.400;108;0.324074
05.566;05.554;2857;0.061603
05.566;05.555;1550;0.210323
05.566;05.556;1253;0.212291
05.566;05.557;2507;0.394894
05.566;05.558;1110;0.233333
05.566;05.559;1049;0.110582
05.566;05.560;2213;0.328061
05.566;05.561;391;0.079284
05.566;05.562;1534;0.111473
05.566;05.563;103;0.174757
05.566;05.564;133;0.06015
05.566;05.565;192;0.067708
05.566;05.566;0;0
05.566;05.567;2453;0.103954
05.566;05.568;1372;0.137026
05.566;05.569;1621;0.159161
05.566;05.570;1191;0.242653
05.566;05.571;1102;0.181488
05.566;05.572;1277;0.1065
05.566;05.573;1481;0.209318
05.566;05.574;330;0.033333
05.566;05.575;1344;0.081101
05.566;05.576;103;0.203883
05.566;05.577;171;0.052632
05.566;05.578;227;0.057269
05.566;05.579;419;0.069212
05.566;05.580;104;0.153846
05.566;05.581;87;0.183908
05.566;05.582;1049;0.170639
05.566;05.583;91;0.274725
05.566;05.584;189;0.179894
05.566;05.585;1156;0.161765
05.566;05.586;275;0.167273
05.566;05.587;104;0.192308
05.566;05.588;132;0.022727
05.566;05.589;517;0.147002
05.566;05.590;1096;0.144161
05.566;05.591;796;0.030151
05.566;05.592;49;0.081633
05.566;05.593;280;0.117857
05.566;05.594;71;0.112676
05.566;05.595;417;0.06235
05.566;05.596;377;0.106101
05.566;05.597;181;0.138122
05.566;05.598;184;0.065217
05.566;05.599;118;0.059322
05.566;05.600;130;0.123077
05.566;05.601;137;0.160584
05.566;05.604;159;0.132075
05.566;05.607;109;0.174312
05.566;05.611;1430;0.134965
05.566;05.613;724;0.087017
05.566;05.614;336;0.193452
05.566;05.615;1268;0.029968
05.566;05.616;99;0.111111
05.566;22.400;27;0.111111
05.567;05.554;338;0.065089
05.567;05.555;60;0.083333
05.567;05.556;58;0.172414
05.567;05.557;550;0.183636
05.567;05.558;67;0.223881
05.567;05.559;141;0.120567
05.567;05.560;1783;0.088615
05.567;05.561;169;0.189349
05.567;05.562;85;0.117647
05.567;05.563;123;0.02439
05.567;05.564;367;0.158038
05.567;05.565;1800;0.18
05.567;05.566;949;0.047418
05.567;05.567;0;0
05.567;05.568;1377;0.126362
05.567;05.569;1457;0.168154
05.567;05.570;1384;0.259393
05.567;05.571;1178;0.159593
05.567;05.572;2244;0.072193
05.567;05.573;1572;0.184478
05.567;05.574;778;0.008997
05.567;05.575;2569;0.055274
05.567;05.576;114;0.184211
05.567;05.577;151;0.092715
05.567;05.578;216;0.087963
05.567;05.579;390;0.069231
05.567;05.580;89;0.101124
05.567;05.581;84;0.130952
05.567;05.582;930;0.180645
05.567;05.583;88;0.193182
05.567;05.584;180;0.116667
05.567;05.585;2344;0.0657
05.567;05.586;272;0.143382
05.567;05.587;97;0.206186
05.567;05.588;135;0.022222
05.567;05.589;573;0.157068
05.567;05.590;1951;0.08816
05.567;05.591;1267;0.017364
05.567;05.592;58;0.12069
05.567;05.593;227;0.096916
05.567;05.594;71;0.112676
05.567;05.595;1626;0.012915
05.567;05.596;963;0.033229
05.567;05.597;179;0.089385
05.567;05.598;198;0.050505
05.567;05.599;116;0.068966
05.567;05.600;120;0.108333
05.567;05.601;152;0.190789
05.567;05.604;155;0.077419
05.567;05.607;96;0.145833
05.567;05.611;1348;0.117953
05.567;05.613;613;0.066884
05.567;05.614;423;0.12766
05.567;05.615;3085;0.001945
05.567;05.616;102;0.107843
05.567;22.400;33;0.181818
05.568;05.554;46;0.065217
05.568;05.555;178;0.146067
05.568;05.556;50;0.08
05.568;05.557;1323;0.038549
05.568;05.558;711;0.070323
05.568;05.559;132;0.083333
05.568;05.560;169;0.071006
05.568;05.561;100;0.07
05.568;05.562;113;0.106195
05.568;05.563;108;0.212963
05.568;05.564;126;0.18254
05.568;05.565;79;0.139241
05.568;05.566;1497;0.207081
05.568;05.567;538;0.053903
05.568;05.568;0;0
05.568;05.569;1550;0.170968
05.568;05.570;1514;0.317041
05.568;05.571;1077;0.212628
05.568;05.572;1089;0.100092
05.568;05.573;1455;0.209622
05.568;05.574;315;0.038095
05.568;05.575;970;0.13299
05.568;05.576;100;0.26
05.568;05.577;156;0.038462
05.568;05.578;213;0.051643
05.568;05.579;378;0.050265
05.568;05.580;79;0.126582
05.568;05.581;78;0.192308
05.568;05.582;808;0.173267
05.568;05.583;78;0.217949
05.568;05.584;146;0.130137
05.568;05.585;1064;0.158835
05.568;05.586;188;0.202128
05.568;05.587;83;0.204819
05.568;05.588;115;0.017391
05.568;05.589;408;0.196078
05.568;05.590;1138;0.1529
05.568;05.591;431;0.064965
05.568;05.592;57;0.122807
05.568;05.593;191;0.115183
05.568;05.594;75;0.16
05.568;05.595;450;0.062222
05.568;05.596;384;0.109375
05.568;05.597;157;0.133758
05.568;05.598;180;0.055556
05.568;05.599;109;0.165138
05.568;05.600;116;0.12069
05.568;05.601;107;0.168224
05.568;05.604;136;0.139706
05.568;05.607;119;0.12605
05.568;05.611;2082;0.168588
05.568;05.613;604;0.057947
05.568;05.614;305;0.216393
05.568;05.615;692;0.096821
05.568;05.616;79;0.126582
05.568;22.400;37;0.189189
05.569;05.554;619;0.3021
05.569;05.555;2353;0.032299
05.569;05.556;89;0.11236
05.569;05.557;26;0.230769
05.569;05.558;2496;0.21234
05.569;05.559;2014;0.173287
05.569;05.560;1294;0.156878
05.569;05.561;939;0.074547
05.569;05.562;1767;0.109225
05.569;05.563;2533;0.300434
05.569;05.564;1754;0.217788
05.569;05.565;1356;0.121681
05.569;05.566;1764;0.18424
05.569;05.567;1225;0.147755
05.569;05.568;1400;0.098571
05.569;05.569;0;0
05.569;05.570;819;0.185592
05.569;05.571;1137;0.230431
05.569;05.572;1251;0.147082
05.569;05.573;1732;0.230947
05.569;05.574;309;0.074434
05.569;05.575;963;0.180685
05.569;05.576;105;0.295238
05.569;05.577;153;0.058824
05.569;05.578;207;0.062802
05.569;05.579;334;0.062874
05.569;05.580;58;0.155172
05.569;05.581;68;0.220588
05.569;05.582;720;0.2
05.569;05.583;58;0.275862
05.569;05.584;191;0.235602
05.569;05.585;1095;0.20274
05.569;05.586;282;0.262411
05.569;05.587;100;0.25
05.569;05.588;131;0.030534
05.569;05.589;576;0.260417
05.569;05.590;1355;0.210332
05.569;05.591;414;0.13285
05.569;05.592;53;0.169811
05.569;05.593;289;0.221453
05.569;05.594;74;0.148649
05.569;05.595;425;0.152941
05.569;05.596;371;0.169811
05.569;05.597;192;0.166667
05.569;05.598;184;0.076087
05.569;05.599;116;0.163793
05.569;05.600;139;0.165468
05.569;05.601;113;0.168142
05.569;05.604;164;0.121951
05.569;05.607;115;0.156522
05.569;05.611;1520;0.165789
05.569;05.613;543;0.071823
05.569;05.614;206;0.213592
05.569;05.615;606;0.130363
05.569;05.616;83;0.084337
05.569;22.400;23;0.130435
05.570;05.554;1701;0.134039
05.570;05.555;1039;0.151107
05.570;05.556;3203;0.385888
05.570;05.557;774;0.138243
05.570;05.558;905;0.075138
05.570;05.559;1404;0.2151
05.570;05.560;287;0.052265
05.570;05.561;1068;0.093633
05.570;05.562;71;0.211268
05.570;05.563;133;0.052632
05.570;05.564;195;0.076923
05.570;05.565;297;0.050505
05.570;05.566;67;0.149254
05.570;05.567;51;0.117647
05.570;05.568;550;0.165455
05.570;05.569;63;0.238095
05.570;05.570;0;0
05.570;05.571;925;0.389189
05.570;05.572;906;0.199779
05.570;05.573;1817;0.361585
05.570;05.574;341;0.170088
05.570;05.575;1035;0.274396
05.570;05.576;72;0.277778
05.570;05.577;112;0.142857
05.570;05.578;151;0.119205
05.570;05.579;349;0.065903
05.570;05.580;67;0.208955
05.570;05.581;43;0.232558
05.570;05.582;399;0.320802
05.570;05.583;50;0.3
05.570;05.584;122;0.262295
05.570;05.585;1012;0.290514
05.570;05.586;134;0.276119
05.570;05.587;60;0.25
05.570;05.588;114;0.008772
05.570;05.589;332;0.298193
05.570;05.590;1290;0.308527
05.570;05.591;518;0.216216
05.570;05.592;39;0.102564
05.570;05.593;134;0.208955
05.570;05.594;36;0.194444
05.570;05.595;556;0.318345
05.570;05.596;343;0.282799
05.570;05.597;111;0.243243
05.570;05.598;147;0.14966
05.570;05.599;71;0.197183
05.570;05.600;74;0.202703
05.570;05.601;77;0.311688
05.570;05.604;86;0.27907
05.570;05.607;67;0.298507
05.570;05.611;1298;0.276579
05.570;05.613;477;0.106918
05.570;05.614;3371;0.437852
05.570;05.615;885;0.264407
05.570;05.616;77;0.077922
05.570;22.400;128;0.4375
05.571;05.554;119;0.12605
05.571;05.555;1035;0.128502
05.571;05.556;148;0.148649
05.571;05.557;61;0.098361
05.571;05.558;105;0
05.571;05.559;325;0.129231
05.571;05.560;1204;0.112957
05.571;05.561;538;0.061338
05.571;05.562;40;0.025
05.571;05.563;157;0.076433
05.571;05.564;59;0.135593
05.571;05.565;581;0.05852
05.571;05.566;315;0.073016
05.571;05.567;94;0.021277
05.571;05.568;152;0.032895
05.571;05.569;67;0.104478
05.571;05.570;84;0.059524
05.571;05.571;0;0
05.571;05.572;1022;0.142857
05.571;05.573;1161;0.267873
05.571;05.574;343;0.087464
05.571;05.575;1097;0.160438
05.571;05.576;111;0.216216
05.571;05.577;117;0.051282
05.571;05.578;167;0.155689
05.571;05.579;277;0.122744
05.571;05.580;132;0.189394
05.571;05.581;102;0.215686
05.571;05.582;934;0.233405
05.571;05.583;111;0.27027
05.571;05.584;231;0.199134
05.571;05.585;1197;0.216374
05.571;05.586;295;0.213559
05.571;05.587;167;0.263473
05.571;05.588;127;0.07874
05.571;05.589;782;0.230179
05.571;05.590;1341;0.199105
05.571;05.591;463;0.103672
05.571;05.592;53;0.09434
05.571;05.593;306;0.124183
05.571;05.594;77;0.207792
05.571;05.595;470;0.13617
05.571;05.596;387;0.113695
05.571;05.597;182;0.131868
05.571;05.598;139;0.057554
05.571;05.599;102;0.058824
05.571;05.600;141;0.049645
05.571;05.601;138;0.231884
05.571;05.604;211;0.184834
05.571;05.607;135;0.214815
05.571;05.611;1072;0.203358
05.571;05.613;517;0.137331
05.571;05.614;332;0.222892
05.571;05.615;690;0.102899
05.571;05.616;77;0.090909
05.571;22.400;44;0.340909
05.572;05.554;89;0.123596
05.572;05.555;109;0.12844
05.572;05.556;65;0.061538
05.572;05.557;1330;0.122556
05.572;05.558;507;0.047337
05.572;05.559;2348;0.23339
05.572;05.560;893;0.06383
05.572;05.561;52;0.076923
05.572;05.562;82;0.243902
05.572;05.563;2224;0.156025
05.572;05.564;2585;0.388395
05.572;05.565;1137;0.186456
05.572;05.566;2844;0.278129
05.572;05.567;5308;0.459872
05.572;05.568;2394;0.329156
05.572;05.569;1649;0.187993
05.572;05.570;2517;0.272944
05.572;05.571;1304;0.148773
05.572;05.572;0;0
05.572;05.573;1019;0.158979
05.572;05.574;805;0.013665
05.572;05.575;2129;0.080319
05.572;05.576;100;0.16
05.572;05.577;157;0.050955
05.572;05.578;203;0.034483
05.572;05.579;403;0.07196
05.572;05.580;112;0.071429
05.572;05.581;104;0.182692
05.572;05.582;983;0.131231
05.572;05.583;103;0.242718
05.572;05.584;221;0.117647
05.572;05.585;1678;0.107271
05.572;05.586;315;0.104762
05.572;05.587;142;0.161972
05.572;05.588;131;0
05.572;05.589;681;0.14978
05.572;05.590;1081;0.113784
05.572;05.591;868;0.032258
05.572;05.592;58;0.103448
05.572;05.593;257;0.054475
05.572;05.594;60;0.1
05.572;05.595;798;0.017544
05.572;05.596;364;0.063187
05.572;05.597;219;0.068493
05.572;05.598;202;0.054455
05.572;05.599;145;0.034483
05.572;05.600;119;0.07563
05.572;05.601;143;0.097902
05.572;05.604;183;0.071038
05.572;05.607;114;0.096491
05.572;05.611;1098;0.090164
05.572;05.613;659;0.068285
05.572;05.614;248;0.149194
05.572;05.615;1189;0.018503
05.572;05.616;79;0.063291
05.572;22.400;30;0.066667
05.573;05.554;1743;0.172691
05.573;05.555;1890;0.178836
05.573;05.556;1123;0.135352
05.573;05.557;3381;0.455782
05.573;05.558;1155;0.251948
05.573;05.559;1004;0.12251
05.573;05.560;1854;0.247033
05.573;05.561;379;0.105541
05.573;05.562;1252;0.193291
05.573;05.563;88;0.181818
05.573;05.564;151;0.039735
05.573;05.565;236;0.038136
05.573;05.566;413;0.026634
05.573;05.567;68;0.058824
05.573;05.568;54;0.12963
05.573;05.569;502;0.179283
05.573;05.570;58;0.189655
05.573;05.571;117;0.136752
05.573;05.572;1328;0.192018
05.573;05.573;0;0
05.573;05.574;318;0.075472
05.573;05.575;1009;0.203171
05.573;05.576;100;0.21
05.573;05.577;151;0.059603
05.573;05.578;225;0.053333
05.573;05.579;394;0.06599
05.573;05.580;86;0.127907
05.573;05.581;61;0.262295
05.573;05.582;784;0.223214
05.573;05.583;71;0.309859
05.573;05.584;165;0.248485
05.573;05.585;1104;0.203804
05.573;05.586;240;0.25
05.573;05.587;90;0.222222
05.573;05.588;123;0.02439
05.573;05.589;442;0.219457
05.573;05.590;1359;0.236203
05.573;05.591;511;0.16047
05.573;05.592;46;0.065217
05.573;05.593;244;0.184426
05.573;05.594;66;0.090909
05.573;05.595;494;0.17004
05.573;05.596;412;0.179612
05.573;05.597;168;0.166667
05.573;05.598;187;0.128342
05.573;05.599;110;0.145455
05.573;05.600;137;0.218978
05.573;05.601;114;0.184211
05.573;05.604;157;0.210191
05.573;05.607;98;0.173469
05.573;05.611;1458;0.20439
05.573;05.613;623;0.089888
05.573;05.614;413;0.372881
05.573;05.615;814;0.179361
05.573;05.616;103;0.15534
05.573;22.400;35;0.171429
05.574;05.554;176;0.215909
05.574;05.555;70;0.142857
05.574;05.556;109;0.009174
05.574;05.557;360;0.188889
05.574;05.558;1426;0.199158
05.574;05.559;655;0.164885
05.574;05.560;43;0.069767
05.574;05.561;165;0.133333
05.574;05.562;60;0.1
05.574;05.563;775;0.188387
05.574;05.564;473;0.205074
05.574;05.565;124;0.120968
05.574;05.566;148;0.060811
05.574;05.567;81;0.148148
05.574;05.568;87;0.172414
05.574;05.569;104;0.125
05.574;05.570;94;0.223404
05.574;05.571;72;0.138889
05.574;05.572;1502;0.121838
05.574;05.573;600;0.035
05.574;05.574;0;0
05.574;05.575;741;0.014845
05.574;05.576;395;0.210127
05.574;05.577;49;0.040816
05.574;05.578;74;0.040541
05.574;05.579;209;0.105263
05.574;05.580;30;0.033333
05.574;05.581;123;0.089431
05.574;05.582;259;0.100386
05.574;05.583;112;0.169643
05.574;05.584;71;0.126761
05.574;05.585;842;0.033254
05.574;05.586;128;0.070312
05.574;05.587;135;0.140741
05.574;05.588;32;0
05.574;05.589;294;0.102041
05.574;05.590;362;0.074586
05.574;05.591;1038;0.052987
05.574;05.592;120;0.1
05.574;05.593;49;0.040816
05.574;05.594;37;0.108108
05.574;05.595;671;0
05.574;05.596;134;0.029851
05.574;05.597;338;0.056213
05.574;05.598;132;0.015152
05.574;05.599;158;0.031646
05.574;05.600;36;0.055556
05.574;05.601;170;0.076471
05.574;05.604;55;0.036364
05.574;05.607;34;0.029412
05.574;05.611;335;0.086567
05.574;05.613;167;0.02994
05.574;05.614;123;0.105691
05.574;05.615;718;0.005571
05.574;05.616;159;0.031447
05.574;22.400;26;0.115385
05.575;05.554;387;0.307494
05.575;05.555;1213;0.198681
05.575;05.556;66;0.121212
05.575;05.557;70;0.314286
05.575;05.558;1224;0.173203
05.575;05.559;1183;0.153001
05.575;05.560;1508;0.154509
05.575;05.561;2245;0.267706
05.575;05.562;1250;0.2504
05.575;05.563;1708;0.172717
05.575;05.564;1616;0.205446
05.575;05.565;1476;0.186992
05.575;05.566;1549;0.151065
05.575;05.567;2178;0.171717
05.575;05.568;1731;0.189486
05.575;05.569;1791;0.335008
05.575;05.570;1228;0.213355
05.575;05.571;1071;0.141923
05.575;05.572;2003;0.231153
05.575;05.573;322;0.074534
05.575;05.574;1044;0.176245
05.575;05.575;0;0
05.575;05.576;126;0.174603
05.575;05.577;125;0.12
05.575;05.578;167;0.113772
05.575;05.579;352;0.110795
05.575;05.580;110;0.172727
05.575;05.581;123;0.178862
05.575;05.582;849;0.170789
05.575;05.583;120;0.266667
05.575;05.584;202;0.168317
05.575;05.585;1938;0.141899
05.575;05.586;278;0.154676
05.575;05.587;154;0.24026
05.575;05.588;130;0.015385
05.575;05.589;834;0.211031
05.575;05.590;1433;0.104676
05.575;05.591;1376;0.013081
05.575;05.592;49;0.081633
05.575;05.593;234;0.098291
05.575;05.594;69;0.231884
05.575;05.595;789;0.020279
05.575;05.596;571;0.043783
05.575;05.597;178;0.067416
05.575;05.598;176;0.039773
05.575;05.599;115;0.06087
05.575;05.600;135;0.074074
05.575;05.601;121;0.190083
05.575;05.604;173;0.098266
05.575;05.607;118;0.101695
05.575;05.611;930;0.125806
05.575;05.613;560;0.103571
05.575;05.614;348;0.152299
05.575;05.615;1954;0.011771
05.575;05.616;103;0.106796
05.575;22.400;36;0.166667
05.576;05.554;100;0.31
05.576;05.555;153;0.045752
05.576;05.556;241;0.045643
05.576;05.557;392;0.048469
05.576;05.558;95;0.157895
05.576;05.559;54;0.203704
05.576;05.560;668;0.218563
05.576;05.561;62;0.177419
05.576;05.562;163;0.171779
05.576;05.563;1157;0.165082
05.576;05.564;199;0.226131
05.576;05.565;95;0.231579
05.576;05.566;120;0.016667
05.576;05.567;445;0.211236
05.576;05.568;1375;0.188364
05.576;05.569;487;0.117043
05.576;05.570;45;0.066667
05.576;05.571;233;0.124464
05.576;05.572;75;0.133333
05.576;05.573;607;0.107084
05.576;05.574;457;0.170678
05.576;05.575;160;0.2125
05.576;05.576;0;0
05.576;05.577;13;0.076923
05.576;05.578;21;0
05.576;05.579;54;0.259259
05.576;05.580;5;0.101124
05.576;05.581;54;0.333333
05.576;05.582;126;0.293651
05.576;05.583;43;0.348837
05.576;05.584;29;0.172414
05.576;05.585;148;0.277027
05.576;05.586;34;0.264706
05.576;05.587;46;0.413043
05.576;05.588;5;0.163043
05.576;05.589;151;0.278146
05.576;05.590;97;0.268041
05.576;05.591;225;0.182222
05.576;05.592;60;0.216667
05.576;05.593;13;0.230769
05.576;05.594;11;0
05.576;05.595;47;0.106383
05.576;05.596;37;0.135135
05.576;05.597;360;0.244444
05.576;05.598;76;0.184211
05.576;05.599;112;0.1875
05.576;05.600;9;0.267717
05.576;05.601;85;0.270588
05.576;05.604;9;0.134921
05.576;05.607;10;0.2
05.576;05.611;111;0.243243
05.576;05.613;49;0.183673
05.576;05.614;38;0.315789
05.576;05.615;110;0.145455
05.576;05.616;108;0.194444
05.576;22.400;6;0.219178
05.577;05.554;178;0.179245
05.577;05.555;92;0.148544
05.577;05.556;127;0.0528
05.577;05.557;126;0.133641
05.577;05.558;146;0.145952
05.577;05.559;106;0.183673
05.577;05.560;1683;0.244444
05.577;05.561;625;0.022082
05.577;05.562;217;0.195663
05.577;05.563;877;0.450432
05.577;05.564;98;0.268311
05.577;05.565;45;0.148673
05.577;05.566;1902;0.213613
05.577;05.567;1937;0.168636
05.577;05.568;2431;0.113967
05.577;05.569;1338;0.169
05.577;05.570;1130;0.155642
05.577;05.571;1381;0.396736
05.577;05.572;931;0.176329
05.577;05.573;1167;0.100662
05.577;05.574;1000;0.241604
05.577;05.575;771;0.054545
05.577;05.576;1593;0.137572
05.577;05.577;0;0
05.577;05.578;275;0.170909
05.577;05.579;107;0.018692
05.577;05.580;81;0.17284
05.577;05.581;10;0.2
05.577;05.582;106;0.084906
05.577;05.583;14;0.071429
05.577;05.584;82;0.207317
05.577;05.585;145;0.124138
05.577;05.586;28;0.107143
05.577;05.587;13;0
05.577;05.588;33;0.030303
05.577;05.589;130;0.130769
05.577;05.590;97;0.061856
05.577;05.591;69;0.057971
05.577;05.592;18;0.055556
05.577;05.593;57;0.122807
05.577;05.594;235;0.204255
05.577;05.595;47;0.148936
05.577;05.596;63;0.111111
05.577;05.597;13;0
05.577;05.598;22;0
05.577;05.599;9;0.170213
05.577;05.600;22;0.045455
05.577;05.601;30;0.066667
05.577;05.604;64;0.1875
05.577;05.607;57;0.192982
05.577;05.611;143;0.027972
05.577;05.613;197;0.050761
05.577;05.614;26;0.230769
05.577;05.615;77;0.103896
05.577;05.616;31;0.096774
05.577;22.400;5;0.100917
05.578;05.554;828;0.159664
05.578;05.555;755;0.078838
05.578;05.556;1072;0.240741
05.578;05.557;330;0.134328
05.578;05.558;865;0.209125
05.578;05.559;94;0.178571
05.578;05.560;109;0.10989
05.578;05.561;119;0.14859
05.578;05.562;241;0.202312
05.578;05.563;108;0.178571
05.578;05.564;67;0.051471
05.578;05.565;526;0.174684
05.578;05.566;84;0.149682
05.578;05.567;182;0.07483
05.578;05.568;922;0.15
05.578;05.569;173;0.092391
05.578;05.570;112;0.215385
05.578;05.571;136;0.065574
05.578;05.572;395;0.08284
05.578;05.573;942;0.10596
05.578;05.574;441;0.028571
05.578;05.575;40;0.079208
05.578;05.576;184;0.117647
05.578;05.577;65;0.15625
05.578;05.578;0;0
05.578;05.579;98;0.040816
05.578;05.580;91;0.10989
05.578;05.581;13;0.076923
05.578;05.582;193;0.150259
05.578;05.583;22;0.045455
05.578;05.584;82;0.231707
05.578;05.585;171;0.146199
05.578;05.586;46;0.086957
05.578;05.587;19;0.052632
05.578;05.588;29;0.068966
05.578;05.589;183;0.196721
05.578;05.590;140;0.121429
05.578;05.591;79;0.101266
05.578;05.592;25;0
05.578;05.593;62;0.112903
05.578;05.594;263;0.273764
05.578;05.595;57;0.140351
05.578;05.596;61;0.098361
05.578;05.597;14;0
05.578;05.598;24;0.041667
05.578;05.599;14;0.071429
05.578;05.600;22;0.227273
05.578;05.601;49;0.163265
05.578;05.604;55;0.145455
05.578;05.607;54;0.166667
05.578;05.611;224;0.058036
05.578;05.613;192;0.083333
05.578;05.614;45;0.111111
05.578;05.615;107;0.093458
05.578;05.616;27;0.148148
05.578;22.400;2;0.166667
05.579;05.554;610;0.147368
05.579;05.555;338;0.142694
05.579;05.556;151;0.104326
05.579;05.557;175;0.308532
05.579;05.558;101;0.081807
05.579;05.559;119;0.119816
05.579;05.560;96;0.170732
05.579;05.561;126;0.045161
05.579;05.562;95;0.227894
05.579;05.563;876;0.145527
05.579;05.564;393;0.089682
05.579;05.565;1008;0.130172
05.579;05.566;819;0.093154
05.579;05.567;217;0.053333
05.579;05.568;41;0.104053
05.579;05.569;1085;0.114173
05.579;05.570;1097;0.266522
05.579;05.571;749;0.12875
05.579;05.572;1037;0.047552
05.579;05.573;991;0.219588
05.579;05.574;891;0.025078
05.579;05.575;1050;0.069577
05.579;05.576;913;0.132743
05.579;05.577;762;0.043478
05.579;05.578;923;0.087912
05.579;05.579;0;0
05.579;05.580;63;0.031746
05.579;05.581;406;0.270936
05.579;05.582;284;0.18662
05.579;05.583;436;0.293578
05.579;05.584;109;0.275229
05.579;05.585;389;0.102828
05.579;05.586;143;0.230769
05.579;05.587;91;0.241758
05.579;05.588;31;0
05.579;05.589;255;0.203922
05.579;05.590;259;0.131274
05.579;05.591;235;0.093617
05.579;05.592;59;0.186441
05.579;05.593;45;0.066667
05.579;05.594;31;0.096774
05.579;05.595;98;0.091837
05.579;05.596;94;0.074468
05.579;05.597;76;0.210526
05.579;05.598;49;0.102041
05.579;05.599;54;0.12963
05.579;05.600;32;0.09375
05.579;05.601;110;0.136364
05.579;05.604;22;0.045455
05.579;05.607;21;0.047619
05.579;05.611;380;0.081579
05.579;05.613;396;0.058081
05.579;05.614;65;0.123077
05.579;05.615;206;0.048544
05.579;05.616;80;0.2875
05.579;22.400;4;0.086538
05.580;05.554;800;0.142857
05.580;05.555;715;0.128205
05.580;05.556;970;0.131078
05.580;05.557;319;0.174419
05.580;05.558;733;0.089385
05.580;05.559;113;0.105541
05.580;05.560;92;0.115385
05.580;05.561;91;0.111111
05.580;05.562;208;0.027972
05.580;05.563;84;0.137116
05.580;05.564;78;0.087438
05.580;05.565;473;0.037406
05.580;05.566;86;0.117647
05.580;05.567;179;0.094241
05.580;05.568;758;0.229508
05.580;05.569;208;0.044574
05.580;05.570;126;0.059748
05.580;05.571;143;0.11413
05.580;05.572;423;0.032258
05.580;05.573;812;0.129496
05.580;05.574;401;0.099174
05.580;05.575;51;0.107843
05.580;05.576;191;0.092199
05.580;05.577;61;0.149533
05.580;05.578;516;0.091928
05.580;05.579;318;0.068249
05.580;05.580;0;0
05.580;05.581;11;0.090909
05.580;05.582;123;0.162602
05.580;05.583;20;0.05
05.580;05.584;322;0.167702
05.580;05.585;110;0.145455
05.580;05.586;44;0.113636
05.580;05.587;10;0
05.580;05.588;38;0.105263
05.580;05.589;188;0.180851
05.580;05.590;69;0.144928
05.580;05.591;25;0
05.580;05.592;7;0.13099
05.580;05.593;93;0.139785
05.580;05.594;91;0.263736
05.580;05.595;65;0.169231
05.580;05.596;75;0.146667
05.580;05.597;3;0.03022
05.580;05.598;9;0.135638
05.580;05.599;3;0.230769
05.580;05.600;26;0.192308
05.580;05.601;46;0.282609
05.580;05.604;94;0.12766
05.580;05.607;103;0.15534
05.580;05.611;88;0.159091
05.580;05.613;340;0.164706
05.580;05.614;23;0.043478
05.580;05.615;61;0.098361
05.580;05.616;77;0.285714
05.580;22.400;5;0.336301
05.581;05.554;184;0.200521
05.581;05.555;186;0.040197
05.581;05.556;139;0.127049
05.581;05.557;121;0.054524
05.581;05.558;102;0.014887
05.581;05.559;141;0.122157
05.581;05.560;107;0.133406
05.581;05.561;892;0.358374
05.581;05.562;337;0.149948
05.581;05.563;313;0.036735
05.581;05.564;728;0.201871
05.581;05.565;376;0.001403
05.581;05.566;39;0.033047
05.581;05.567;3482;0.127907
05.581;05.568;1920;0.110092
05.581;05.569;2438;0.095238
05.581;05.570;2928;0.048872
05.581;05.571;1669;0.15625
05.581;05.572;3493;0.166667
05.581;05.573;1187;0.150905
05.581;05.574;922;0.163265
05.581;05.575;2436;0.071942
05.581;05.576;967;0.046296
05.581;05.577;1470;0.147727
05.581;05.578;1283;0.170455
05.581;05.579;713;0.022901
05.581;05.580;2209;0.162602
05.581;05.581;0;0
05.581;05.582;88;0.147727
05.581;05.583;593;0.197302
05.581;05.584;95;0.242105
05.581;05.585;122;0.139344
05.581;05.586;142;0.15493
05.581;05.587;117;0.264957
05.581;05.588;6;0.059347
05.581;05.589;149;0.201342
05.581;05.590;87;0.275862
05.581;05.591;63;0.174603
05.581;05.592;35;0.2
05.581;05.593;4;0.006757
05.581;05.594;3;0.02381
05.581;05.595;29;0.103448
05.581;05.596;13;0
05.581;05.597;99;0.090909
05.581;05.598;59;0.050847
05.581;05.599;88;0.102273
05.581;05.600;86;0.090909
05.581;05.601;83;0.156627
05.581;05.604;1;0.155556
05.581;05.607;2;0.005031
05.581;05.611;92;0.217391
05.581;05.613;64;0.234375
05.581;05.614;55;0.145455
05.581;05.615;83;0.036145
05.581;05.616;104;0.105769
05.581;22.400;4;0.013049
05.582;05.554;109;0.034188
05.582;05.555;126;0.02809
05.582;05.556;266;0.022727
05.582;05.557;64;0.075472
05.582;05.558;48;0.197802
05.582;05.559;497;0.095652
05.582;05.560;49;0.101266
05.582;05.561;139;0.112676
05.582;05.562;1944;0.061611
05.582;05.563;176;0.19457
05.582;05.564;88;0.000317
05.582;05.565;131;0.026316
05.582;05.566;369;0.214286
05.582;05.567;1685;0.4172
05.582;05.568;1332;0.216709
05.582;05.569;42;0.3446
05.582;05.570;132;0.15295
05.582;05.571;45;0.183754
05.582;05.572;1789;0.231973
05.582;05.573;843;0.180982
05.582;05.574;117;0.489967
05.582;05.575;178;0.275062
05.582;05.576;88;0.101739
05.582;05.577;106;0.162655
05.582;05.578;91;0.151934
05.582;05.579;115;0.184592
05.582;05.580;79;0.166667
05.582;05.581;1207;0.037975
05.582;05.582;0;0
05.582;05.583;71;0.225352
05.582;05.584;271;0.214022
05.582;05.585;956;0.207113
05.582;05.586;321;0.180685
05.582;05.587;166;0.162651
05.582;05.588;101;0.079208
05.582;05.589;1046;0.173996
05.582;05.590;851;0.218566
05.582;05.591;272;0.132353
05.582;05.592;53;0.132075
05.582;05.593;272;0.128676
05.582;05.594;83;0.228916
05.582;05.595;353;0.090652
05.582;05.596;378;0.148148
05.582;05.597;249;0.13253
05.582;05.598;159;0.08805
05.582;05.599;150;0.086667
05.582;05.600;173;0.121387
05.582;05.601;167;0.197605
05.582;05.604;263;0.144487
05.582;05.607;163;0.128834
05.582;05.611;886;0.188488
05.582;05.613;542;0.173432
05.582;05.614;163;0.233129
05.582;05.615;400;0.0875
05.582;05.616;88;0.079545
05.582;22.400;16;0.125
05.583;05.554;422;0.030568
05.583;05.555;884;0.024814
05.583;05.556;3154;0.108108
05.583;05.557;76;0.188679
05.583;05.558;70;0.176895
05.583;05.559;2500;0.181818
05.583;05.560;1592;0.136
05.583;05.561;2426;0.239566
05.583;05.562;1288;0.236025
05.583;05.563;1785;0.232143
05.583;05.564;1789;0.015748
05.583;05.565;1304;0.167582
05.583;05.566;3688;0.265748
05.583;05.567;1207;0.132903
05.583;05.568;1150;0.085106
05.583;05.569;1371;0.16568
05.583;05.570;362;0.095238
05.583;05.571;1311;0.206767
05.583;05.572;84;0.212528
05.583;05.573;158;0.13913
05.583;05.574;229;0.141026
05.583;05.575;403;0.166667
05.583;05.576;74;0.166667
05.583;05.577;53;0.126214
05.583;05.578;554;0.242718
05.583;05.579;55;0.172414
05.583;05.580;125;0.198451
05.583;05.581;1198;0.037099
05.583;05.582;161;0.470279
05.583;05.583;0;0
05.583;05.584;110;0.263636
05.583;05.585;124;0.282258
05.583;05.586;144;0.236111
05.583;05.587;128;0.226562
05.583;05.588;5;0.165702
05.583;05.589;180;0.222222
05.583;05.590;82;0.292683
05.583;05.591;74;0.243243
05.583;05.592;45;0.311111
05.583;05.593;7;0.078947
05.583;05.594;7;0.529412
05.583;05.595;28;0.107143
05.583;05.596;18;0.055556
05.583;05.597;65;0.2
05.583;05.598;29;0.206897
05.583;05.599;46;0.217391
05.583;05.600;5;0.200168
05.583;05.601;120;0.191667
05.583;05.604;2;0.319807
05.583;05.607;2;0.187575
05.583;05.611;94;0.265957
05.583;05.613;85;0.258824
05.583;05.614;42;0.238095
05.583;05.615;69;0.043478
05.583;05.616;102;0.166667
05.583;22.400;4;0.160413
05.584;05.554;56;0.190639
05.584;05.555;127;0.211911
05.584;05.556;364;0.422846
05.584;05.557;1524;0.252918
05.584;05.558;775;0.137931
05.584;05.559;47;0.325883
05.584;05.560;169;0.073913
05.584;05.561;63;0.149171
05.584;05.562;798;0.25
05.584;05.563;447;0.115942
05.584;05.564;115;0.188889
05.584;05.565;156;0.080214
05.584;05.566;90;0.173913
05.584;05.567;90;0.230769
05.584;05.568;103;0.254237
05.584;05.569;103;0.181818
05.584;05.570;87;0.133333
05.584;05.571;1678;0.202166
05.584;05.572;593;0.207547
05.584;05.573;1901;0.176471
05.584;05.574;1382;0.011111
05.584;05.575;76;0.208333
05.584;05.576;68;0.183099
05.584;05.577;1194;0.093596
05.584;05.578;3721;0.047619
05.584;05.579;837;0.145038
05.584;05.580;1066;0.289474
05.584;05.581;876;0.124454
05.584;05.582;722;0.135231
05.584;05.583;3493;0.064103
05.584;05.584;0;0
05.584;05.585;224;0.205357
05.584;05.586;116;0.137931
05.584;05.587;62;0.241935
05.584;05.588;85;0.070588
05.584;05.589;316;0.170886
05.584;05.590;155;0.219355
05.584;05.591;76;0.144737
05.584;05.592;18;0.166667
05.584;05.593;179;0.106145
05.584;05.594;96;0.21875
05.584;05.595;169;0.100592
05.584;05.596;172;0.127907
05.584;05.597;50;0.18
05.584;05.598;57;0.192982
05.584;05.599;48;0.104167
05.584;05.600;128;0.0625
05.584;05.601;123;0.162602
05.584;05.604;203;0.123153
05.584;05.607;175;0.091429
05.584;05.611;189;0.190476
05.584;05.613;470;0.187234
05.584;05.614;55;0.163636
05.584;05.615;122;0.040984
05.584;05.616;109;0.238532
05.584;22.400;7;0.034188
05.585;05.554;1028;0.044444
05.585;05.555;667;0.059701
05.585;05.556;1387;0.190476
05.585;05.557;230;0.175
05.585;05.558;905;0.191489
05.585;05.559;52;0.187744
05.585;05.560;69;0.096154
05.585;05.561;90;0.243867
05.585;05.562;187;0.123711
05.585;05.563;46;0.072727
05.585;05.564;39;0.243243
05.585;05.565;472;0.066695
05.585;05.566;33;0.142124
05.585;05.567;90;0.048763
05.585;05.568;831;0.146853
05.585;05.569;106;0.198856
05.585;05.570;51;0.272138
05.585;05.571;90;0.167442
05.585;05.572;312;0.095382
05.585;05.573;1136;0.225158
05.585;05.574;406;0.03125
05.585;05.575;21;0.086172
05.585;05.576;131;0.193548
05.585;05.577;38;0.073171
05.585;05.578;458;0.073171
05.585;05.579;281;0.038043
05.585;05.580;78;0.103896
05.585;05.581;117;0.218182
05.585;05.582;45;0.176548
05.585;05.583;67;0.186441
05.585;05.584;63;0.101911
05.585;05.585;0;0
05.585;05.586;309;0.132686
05.585;05.587;162;0.209877
05.585;05.588;136;0.014706
05.585;05.589;850;0.225882
05.585;05.590;1376;0.140988
05.585;05.591;952;0.055672
05.585;05.592;62;0.177419
05.585;05.593;280;0.125
05.585;05.594;78;0.294872
05.585;05.595;1664;0.014423
05.585;05.596;780;0.074359
05.585;05.597;268;0.13806
05.585;05.598;224;0.107143
05.585;05.599;161;0.130435
05.585;05.600;155;0.109677
05.585;05.601;144;0.208333
05.585;05.604;245;0.142857
05.585;05.607;98;0.173469
05.585;05.611;990;0.162626
05.585;05.613;685;0.108029
05.585;05.614;328;0.256098
05.585;05.615;1751;0.033695
05.585;05.616;138;0.108696
05.585;22.400;43;0.139535
05.586;05.554;80;0.087988
05.586;05.555;47;0.168224
05.586;05.556;767;0.168831
05.586;05.557;312;0.008403
05.586;05.558;2079;0.147132
05.586;05.559;679;0.103159
05.586;05.560;55;0.065836
05.586;05.561;148;0.085106
05.586;05.562;2384;0.109589
05.586;05.563;1949;0.157895
05.586;05.564;2748;0.027027
05.586;05.565;1287;0.037855
05.586;05.566;1574;0.124224
05.586;05.567;1389;0.066667
05.586;05.568;1075;0.086538
05.586;05.569;996;0.105691
05.586;05.570;1741;0.201754
05.586;05.571;352;0.136752
05.586;05.572;1497;0.113924
05.586;05.573;93;0.136134
05.586;05.574;123;0.042065
05.586;05.575;164;0.173913
05.586;05.576;368;0.017137
05.586;05.577;77;0.11
05.586;05.578;55;0.083333
05.586;05.579;759;0.104886
05.586;05.580;59;0.057611
05.586;05.581;157;0.153485
05.586;05.582;2023;0.153918
05.586;05.583;214;0.42
05.586;05.584;77;0.188167
05.586;05.585;119;0.083156
05.586;05.586;0;0
05.586;05.587;471;0.178344
05.586;05.588;37;0.081081
05.586;05.589;389;0.151671
05.586;05.590;246;0.272358
05.586;05.591;109;0.174312
05.586;05.592;22;0.227273
05.586;05.593;215;0.069767
05.586;05.594;32;0.21875
05.586;05.595;117;0.076923
05.586;05.596;85;0.070588
05.586;05.597;90;0.144444
05.586;05.598;60;0.166667
05.586;05.599;52;0.192308
05.586;05.600;26;0.153846
05.586;05.601;127;0.165354
05.586;05.604;59;0.135593
05.586;05.607;45;0.133333
05.586;05.611;209;0.196172
05.586;05.613;297;0.151515
05.586;05.614;76;0.144737
05.586;05.615;166;0.060241
05.586;05.616;63;0.15873
05.586;22.400;12;0.083333
05.587;05.554;401;0.279803
05.587;05.555;2026;0.0625
05.587;05.556;562;0.116838
05.587;05.557;47;0.207792
05.587;05.558;219;0.03252
05.587;05.559;57;0.043716
05.587;05.560;1184;0.051672
05.587;05.561;951;0.075758
05.587;05.562;161;0.183673
05.587;05.563;165;0.186441
05.587;05.564;104;0.207547
05.587;05.565;123;0.145299
05.587;05.566;114;0.073829
05.587;05.567;117;0.125749
05.587;05.568;79;0.211111
05.587;05.569;1190;0.00885
05.587;05.570;523;0.142857
05.587;05.571;345;0.09269
05.587;05.572;1984;0.096828
05.587;05.573;100;0.163265
05.587;05.574;24;0.07483
05.587;05.575;1535;0.145833
05.587;05.576;2378;0.031301
05.587;05.577;1277;0.030395
05.587;05.578;1072;0.044118
05.587;05.579;3100;0.019355
05.587;05.580;1031;0.060241
05.587;05.581;938;0.0625
05.587;05.582;2030;0.223301
05.587;05.583;384;0.117117
05.587;05.584;1164;0.081967
05.587;05.585;77;0.139983
05.587;05.586;123;0.038536
05.587;05.587;0;0
05.587;05.588;12;0
05.587;05.589;247;0.17004
05.587;05.590;109;0.266055
05.587;05.591;78;0.230769
05.587;05.592;20;0.25
05.587;05.593;65;0.292308
05.587;05.594;9;0.293867
05.587;05.595;52;0.153846
05.587;05.596;36;0.138889
05.587;05.597;84;0.25
05.587;05.598;48;0.1875
05.587;05.599;55;0.2
05.587;05.600;6;0.029775
05.587;05.601;125;0.136
05.587;05.604;1;0.1
05.587;05.607;3;0.324074
05.587;05.611;127;0.212598
05.587;05.613;189;0.21164
05.587;05.614;37;0.135135
05.587;05.615;122;0.122951
05.587;05.616;96;0.197917
05.587;22.400;8;0.103954
05.588;05.554;183;0.137026
05.588;05.555;329;0.159161
05.588;05.556;66;0.242653
05.588;05.557;49;0.181488
05.588;05.558;590;0.1065
05.588;05.559;53;0.209318
05.588;05.560;117;0.033333
05.588;05.561;1815;0.081101
05.588;05.562;167;0.203883
05.588;05.563;90;0.052632
05.588;05.564;113;0.057269
05.588;05.565;343;0.069212
05.588;05.566;1327;0.153846
05.588;05.567;599;0.183908
05.588;05.568;49;0.170639
05.588;05.569;147;0.274725
05.588;05.570;48;0.179894
05.588;05.571;1214;0.161765
05.588;05.572;658;0.167273
05.588;05.573;136;0.192308
05.588;05.574;155;0.022727
05.588;05.575;83;0.147002
05.588;05.576;96;0.144161
05.588;05.577;103;0.030151
05.588;05.578;111;0.081633
05.588;05.579;61;0.117857
05.588;05.580;1143;0.112676
05.588;05.581;519;0.06235
05.588;05.582;1174;0.106101
05.588;05.583;1780;0.138122
05.588;05.584;70;0.065217
05.588;05.585;108;0.059322
05.588;05.586;2453;0.123077
05.588;05.587;1372;0.160584
05.588;05.588;0;0
05.588;05.589;119;0.142857
05.588;05.590;128;0.046875
05.588;05.591;43;0.023256
05.588;05.592;1;0.132075
05.588;05.593;178;0.05618
05.588;05.594;37;0.216216
05.588;05.595;73;0.027397
05.588;05.596;71;0.028169
05.588;05.597;12;0.083333
05.588;05.598;79;0
05.588;05.599;6;0.174312
05.588;05.600;32;0.0625
05.588;05.601;28;0.071429
05.588;05.604;111;0.072072
05.588;05.607;60;0.116667
05.588;05.611;138;0.057971
05.588;05.613;225;0.057778
05.588;05.614;23;0
05.588;05.615;74;0.054054
05.588;05.616;197;0.091371
05.588;22.400;11;0
05.589;05.554;1621;0.134965
05.589;05.555;1191;0.087017
05.589;05.556;1102;0.193452
05.589;05.557;1277;0.029968
05.589;05.558;1481;0.111111
05.589;05.559;330;0.111111
05.589;05.560;1344;0.126362
05.589;05.561;103;0.168154
05.589;05.562;171;0.259393
05.589;05.563;227;0.159593
05.589;05.564;419;0.072193
05.589;05.565;104;0.184478
05.589;05.566;87;0.008997
05.589;05.567;1049;0.055274
05.589;05.568;91;0.184211
05.589;05.569;189;0.092715
05.589;05.570;1156;0.087963
05.589;05.571;275;0.069231
05.589;05.572;104;0.101124
05.589;05.573;132;0.130952
05.589;05.574;517;0.180645
05.589;05.575;1096;0.193182
05.589;05.576;796;0.116667
05.589;05.577;49;0.0657
05.589;05.578;280;0.143382
05.589;05.579;71;0.206186
05.589;05.580;417;0.022222
05.589;05.581;377;0.157068
05.589;05.582;181;0.08816
05.589;05.583;184;0.017364
05.589;05.584;118;0.12069
05.589;05.585;130;0.096916
05.589;05.586;137;0.112676
05.589;05.587;159;0.012915
05.589;05.588;109;0.033229
05.589;05.589;0;0
05.589;05.590;549;0.213115
05.589;05.591;282;0.177305
05.589;05.592;51;0.196078
05.589;05.593;367;0.133515
05.589;05.594;142;0.21831
05.589;05.595;343;0.131195
05.589;05.596;398;0.140704
05.589;05.597;249;0.116466
05.589;05.598;176;0.090909
05.589;05.599;164;0.085366
05.589;05.600;201;0.124378
05.589;05.601;157;0.184713
05.589;05.604;315;0.111111
05.589;05.607;222;0.108108
05.589;05.611;548;0.222628
05.589;05.613;556;0.19964
05.589;05.614;124;0.177419
05.589;05.615;368;0.081522
05.589;05.616;161;0.149068
05.589;22.400;20;0.05
05.590;05.554;1430;0.089385
05.590;05.555;724;0.050505
05.590;05.556;336;0.068966
05.590;05.557;1268;0.108333
05.590;05.558;99;0.190789
05.590;05.559;27;0.077419
05.590;05.560;1377;0.145833
05.590;05.561;1457;0.117953
05.590;05.562;1384;0.066884
05.590;05.563;1178;0.12766
05.590;05.564;2244;0.001945
05.590;05.565;1572;0.107843
05.590;05.566;778;0.181818
05.590;05.567;2569;0.170968
05.590;05.568;114;0.317041
05.590;05.569;151;0.212628
05.590;05.570;216;0.100092
05.590;05.571;390;0.209622
05.590;05.572;89;0.038095
05.590;05.573;84;0.13299
05.590;05.574;930;0.26
05.590;05.575;88;0.038462
05.590;05.576;180;0.051643
05.590;05.577;2344;0.050265
05.590;05.578;272;0.126582
05.590;05.579;97;0.192308
05.590;05.580;135;0.173267
05.590;05.581;573;0.217949
05.590;05.582;1951;0.130137
05.590;05.583;1267;0.158835
05.590;05.584;58;0.202128
05.590;05.585;227;0.204819
05.590;05.586;71;0.017391
05.590;05.587;1626;0.196078
05.590;05.588;963;0.1529
05.590;05.589;179;0.064965
05.590;05.590;0;0
05.590;05.591;415;0.06988
05.590;05.592;44;0.113636
05.590;05.593;234;0.094017
05.590;05.594;46;0.108696
05.590;05.595;734;0.050409
05.590;05.596;644;0.041925
05.590;05.597;156;0.096154
05.590;05.598;169;0.065089
05.590;05.599;107;0.056075
05.590;05.600;114;0.017544
05.590;05.601;108;0.231481
05.590;05.604;157;0.133758
05.590;05.607;96;0.197917
05.590;05.611;1044;0.186782
05.590;05.613;446;0.078475
05.590;05.614;450;0.195556
05.590;05.615;1254;0.0311
05.590;05.616;128;0.164062
05.590;22.400;36;0.138889
05.591;05.554;198;0.122807
05.591;05.555;116;0.115183
05.591;05.556;120;0.16
05.591;05.557;152;0.062222
05.591;05.558;155;0.109375
05.591;05.559;96;0.133758
05.591;05.560;1348;0.055556
05.591;05.561;613;0.165138
05.591;05.562;423;0.12069
05.591;05.563;3085;0.168224
05.591;05.564;102;0.139706
05.591;05.565;33;0.12605
05.591;05.566;1550;0.168588
05.591;05.567;1514;0.057947
05.591;05.568;1077;0.216393
05.591;05.569;1089;0.096821
05.591;05.570;1455;0.126582
05.591;05.571;315;0.189189
05.591;05.572;970;0.185592
05.591;05.573;100;0.230431
05.591;05.574;156;0.147082
05.591;05.575;213;0.230947
05.591;05.576;378;0.074434
05.591;05.577;79;0.180685
05.591;05.578;78;0.295238
05.591;05.579;808;0.058824
05.591;05.580;78;0.062802
05.591;05.581;146;0.062874
05.591;05.582;1064;0.155172
05.591;05.583;188;0.220588
05.591;05.584;83;0.2
05.591;05.585;115;0.275862
05.591;05.586;408;0.235602
05.591;05.587;1138;0.20274
05.591;05.588;431;0.262411
05.591;05.589;57;0.25
05.591;05.590;191;0.030534
05.591;05.591;0;0
05.591;05.592;129;0.209302
05.591;05.593;56;0.107143
05.591;05.594;38;0.105263
05.591;05.595;841;0.001189
05.591;05.596;184;0.038043
05.591;05.597;168;0.178571
05.591;05.598;88;0.068182
05.591;05.599;89;0.089888
05.591;05.600;42;0.02381
05.591;05.601;128;0.117188
05.591;05.604;64;0.0625
05.591;05.607;42;0.095238
05.591;05.611;461;0.093275
05.591;05.613;246;0.04878
05.591;05.614;188;0.143617
05.591;05.615;1300;0.003846
05.591;05.616;84;0.119048
05.591;22.400;24;0.083333
05.592;05.554;75;0.260417
05.592;05.555;450;0.210332
05.592;05.556;384;0.13285
05.592;05.557;157;0.169811
05.592;05.558;180;0.221453
05.592;05.559;109;0.148649
05.592;05.560;116;0.152941
05.592;05.561;107;0.169811
05.592;05.562;136;0.166667
05.592;05.563;119;0.076087
05.592;05.564;2082;0.163793
05.592;05.565;604;0.165468
05.592;05.566;305;0.168142
05.592;05.567;692;0.121951
05.592;05.568;79;0.156522
05.592;05.569;37;0.165789
05.592;05.570;819;0.071823
05.592;05.571;1137;0.213592
05.592;05.572;1251;0.130363
05.592;05.573;1732;0.084337
05.592;05.574;309;0.130435
05.592;05.575;963;0.389189
05.592;05.576;105;0.199779
05.592;05.577;153;0.361585
05.592;05.578;207;0.170088
05.592;05.579;334;0.274396
05.592;05.580;58;0.277778
05.592;05.581;68;0.142857
05.592;05.582;720;0.119205
05.592;05.583;58;0.065903
05.592;05.584;191;0.208955
05.592;05.585;1095;0.232558
05.592;05.586;282;0.320802
05.592;05.587;100;0.3
05.592;05.588;131;0.262295
05.592;05.589;576;0.290514
05.592;05.590;1355;0.276119
05.592;05.591;414;0.25
05.592;05.592;0;0
05.592;05.593;9;0.008772
05.592;05.594;5;0.298193
05.592;05.595;5;0.308527
05.592;05.596;2;0.216216
05.592;05.597;13;0.076923
05.592;05.598;15;0.133333
05.592;05.599;12;0.083333
05.592;05.600;1;0.102564
05.592;05.601;38;0.105263
05.592;05.604;53;0.208955
05.592;05.607;1;0.194444
05.592;05.611;54;0.092593
05.592;05.613;47;0.106383
05.592;05.614;15;0.133333
05.592;05.615;33;0.030303
05.592;05.616;50;0.16
05.592;22.400;3;0.318345
05.593;05.554;289;0.282799
05.593;05.555;74;0.243243
05.593;05.556;425;0.14966
05.593;05.557;371;0.197183
05.593;05.558;192;0.202703
05.593;05.559;184;0.311688
05.593;05.560;116;0.27907
05.593;05.561;139;0.298507
05.593;05.562;113;0.276579
05.593;05.563;164;0.106918
05.593;05.564;115;0.437852
05.593;05.565;1520;0.264407
05.593;05.566;543;0.077922
05.593;05.567;206;0.4375
05.593;05.568;606;0.142857
05.593;05.569;83;0.267873
05.593;05.570;23;0.087464
05.593;05.571;925;0.160438
05.593;05.572;906;0.216216
05.593;05.573;1817;0.051282
05.593;05.574;341;0.155689
05.593;05.575;1035;0.122744
05.593;05.576;72;0.189394
05.593;05.577;112;0.215686
05.593;05.578;151;0.233405
05.593;05.579;349;0.27027
05.593;05.580;67;0.199134
05.593;05.581;43;0.216374
05.593;05.582;399;0.213559
05.593;05.583;50;0.263473
05.593;05.584;122;0.07874
05.593;05.585;1012;0.230179
05.593;05.586;134;0.199105
05.593;05.587;60;0.103672
05.593;05.588;114;0.09434
05.593;05.589;332;0.124183
05.593;05.590;1290;0.207792
05.593;05.591;518;0.13617
05.593;05.592;39;0.113695
05.593;05.593;0;0
05.593;05.594;52;0.211538
05.593;05.595;221;0.040724
05.593;05.596;240;0.0625
05.593;05.597;15;0.133333
05.593;05.598;20;0.05
05.593;05.599;13;0
05.593;05.600;163;0.04908
05.593;05.601;64;0.1875
05.593;05.604;300;0.04
05.593;05.607;199;0.065327
05.593;05.611;223;0.121076
05.593;05.613;635;0.140157
05.593;05.614;61;0.081967
05.593;05.615;141;0.042553
05.593;05.616;95;0.073684
05.593;22.400;20;0.15
05.594;05.554;134;0.131868
05.594;05.555;36;0.057554
05.594;05.556;556;0.058824
05.594;05.557;343;0.049645
05.594;05.558;111;0.231884
05.594;05.559;147;0.184834
05.594;05.560;71;0.214815
05.594;05.561;74;0.203358
05.594;05.562;77;0.137331
05.594;05.563;86;0.222892
05.594;05.564;67;0.102899
05.594;05.565;1298;0.090909
05.594;05.566;477;0.340909
05.594;05.567;3371;0.158979
05.594;05.568;885;0.013665
05.594;05.569;77;0.080319
05.594;05.570;128;0.16
05.594;05.571;1022;0.050955
05.594;05.572;1161;0.034483
05.594;05.573;343;0.07196
05.594;05.574;1097;0.071429
05.594;05.575;111;0.182692
05.594;05.576;117;0.131231
05.594;05.577;167;0.242718
05.594;05.578;277;0.117647
05.594;05.579;132;0.107271
05.594;05.580;102;0.104762
05.594;05.581;934;0.161972
05.594;05.582;111;0
05.594;05.583;231;0.14978
05.594;05.584;1197;0.113784
05.594;05.585;295;0.032258
05.594;05.586;167;0.103448
05.594;05.587;127;0.054475
05.594;05.588;782;0.1
05.594;05.589;1341;0.017544
05.594;05.590;463;0.063187
05.594;05.591;53;0.068493
05.594;05.592;306;0.054455
05.594;05.593;77;0.034483
05.594;05.594;0;0
05.594;05.595;47;0.191489
05.594;05.596;50;0.26
05.594;05.597;2;0.07563
05.594;05.598;6;0.097902
05.594;05.599;2;0.071038
05.594;05.600;17;0.294118
05.594;05.601;40;0.175
05.594;05.604;78;0.24359
05.594;05.607;58;0.172414
05.594;05.611;77;0.12987
05.594;05.613;115;0.252174
05.594;05.614;13;0.153846
05.594;05.615;71;0.15493
05.594;05.616;39;0.076923
05.594;22.400;1;0.096491
05.595;05.554;470;0.090164
05.595;05.555;387;0.068285
05.595;05.556;182;0.149194
05.595;05.557;139;0.018503
05.595;05.558;102;0.063291
05.595;05.559;141;0.066667
05.595;05.560;138;0.075472
05.595;05.561;211;0.203171
05.595;05.562;135;0.21
05.595;05.563;1072;0.059603
05.595;05.564;517;0.053333
05.595;05.565;332;0.06599
05.595;05.566;690;0.127907
05.595;05.567;77;0.262295
05.595;05.568;44;0.223214
05.595;05.569;1019;0.309859
05.595;05.570;805;0.248485
05.595;05.571;2129;0.203804
05.595;05.572;100;0.25
05.595;05.573;157;0.222222
05.595;05.574;203;0.02439
05.595;05.575;403;0.219457
05.595;05.576;112;0.236203
05.595;05.577;104;0.16047
05.595;05.578;983;0.065217
05.595;05.579;103;0.184426
05.595;05.580;221;0.090909
05.595;05.581;1678;0.17004
05.595;05.582;315;0.179612
05.595;05.583;142;0.166667
05.595;05.584;131;0.128342
05.595;05.585;681;0.145455
05.595;05.586;1081;0.218978
05.595;05.587;868;0.184211
05.595;05.588;58;0.210191
05.595;05.589;257;0.173469
05.595;05.590;60;0.20439
05.595;05.591;798;0.089888
05.595;05.592;364;0.372881
05.595;05.593;219;0.179361
05.595;05.594;202;0.15534
05.595;05.595;0;0
05.595;05.596;1087;0.049678
05.595;05.597;71;0.042254
05.595;05.598;71;0.014085
05.595;05.599;57;0.035088
05.595;05.600;450;0.053333
05.595;05.601;50;0.12
05.595;05.604;310;0.067742
05.595;05.607;138;0.065217
05.595;05.611;479;0.098121
05.595;05.613;202;0.10396
05.595;05.614;212;0.160377
05.595;05.615;1740;0.001149
05.595;05.616;136;0.110294
05.595;22.400;43;0.069767
05.596;05.554;145;0.171429
05.596;05.555;119;0.014845
05.596;05.556;143;0.210127
05.596;05.557;183;0.040816
05.596;05.558;114;0.040541
05.596;05.559;1098;0.105263
05.596;05.560;659;0.033333
05.596;05.561;248;0.089431
05.596;05.562;1189;0.100386
05.596;05.563;79;0.169643
05.596;05.564;30;0.126761
05.596;05.565;318;0.033254
05.596;05.566;1009;0.070312
05.596;05.567;100;0.140741
05.596;05.568;151;0
05.596;05.569;225;0.102041
05.596;05.570;394;0.074586
05.596;05.571;86;0.052987
05.596;05.572;61;0.1
05.596;05.573;784;0.040816
05.596;05.574;71;0.108108
05.596;05.575;165;0
05.596;05.576;1104;0.029851
05.596;05.577;240;0.056213
05.596;05.578;90;0.015152
05.596;05.579;123;0.031646
05.596;05.580;442;0.055556
05.596;05.581;1359;0.076471
05.596;05.582;511;0.036364
05.596;05.583;46;0.029412
05.596;05.584;244;0.086567
05.596;05.585;66;0.02994
05.596;05.586;494;0.105691
05.596;05.587;412;0.005571
05.596;05.588;168;0.031447
05.596;05.589;187;0.115385
05.596;05.590;110;0.174603
05.596;05.591;137;0.12
05.596;05.592;114;0.113772
05.596;05.593;157;0.110795
05.596;05.594;98;0.172727
05.596;05.595;1458;0.178862
05.596;05.596;0;0
05.596;05.597;42;0.047619
05.596;05.598;52;0.057692
05.596;05.599;32;0
05.596;05.600;419;0.066826
05.596;05.601;63;0.238095
05.596;05.604;576;0.076389
05.596;05.607;386;0.093264
05.596;05.611;379;0.100264
05.596;05.613;231;0.147186
05.596;05.614;119;0.084034
05.596;05.615;871;0.006889
05.596;05.616;88;0.125
05.596;22.400;26;0.076923
05.597;05.554;623;0.170789
05.597;05.555;413;0.266667
05.597;05.556;814;0.168317
05.597;05.557;103;0.141899
05.597;05.558;35;0.154676
05.597;05.559;741;0.24026
05.597;05.560;395;0.015385
05.597;05.561;49;0.211031
05.597;05.562;74;0.104676
05.597;05.563;209;0.013081
05.597;05.564;30;0.081633
05.597;05.565;123;0.098291
05.597;05.566;259;0.231884
05.597;05.567;112;0.020279
05.597;05.568;71;0.043783
05.597;05.569;842;0.067416
05.597;05.570;128;0.039773
05.597;05.571;135;0.06087
05.597;05.572;32;0.074074
05.597;05.573;294;0.190083
05.597;05.574;362;0.098266
05.597;05.575;1038;0.101695
05.597;05.576;120;0.125806
05.597;05.577;49;0.103571
05.597;05.578;37;0.152299
05.597;05.579;671;0.011771
05.597;05.580;134;0.106796
05.597;05.581;338;0.166667
05.597;05.582;132;0.076923
05.597;05.583;158;0
05.597;05.584;36;0.259259
05.597;05.585;170;0
05.597;05.586;55;0.333333
05.597;05.587;34;0.293651
05.597;05.588;335;0.348837
05.597;05.589;167;0.172414
05.597;05.590;123;0.277027
05.597;05.591;718;0.264706
05.597;05.592;159;0.413043
05.597;05.593;26;0
05.597;05.594;126;0.278146
05.597;05.595;125;0.268041
05.597;05.596;167;0.182222
05.597;05.597;0;0
05.597;05.598;636;0.059748
05.597;05.599;695;0.058993
05.597;05.600;4;0.216667
05.597;05.601;79;0.113924
05.597;05.604;3;0.230769
05.597;05.607;2;0
05.597;05.611;190;0.131579
05.597;05.613;58;0.086207
05.597;05.614;65;0.153846
05.597;05.615;147;0.013605
05.597;05.616;166;0.090361
05.597;22.400;21;0.047619
05.598;05.554;352;0.106383
05.598;05.555;110;0.135135
05.598;05.556;123;0.244444
05.598;05.557;849;0.184211
05.598;05.558;120;0.1875
05.598;05.559;202;0
05.598;05.560;1938;0.270588
05.598;05.561;278;0
05.598;05.562;154;0.2
05.598;05.563;130;0.243243
05.598;05.564;834;0.183673
05.598;05.565;1433;0.315789
05.598;05.566;1376;0.145455
05.598;05.567;49;0.194444
05.598;05.568;234;0
05.598;05.569;69;0.170909
05.598;05.570;789;0.018692
05.598;05.571;571;0.17284
05.598;05.572;178;0.2
05.598;05.573;176;0.084906
05.598;05.574;115;0.071429
05.598;05.575;135;0.207317
05.598;05.576;121;0.124138
05.598;05.577;173;0.107143
05.598;05.578;118;0
05.598;05.579;930;0.030303
05.598;05.580;560;0.130769
05.598;05.581;348;0.061856
05.598;05.582;1954;0.057971
05.598;05.583;103;0.055556
05.598;05.584;36;0.122807
05.598;05.585;13;0.204255
05.598;05.586;21;0.148936
05.598;05.587;54;0.111111
05.598;05.588;5;0
05.598;05.589;54;0
05.598;05.590;126;0
05.598;05.591;43;0.045455
05.598;05.592;29;0.066667
05.598;05.593;148;0.1875
05.598;05.594;34;0.192982
05.598;05.595;46;0.027972
05.598;05.596;5;0.050761
05.598;05.597;151;0.230769
05.598;05.598;0;0
05.598;05.599;595;0.026891
05.598;05.600;29;0.034483
05.598;05.601;34;0.088235
05.598;05.604;8;0.103896
05.598;05.607;8;0.096774
05.598;05.611;181;0.099448
05.598;05.613;110;0.054545
05.598;05.614;53;0.075472
05.598;05.615;109;0.009174
05.598;05.616;119;0.058824
05.598;22.400;16;0.125
05.599;05.554;97;0
05.599;05.555;225;0.040816
05.599;05.556;60;0.10989
05.599;05.557;13;0.076923
05.599;05.558;11;0.150259
05.599;05.559;47;0.045455
05.599;05.560;37;0.231707
05.599;05.561;360;0.146199
05.599;05.562;76;0.086957
05.599;05.563;112;0.052632
05.599;05.564;9;0.068966
05.599;05.565;85;0.196721
05.599;05.566;9;0.121429
05.599;05.567;10;0.101266
05.599;05.568;111;0
05.599;05.569;49;0.112903
05.599;05.570;38;0.273764
05.599;05.571;110;0.140351
05.599;05.572;108;0.098361
05.599;05.573;6;0
05.599;05.574;275;0.041667
05.599;05.575;107;0.071429
05.599;05.576;81;0.227273
05.599;05.577;10;0.163265
05.599;05.578;106;0.145455
05.599;05.579;14;0.166667
05.599;05.580;82;0.058036
05.599;05.581;145;0.083333
05.599;05.582;28;0.111111
05.599;05.583;13;0.093458
05.599;05.584;33;0.148148
05.599;05.585;130;0
05.599;05.586;97;0.031746
05.599;05.587;69;0.270936
05.599;05.588;18;0.18662
05.599;05.589;57;0.293578
05.599;05.590;235;0.275229
05.599;05.591;47;0.102828
05.599;05.592;63;0.230769
05.599;05.593;13;0.241758
05.599;05.594;22;0
05.599;05.595;9;0.203922
05.599;05.596;22;0.131274
05.599;05.597;30;0.093617
05.599;05.598;64;0.186441
05.599;05.599;0;0
05.599;05.600;9;0.066667
05.599;05.601;47;0.085106
05.599;05.604;1;0.096774
05.599;05.607;3;0.091837
05.599;05.611;137;0.153285
05.599;05.613;54;0.166667
05.599;05.614;52;0.115385
05.599;05.615;108;0
05.599;05.616;164;0.121951
05.599;22.400;17;0.235294
05.600;05.554;57;0.074468
05.600;05.555;143;0.210526
05.600;05.556;197;0.102041
05.600;05.557;26;0.12963
05.600;05.558;77;0.09375
05.600;05.559;31;0.136364
05.600;05.560;5;0.045455
05.600;05.561;98;0.047619
05.600;05.562;91;0.081579
05.600;05.563;13;0.058081
05.600;05.564;193;0.123077
05.600;05.565;22;0.048544
05.600;05.566;82;0.2875
05.600;05.567;171;0
05.600;05.568;46;0
05.600;05.569;19;0.090909
05.600;05.570;29;0.162602
05.600;05.571;183;0.05
05.600;05.572;140;0.167702
05.600;05.573;79;0.145455
05.600;05.574;25;0.113636
05.600;05.575;62;0
05.600;05.576;263;0.105263
05.600;05.577;57;0.180851
05.600;05.578;61;0.144928
05.600;05.579;14;0
05.600;05.580;24;0
05.600;05.581;14;0.139785
05.600;05.582;22;0.263736
05.600;05.583;49;0.169231
05.600;05.584;55;0.146667
05.600;05.585;54;0
05.600;05.586;224;0
05.600;05.587;192;0
05.600;05.588;45;0.192308
05.600;05.589;107;0.282609
05.600;05.590;27;0.12766
05.600;05.591;2;0.15534
05.600;05.592;63;0.159091
05.600;05.593;406;0.164706
05.600;05.594;284;0.043478
05.600;05.595;436;0.098361
05.600;05.596;109;0.285714
05.600;05.597;389;0
05.600;05.598;143;0.147727
05.600;05.599;91;0.197302
05.600;05.600;0;0
05.600;05.601;14;0.071429
05.600;05.604;270;0.051852
05.600;05.607;141;0.042553
05.600;05.611;133;0.203008
05.600;05.613;88;0.113636
05.600;05.614;62;0.064516
05.600;05.615;113;0.044248
05.600;05.616;150;0.08
05.600;22.400;17;0.117647
05.601;05.554;31;0.242105
05.601;05.555;255;0.139344
05.601;05.556;259;0.15493
05.601;05.557;235;0.264957
05.601;05.558;59;0
05.601;05.559;45;0.201342
05.601;05.560;31;0.275862
05.601;05.561;98;0.174603
05.601;05.562;94;0.2
05.601;05.563;76;0
05.601;05.564;49;0
05.601;05.565;54;0.103448
05.601;05.566;32;0
05.601;05.567;110;0.090909
05.601;05.568;22;0.050847
05.601;05.569;21;0.102273
05.601;05.570;380;0
05.601;05.571;396;0.156627
05.601;05.572;65;0
05.601;05.573;206;0
05.601;05.574;80;0.217391
05.601;05.575;4;0.234375
05.601;05.576;11;0.145455
05.601;05.577;123;0.036145
05.601;05.578;20;0.105769
05.601;05.579;322;0
05.601;05.580;110;0.225352
05.601;05.581;44;0.214022
05.601;05.582;10;0.207113
05.601;05.583;38;0.180685
05.601;05.584;188;0.162651
05.601;05.585;69;0.079208
05.601;05.586;25;0.173996
05.601;05.587;7;0.218566
05.601;05.588;93;0.132353
05.601;05.589;91;0.132075
05.601;05.590;65;0.128676
05.601;05.591;75;0.228916
05.601;05.592;3;0.090652
05.601;05.593;9;0.148148
05.601;05.594;3;0.13253
05.601;05.595;26;0.08805
05.601;05.596;46;0.086667
05.601;05.597;94;0.121387
05.601;05.598;103;0.197605
05.601;05.599;88;0.144487
05.601;05.600;340;0.128834
05.601;05.601;0;0
05.601;05.604;52;0.192308
05.601;05.607;43;0.255814
05.601;05.611;132;0.151515
05.601;05.613;135;0.118519
05.601;05.614;60;0.25
05.601;05.615;82;0.085366
05.601;05.616;93;0.129032
05.601;22.400;4;0.188488
05.604;05.554;23;0.173432
05.604;05.555;61;0.233129
05.604;05.556;77;0.0875
05.604;05.557;5;0.079545
05.604;05.558;88;0.125
05.604;05.559;593;0.263636
05.604;05.560;95;0.282258
05.604;05.561;122;0.236111
05.604;05.562;142;0.226562
05.604;05.563;117;0
05.604;05.564;6;0.222222
05.604;05.565;149;0.292683
05.604;05.566;87;0.243243
05.604;05.567;63;0.311111
05.604;05.568;35;0
05.604;05.569;4;0
05.604;05.570;3;0.107143
05.604;05.571;29;0.055556
05.604;05.572;13;0.2
05.604;05.573;99;0.206897
05.604;05.574;59;0.217391
05.604;05.575;88;0
05.604;05.576;0;0.191667
05.604;05.577;83;0
05.604;05.578;1;0
05.604;05.579;2;0.265957
05.604;05.580;92;0.258824
05.604;05.581;64;0.238095
05.604;05.582;55;0.043478
05.604;05.583;83;0.166667
05.604;05.584;104;0
05.604;05.585;4;0.205357
05.604;05.586;71;0.137931
05.604;05.587;271;0.241935
05.604;05.588;956;0.070588
05.604;05.589;321;0.170886
05.604;05.590;166;0.219355
05.604;05.591;101;0.144737
05.604;05.592;1046;0.166667
05.604;05.593;851;0.106145
05.604;05.594;272;0.21875
05.604;05.595;53;0.100592
05.604;05.596;272;0.127907
05.604;05.597;83;0.18
05.604;05.598;353;0.192982
05.604;05.599;378;0.104167
05.604;05.600;249;0.0625
05.604;05.601;159;0.162602
05.604;05.604;0;0
05.604;05.607;521;0.082534
05.604;05.611;182;0.164835
05.604;05.613;222;0.153153
05.604;05.614;83;0.144578
05.604;05.615;134;0.044776
05.604;05.616;117;0.094017
05.604;22.400;32;0.0625
05.607;05.554;150;0.123153
05.607;05.555;173;0.091429
05.607;05.556;167;0.190476
05.607;05.557;263;0.187234
05.607;05.558;163;0.163636
05.607;05.559;886;0.040984
05.607;05.560;542;0.238532
05.607;05.561;163;0
05.607;05.562;400;0.132686
05.607;05.563;88;0.209877
05.607;05.564;16;0.014706
05.607;05.565;110;0.225882
05.607;05.566;124;0.140988
05.607;05.567;144;0.055672
05.607;05.568;128;0.177419
05.607;05.569;5;0.125
05.607;05.570;180;0.294872
05.607;05.571;82;0.014423
05.607;05.572;74;0.074359
05.607;05.573;45;0.13806
05.607;05.574;7;0.107143
05.607;05.575;7;0.130435
05.607;05.576;28;0.109677
05.607;05.577;18;0.208333
05.607;05.578;65;0.142857
05.607;05.579;29;0.173469
05.607;05.580;46;0.162626
05.607;05.581;5;0.108029
05.607;05.582;120;0.256098
05.607;05.583;2;0.033695
05.607;05.584;2;0.108696
05.607;05.585;94;0.139535
05.607;05.586;85;0.178344
05.607;05.587;42;0.081081
05.607;05.588;69;0.151671
05.607;05.589;102;0.272358
05.607;05.590;4;0.174312
05.607;05.591;224;0.227273
05.607;05.592;116;0.069767
05.607;05.593;62;0.21875
05.607;05.594;85;0.076923
05.607;05.595;316;0.070588
05.607;05.596;155;0.144444
05.607;05.597;76;0.166667
05.607;05.598;18;0.192308
05.607;05.599;179;0.153846
05.607;05.600;96;0.165354
05.607;05.601;169;0.135593
05.607;05.604;172;0.133333
05.607;05.607;0;0
05.607;05.611;116;0.198276
05.607;05.613;189;0.15873
05.607;05.614;42;0.119048
05.607;05.615;96;0.0625
05.607;05.616;104;0.057692
05.607;22.400;11;0
05.611;05.554;50;0.196172
05.611;05.555;57;0.151515
05.611;05.556;48;0.144737
05.611;05.557;128;0.060241
05.611;05.558;123;0.15873
05.611;05.559;203;0.083333
05.611;05.560;175;0
05.611;05.561;189;0.17004
05.611;05.562;470;0.266055
05.611;05.563;55;0.230769
05.611;05.564;122;0.25
05.611;05.565;109;0.292308
05.611;05.566;7;0
05.611;05.567;309;0.153846
05.611;05.568;162;0.138889
05.611;05.569;136;0.25
05.611;05.570;850;0.1875
05.611;05.571;1376;0.2
05.611;05.572;952;0
05.611;05.573;62;0.136
05.611;05.574;280;0
05.611;05.575;78;0
05.611;05.576;1664;0.212598
05.611;05.577;780;0.21164
05.611;05.578;268;0.135135
05.611;05.579;224;0.122951
05.611;05.580;161;0.197917
05.611;05.581;155;0
05.611;05.582;144;0
05.611;05.583;245;0
05.611;05.584;98;0
05.611;05.585;990;0.142857
05.611;05.586;685;0.046875
05.611;05.587;328;0.023256
05.611;05.588;1751;0
05.611;05.589;138;0.05618
05.611;05.590;43;0.216216
05.611;05.591;471;0.027397
05.611;05.592;37;0.028169
05.611;05.593;389;0.083333
05.611;05.594;246;0
05.611;05.595;109;0
05.611;05.596;22;0.0625
05.611;05.597;215;0.071429
05.611;05.598;32;0.072072
05.611;05.599;117;0.116667
05.611;05.600;85;0.057971
05.611;05.601;90;0.057778
05.611;05.604;60;0
05.611;05.607;52;0.054054
05.611;05.611;0;0
05.611;05.613;625;0.0896
05.611;05.614;231;0.203463
05.611;05.615;726;0.077135
05.611;05.616;152;0.217105
05.611;22.400;25;0.2
05.613;05.554;26;0.091371
05.613;05.555;127;0
05.613;05.556;59;0.213115
05.613;05.557;45;0.177305
05.613;05.558;209;0.196078
05.613;05.559;297;0.133515
05.613;05.560;76;0.21831
05.613;05.561;166;0.131195
05.613;05.562;63;0.140704
05.613;05.563;12;0.116466
05.613;05.564;12;0.090909
05.613;05.565;247;0.085366
05.613;05.566;109;0.124378
05.613;05.567;78;0.184713
05.613;05.568;20;0.111111
05.613;05.569;65;0.108108
05.613;05.570;9;0.222628
05.613;05.571;52;0.19964
05.613;05.572;36;0.177419
05.613;05.573;84;0.081522
05.613;05.574;48;0.149068
05.613;05.575;55;0.05
05.613;05.576;6;0.06988
05.613;05.577;125;0.113636
05.613;05.578;1;0.094017
05.613;05.579;3;0.108696
05.613;05.580;127;0.050409
05.613;05.581;189;0.041925
05.613;05.582;37;0.096154
05.613;05.583;122;0.065089
05.613;05.584;96;0.056075
05.613;05.585;8;0.017544
05.613;05.586;119;0.231481
05.613;05.587;128;0.133758
05.613;05.588;43;0.197917
05.613;05.589;1;0.186782
05.613;05.590;178;0.078475
05.613;05.591;37;0.195556
05.613;05.592;73;0.0311
05.613;05.593;71;0.164062
05.613;05.594;12;0.138889
05.613;05.595;79;0.209302
05.613;05.596;6;0.107143
05.613;05.597;32;0.105263
05.613;05.598;28;0.001189
05.613;05.599;111;0.038043
05.613;05.600;60;0.178571
05.613;05.601;138;0.068182
05.613;05.604;225;0.089888
05.613;05.607;23;0.02381
05.613;05.611;74;0.117188
05.613;05.613;0;0
05.613;05.614;92;0.076087
05.613;05.615;283;0.038869
05.613;05.616;106;0.169811
05.613;22.400;14;0.071429
05.614;05.554;197;0.0625
05.614;05.555;11;0.095238
05.614;05.556;549;0.093275
05.614;05.557;282;0.04878
05.614;05.558;51;0.143617
05.614;05.559;367;0.003846
05.614;05.560;142;0.119048
05.614;05.561;343;0.083333
05.614;05.562;398;0
05.614;05.563;249;0
05.614;05.564;176;0
05.614;05.565;164;0
05.614;05.566;201;0
05.614;05.567;157;0
05.614;05.568;315;0.076923
05.614;05.569;222;0.133333
05.614;05.570;548;0.083333
05.614;05.571;556;0
05.614;05.572;124;0.105263
05.614;05.573;368;0
05.614;05.574;161;0
05.614;05.575;20;0.092593
05.614;05.576;415;0.106383
05.614;05.577;44;0.133333
05.614;05.578;234;0.030303
05.614;05.579;46;0.16
05.614;05.580;734;0
05.614;05.581;644;0
05.614;05.582;156;0
05.614;05.583;169;0
05.614;05.584;107;0.211538
05.614;05.585;114;0.040724
05.614;05.586;108;0.0625
05.614;05.587;157;0.133333
05.614;05.588;96;0.05
05.614;05.589;1044;0
05.614;05.590;446;0.04908
05.614;05.591;450;0.1875
05.614;05.592;1254;0.04
05.614;05.593;128;0.065327
05.614;05.594;36;0.121076
05.614;05.595;129;0.140157
05.614;05.596;56;0.081967
05.614;05.597;38;0.042553
05.614;05.598;841;0.073684
05.614;05.599;184;0.15
05.614;05.600;168;0
05.614;05.601;88;0
05.614;05.604;89;0
05.614;05.607;42;0
05.614;05.611;128;0.191489
05.614;05.613;64;0.26
05.614;05.614;0;0
05.614;05.615;333;0.111111
05.614;05.616;82;0.121951
05.614;22.400;246;0.345528
05.615;05.554;42;0
05.615;05.555;461;0
05.615;05.556;246;0
05.615;05.557;188;0.294118
05.615;05.558;1300;0.175
05.615;05.559;84;0.24359
05.615;05.560;24;0.172414
05.615;05.561;9;0.12987
05.615;05.562;5;0.252174
05.615;05.563;5;0.153846
05.615;05.564;2;0.15493
05.615;05.565;13;0.076923
05.615;05.566;15;0
05.615;05.567;12;0
05.615;05.568;1;0.049678
05.615;05.569;38;0.042254
05.615;05.570;0;0.014085
05.615;05.571;1;0.035088
05.615;05.572;54;0.053333
05.615;05.573;47;0.12
05.615;05.574;15;0.067742
05.615;05.575;33;0.065217
05.615;05.576;50;0.098121
05.615;05.577;3;0.10396
05.615;05.578;52;0.160377
05.615;05.579;221;0.001149
05.615;05.580;240;0.110294
05.615;05.581;15;0.069767
05.615;05.582;20;0
05.615;05.583;13;0.047619
05.615;05.584;163;0.057692
05.615;05.585;64;0
05.615;05.586;300;0.066826
05.615;05.587;199;0.238095
05.615;05.588;223;0.076389
05.615;05.589;635;0.093264
05.615;05.590;61;0.100264
05.615;05.591;141;0.147186
05.615;05.592;95;0.084034
05.615;05.593;20;0.006889
05.615;05.594;47;0.125
05.615;05.595;50;0.076923
05.615;05.596;2;0
05.615;05.597;6;0
05.615;05.598;2;0.059748
05.615;05.599;17;0.058993
05.615;05.600;40;0
05.615;05.601;78;0.113924
05.615;05.604;58;0
05.615;05.607;77;0
05.615;05.611;115;0.131579
05.615;05.613;13;0.086207
05.615;05.614;71;0.153846
05.615;05.615;0;0
05.615;05.616;261;0.05364
05.615;22.400;26;0.038462
05.616;05.554;39;0.013605
05.616;05.555;1;0.090361
05.616;05.556;1087;0.047619
05.616;05.557;71;0
05.616;05.558;71;0
05.616;05.559;57;0.026891
05.616;05.560;450;0.034483
05.616;05.561;50;0.088235
05.616;05.562;310;0
05.616;05.563;138;0
05.616;05.564;479;0.099448
05.616;05.565;202;0.054545
05.616;05.566;212;0.075472
05.616;05.567;1740;0.009174
05.616;05.568;136;0.058824
05.616;05.569;43;0.125
05.616;05.570;42;0
05.616;05.571;52;0
05.616;05.572;32;0
05.616;05.573;419;0
05.616;05.574;63;0
05.616;05.575;576;0.085106
05.616;05.576;386;0
05.616;05.577;379;0
05.616;05.578;231;0.153285
05.616;05.579;119;0.166667
05.616;05.580;871;0.115385
05.616;05.581;88;0
05.616;05.582;26;0.121951
05.616;05.583;636;0.235294
05.616;05.584;695;0
05.616;05.585;4;0
05.616;05.586;79;0
05.616;05.587;3;0
05.616;05.588;2;0
05.616;05.589;190;0
05.616;05.590;58;0
05.616;05.591;65;0.071429
05.616;05.592;147;0.051852
05.616;05.593;166;0.042553
05.616;05.594;21;0.203008
05.616;05.595;595;0.113636
05.616;05.596;29;0.064516
05.616;05.597;34;0.044248
05.616;05.598;8;0.08
05.616;05.599;8;0.117647
05.616;05.600;181;0.192308
05.616;05.601;110;0.255814
05.616;05.604;53;0.151515
05.616;05.607;109;0.118519
05.616;05.611;119;0.25
05.616;05.613;16;0.085366
05.616;05.614;9;0.129032
05.616;05.615;47;0
05.616;05.616;0;0
05.616;22.400;13;0
22.400;05.554;1;0
22.400;05.555;3;0
22.400;05.556;137;0
22.400;05.557;54;0
22.400;05.558;52;0
22.400;05.559;108;0
22.400;05.560;164;0
22.400;05.561;17;0
22.400;05.562;0;0.082534
22.400;05.563;14;0.164835
22.400;05.564;270;0.153153
22.400;05.565;141;0.144578
22.400;05.566;133;0.044776
22.400;05.567;88;0.094017
22.400;05.568;62;0.0625
22.400;05.569;113;0
22.400;05.570;150;0
22.400;05.571;17;0
22.400;05.572;52;0
22.400;05.573;43;0
22.400;05.574;132;0
22.400;05.575;135;0
22.400;05.576;60;0.198276
22.400;05.577;82;0.15873
22.400;05.578;93;0.119048
22.400;05.579;4;0.0625
22.400;05.580;0;0.057692
22.400;05.581;521;0
22.400;05.582;182;0.0896
22.400;05.583;222;0.203463
22.400;05.584;83;0.077135
22.400;05.585;134;0.217105
22.400;05.586;117;0.2
22.400;05.587;32;0.076087
22.400;05.588;116;0.038869
22.400;05.589;189;0.169811
22.400;05.590;42;0.071429
22.400;05.591;96;0.111111
22.400;05.592;104;0.121951
22.400;05.593;11;0.345528
22.400;05.594;625;0.05364
22.400;05.595;231;0.038462
22.400;05.596;726;0
22.400;05.597;152;0
22.400;05.598;25;0
22.400;05.599;92;0
22.400;05.600;283;0
22.400;05.601;106;0
22.400;05.604;14;0
22.400;05.607;333;0
22.400;05.611;82;0
22.400;05.613;246;0
22.400;05.614;261;0
22.400;05.615;26;0
22.400;05.616;13;0
22.400;22.400;0;0
