subject_code_1;subject_code_2;popularity_score
05.554;05.554;0
05.554;05.555;0.002837
05.554;05.556;0.004666
05.554;05.557;0.002358
05.554;05.558;0.004602
05.554;05.559;0.004541
05.554;05.560;0.008389
05.554;05.561;0.001886
05.554;05.562;0.002026
05.554;05.563;0.003215
05.554;05.564;0.003719
05.554;05.565;0.002129
05.554;05.566;0.00545
05.554;05.567;0.002933
05.554;05.568;0.005862
05.554;05.569;0.008278
05.554;05.570;0.002818
05.554;05.571;0.008985
05.554;05.572;0.006897
05.554;05.573;0.005777
05.554;05.574;0.016722
05.554;05.575;0.004564
05.554;05.576;0.097087
05.554;05.577;0.06135
05.554;05.578;0.042918
05.554;05.579;0.023697
05.554;05.580;0.135135
05.554;05.581;0.185185
05.554;05.582;0.017212
05.554;05.583;0.153846
05.554;05.584;0.073529
05.554;05.585;0.004883
05.554;05.586;0.055866
05.554;05.587;0.121951
05.554;05.588;0.077519
05.554;05.589;0.025189
05.554;05.590;0.00579
05.554;05.591;0.007812
05.554;05.592;0.204082
05.554;05.593;0.059524
05.554;05.594;0.172414
05.554;05.595;0.00657
05.554;05.596;0.011364
05.554;05.597;0.076923
05.554;05.598;0.060241
05.554;05.599;0.103093
05.554;05.600;0.097087
05.554;05.601;0.088496
05.554;05.604;0.090909
05.554;05.607;0.121951
05.554;05.611;0.005862
05.554;05.613;0.016181
05.554;05.614;0.006309
05.554;05.615;0.00352
05.554;05.616;0.128205
05.554;22.400;0.212766
05.555;05.554;0.002837
05.555;05.555;0
05.555;05.556;0.005453
05.555;05.557;0.003792
05.555;05.558;0.004789
05.555;05.559;0.006676
05.555;05.560;0.008711
05.555;05.561;0.002872
05.555;05.562;0.003393
05.555;05.563;0.006485
05.555;05.564;0.004042
05.555;05.565;0.003044
05.555;05.566;0.005325
05.555;05.567;0.0035
05.555;05.568;0.006452
05.555;05.569;0.007981
05.555;05.570;0.003989
05.555;05.571;0.009009
05.555;05.572;0.009533
05.555;05.573;0.004519
05.555;05.574;0.025575
05.555;05.575;0.006519
05.555;05.576;0.097087
05.555;05.577;0.075188
05.555;05.578;0.052083
05.555;05.579;0.029586
05.555;05.580;0.166667
05.555;05.581;0.172414
05.555;05.582;0.018182
05.555;05.583;0.149254
05.555;05.584;0.070922
05.555;05.585;0.005609
05.555;05.586;0.059172
05.555;05.587;0.117647
05.555;05.588;0.081301
05.555;05.589;0.027248
05.555;05.590;0.005556
05.555;05.591;0.010537
05.555;05.592;0.217391
05.555;05.593;0.05618
05.555;05.594;0.2
05.555;05.595;0.007559
05.555;05.596;0.014065
05.555;05.597;0.075758
05.555;05.598;0.059172
05.555;05.599;0.1
05.555;05.600;0.088496
05.555;05.601;0.092593
05.555;05.604;0.079365
05.555;05.607;0.126582
05.555;05.611;0.00668
05.555;05.613;0.018587
05.555;05.614;0.016155
05.555;05.615;0.00425
05.555;05.616;0.11236
05.555;22.400;0.384615
05.556;05.554;0.004666
05.556;05.555;0.002358
05.556;05.556;0
05.556;05.557;0.004006
05.556;05.558;0.004965
05.556;05.559;0.007728
05.556;05.560;0.01065
05.556;05.561;0.005659
05.556;05.562;0.003948
05.556;05.563;0.005701
05.556;05.564;0.007375
05.556;05.565;0.005669
05.556;05.566;0.008163
05.556;05.567;0.007143
05.556;05.568;0.005879
05.556;05.569;0.009625
05.556;05.570;0.003122
05.556;05.571;0.01292
05.556;05.572;0.01105
05.556;05.573;0.007123
05.556;05.574;0.034843
05.556;05.575;0.009363
05.556;05.576;0.140845
05.556;05.577;0.075188
05.556;05.578;0.051282
05.556;05.579;0.03367
05.556;05.580;0.149254
05.556;05.581;0.196078
05.556;05.582;0.018182
05.556;05.583;0.15873
05.556;05.584;0.084034
05.556;05.585;0.009662
05.556;05.586;0.067568
05.556;05.587;0.163934
05.556;05.588;0.095238
05.556;05.589;0.030769
05.556;05.590;0.008306
05.556;05.591;0.018587
05.556;05.592;0.25
05.556;05.593;0.063694
05.556;05.594;0.169492
05.556;05.595;0.017212
05.556;05.596;0.031746
05.556;05.597;0.106383
05.556;05.598;0.065789
05.556;05.599;0.149254
05.556;05.600;0.119048
05.556;05.601;0.11236
05.556;05.604;0.091743
05.556;05.607;0.153846
05.556;05.611;0.007519
05.556;05.613;0.019724
05.556;05.614;0.004259
05.556;05.615;0.011198
05.556;05.616;0.192308
05.556;22.400;0.121951
05.557;05.554;0.004602
05.557;05.555;0.004541
05.557;05.556;0.008389
05.557;05.557;0
05.557;05.558;0.004496
05.557;05.559;0.003868
05.557;05.560;0.008795
05.557;05.561;0.003516
05.557;05.562;0.001884
05.557;05.563;0.004177
05.557;05.564;0.006064
05.557;05.565;0.003973
05.557;05.566;0.007669
05.557;05.567;0.005737
05.557;05.568;0.005291
05.557;05.569;0.008905
05.557;05.570;0.002958
05.557;05.571;0.008658
05.557;05.572;0.00996
05.557;05.573;0.005394
05.557;05.574;0.026385
05.557;05.575;0.007987
05.557;05.576;0.113636
05.557;05.577;0.066225
05.557;05.578;0.042373
05.557;05.579;0.024213
05.557;05.580;0.147059
05.557;05.581;0.185185
05.557;05.582;0.01992
05.557;05.583;0.172414
05.557;05.584;0.08547
05.557;05.585;0.00753
05.557;05.586;0.056818
05.557;05.587;0.142857
05.557;05.588;0.091743
05.557;05.589;0.027778
05.557;05.590;0.007013
05.557;05.591;0.015267
05.557;05.592;0.232558
05.557;05.593;0.060606
05.557;05.594;0.166667
05.557;05.595;0.012903
05.557;05.596;0.021142
05.557;05.597;0.080645
05.557;05.598;0.067568
05.557;05.599;0.123457
05.557;05.600;0.114943
05.557;05.601;0.096154
05.557;05.604;0.106383
05.557;05.607;0.138889
05.557;05.611;0.006658
05.557;05.613;0.016667
05.557;05.614;0.02584
05.557;05.615;0.008244
05.557;05.616;0.151515
05.557;22.400;0.142857
05.558;05.554;0.001886
05.558;05.555;0.002026
05.558;05.556;0.003215
05.558;05.557;0.003719
05.558;05.558;0
05.558;05.559;0.00817
05.558;05.560;0.008453
05.558;05.561;0.006631
05.558;05.562;0.004454
05.558;05.563;0.008
05.558;05.564;0.005855
05.558;05.565;0.006188
05.558;05.566;0.006775
05.558;05.567;0.006456
05.558;05.568;0.004591
05.558;05.569;0.005777
05.558;05.570;0.005583
05.558;05.571;0.008143
05.558;05.572;0.009337
05.558;05.573;0.004993
05.558;05.574;0.031056
05.558;05.575;0.009579
05.558;05.576;0.1
05.558;05.577;0.065359
05.558;05.578;0.041494
05.558;05.579;0.02551
05.558;05.580;0.105263
05.558;05.581;0.185185
05.558;05.582;0.01497
05.558;05.583;0.16129
05.558;05.584;0.06135
05.558;05.585;0.008643
05.558;05.586;0.050251
05.558;05.587;0.105263
05.558;05.588;0.083333
05.558;05.589;0.022472
05.558;05.590;0.007273
05.558;05.591;0.020534
05.558;05.592;0.222222
05.558;05.593;0.042918
05.558;05.594;0.133333
05.558;05.595;0.016474
05.558;05.596;0.021882
05.558;05.597;0.0625
05.558;05.598;0.05618
05.558;05.599;0.108696
05.558;05.600;0.07874
05.558;05.601;0.079365
05.558;05.604;0.068493
05.558;05.607;0.09434
05.558;05.611;0.005942
05.558;05.613;0.016
05.558;05.614;0.046083
05.558;05.615;0.011403
05.558;05.616;0.102041
05.558;22.400;0.222222
05.559;05.554;0.002129
05.559;05.555;0.00545
05.559;05.556;0.002933
05.559;05.557;0.005862
05.559;05.558;0.008278
05.559;05.559;0
05.559;05.560;0.005258
05.559;05.561;0.005163
05.559;05.562;0.004114
05.559;05.563;0.007474
05.559;05.564;0.00885
05.559;05.565;0.007241
05.559;05.566;0.010741
05.559;05.567;0.008569
05.559;05.568;0.01
05.559;05.569;0.01297
05.559;05.570;0.006277
05.559;05.571;0.012077
05.559;05.572;0.013245
05.559;05.573;0.009328
05.559;05.574;0.030303
05.559;05.575;0.011561
05.559;05.576;0.106383
05.559;05.577;0.091743
05.559;05.578;0.084034
05.559;05.579;0.041494
05.559;05.580;0.092593
05.559;05.581;0.149254
05.559;05.582;0.019011
05.559;05.583;0.119048
05.559;05.584;0.054945
05.559;05.585;0.010846
05.559;05.586;0.057803
05.559;05.587;0.089286
05.559;05.588;0.073529
05.559;05.589;0.025316
05.559;05.590;0.010616
05.559;05.591;0.022676
05.559;05.592;0.25
05.559;05.593;0.054348
05.559;05.594;0.153846
05.559;05.595;0.016393
05.559;05.596;0.029586
05.559;05.597;0.066225
05.559;05.598;0.057143
05.559;05.599;0.09901
05.559;05.600;0.084034
05.559;05.601;0.104167
05.559;05.604;0.079365
05.559;05.607;0.105263
05.559;05.611;0.011416
05.559;05.613;0.025445
05.559;05.614;0.009921
05.559;05.615;0.01221
05.559;05.616;0.046083
05.559;22.400;0.243902
05.560;05.554;0.002818
05.560;05.555;0.008985
05.560;05.556;0.006897
05.560;05.557;0.005777
05.560;05.558;0.016722
05.560;05.559;0.004564
05.560;05.560;0
05.560;05.561;0.009217
05.560;05.562;0.009116
05.560;05.563;0.013351
05.560;05.564;0.009643
05.560;05.565;0.010091
05.560;05.566;0.011223
05.560;05.567;0.009524
05.560;05.568;0.010953
05.560;05.569;0.013123
05.560;05.570;0.010834
05.560;05.571;0.0125
05.560;05.572;0.013986
05.560;05.573;0.010309
05.560;05.574;0.031348
05.560;05.575;0.013643
05.560;05.576;0.088496
05.560;05.577;0.108696
05.560;05.578;0.10989
05.560;05.579;0.048077
05.560;05.580;0.119048
05.560;05.581;0.128205
05.560;05.582;0.021142
05.560;05.583;0.116279
05.560;05.584;0.055866
05.560;05.585;0.013193
05.560;05.586;0.048077
05.560;05.587;0.079365
05.560;05.588;0.06993
05.560;05.589;0.023641
05.560;05.590;0.012315
05.560;05.591;0.024938
05.560;05.592;0.196078
05.560;05.593;0.052356
05.560;05.594;0.163934
05.560;05.595;0.01938
05.560;05.596;0.031447
05.560;05.597;0.054348
05.560;05.598;0.053763
05.560;05.599;0.071942
05.560;05.600;0.082645
05.560;05.601;0.098039
05.560;05.604;0.070922
05.560;05.607;0.093458
05.560;05.611;0.011211
05.560;05.613;0.029674
05.560;05.614;0.031949
05.560;05.615;0.013736
05.560;05.616;0.026596
05.560;22.400;0.25641
05.561;05.554;0.097087
05.561;05.555;0.06135
05.561;05.556;0.042918
05.561;05.557;0.023697
05.561;05.558;0.135135
05.561;05.559;0.185185
05.561;05.560;0.017212
05.561;05.561;0
05.561;05.562;0.002872
05.561;05.563;0.005208
05.561;05.564;0.004102
05.561;05.565;0.003415
05.561;05.566;0.005992
05.561;05.567;0.002863
05.561;05.568;0.008425
05.561;05.569;0.010846
05.561;05.570;0.004105
05.561;05.571;0.010341
05.561;05.572;0.006803
05.561;05.573;0.007794
05.561;05.574;0.014025
05.561;05.575;0.004527
05.561;05.576;0.116279
05.561;05.577;0.091743
05.561;05.578;0.079365
05.561;05.579;0.037594
05.561;05.580;0.15625
05.561;05.581;0.208333
05.561;05.582;0.020121
05.561;05.583;0.204082
05.561;05.584;0.071942
05.561;05.585;0.005144
05.561;05.586;0.056818
05.561;05.587;0.113636
05.561;05.588;0.076336
05.561;05.589;0.0271
05.561;05.590;0.005935
05.561;05.591;0.007508
05.561;05.592;0.238095
05.561;05.593;0.075758
05.561;05.594;0.222222
05.561;05.595;0.00559
05.561;05.596;0.011862
05.561;05.597;0.08547
05.561;05.598;0.05618
05.561;05.599;0.113636
05.561;05.600;0.09434
05.561;05.601;0.10989
05.561;05.604;0.086957
05.561;05.607;0.126582
05.561;05.611;0.008285
05.561;05.613;0.023697
05.561;05.614;0.011312
05.561;05.615;0.003171
05.561;05.616;0.131579
05.561;22.400;0.142857
05.562;05.554;0.153846
05.562;05.555;0.073529
05.562;05.556;0.004883
05.562;05.557;0.055866
05.562;05.558;0.121951
05.562;05.559;0.077519
05.562;05.560;0.025189
05.562;05.561;0.00579
05.562;05.562;0
05.562;05.563;0.004
05.562;05.564;0.006281
05.562;05.565;0.004122
05.562;05.566;0.007764
05.562;05.567;0.005602
05.562;05.568;0.00559
05.562;05.569;0.007669
05.562;05.570;0.002711
05.562;05.571;0.008285
05.562;05.572;0.008696
05.562;05.573;0.007294
05.562;05.574;0.027624
05.562;05.575;0.007628
05.562;05.576;0.119048
05.562;05.577;0.063291
05.562;05.578;0.043668
05.562;05.579;0.024814
05.562;05.580;0.135135
05.562;05.581;0.188679
05.562;05.582;0.018051
05.562;05.583;0.181818
05.562;05.584;0.08
05.562;05.585;0.008347
05.562;05.586;0.062112
05.562;05.587;0.178571
05.562;05.588;0.07874
05.562;05.589;0.027473
05.562;05.590;0.006562
05.562;05.591;0.012903
05.562;05.592;0.212766
05.562;05.593;0.059172
05.562;05.594;0.15873
05.562;05.595;0.012531
05.562;05.596;0.022371
05.562;05.597;0.086957
05.562;05.598;0.064103
05.562;05.599;0.111111
05.562;05.600;0.111111
05.562;05.601;0.097087
05.562;05.604;0.097087
05.562;05.607;0.114943
05.562;05.611;0.005959
05.562;05.613;0.016863
05.562;05.614;0.00526
05.562;05.615;0.007236
05.562;05.616;0.131579
05.562;22.400;0.147059
05.563;05.554;0.007812
05.563;05.555;0.204082
05.563;05.556;0.059524
05.563;05.557;0.172414
05.563;05.558;0.00657
05.563;05.559;0.011364
05.563;05.560;0.076923
05.563;05.561;0.060241
05.563;05.562;0.103093
05.563;05.563;0
05.563;05.564;0.008375
05.563;05.565;0.002687
05.563;05.566;0.011947
05.563;05.567;0.009381
05.563;05.568;0.011416
05.563;05.569;0.01385
05.563;05.570;0.002863
05.563;05.571;0.009728
05.563;05.572;0.014993
05.563;05.573;0.00721
05.563;05.574;0.043478
05.563;05.575;0.01105
05.563;05.576;0.192308
05.563;05.577;0.144928
05.563;05.578;0.111111
05.563;05.579;0.053476
05.563;05.580;0.217391
05.563;05.581;0.25641
05.563;05.582;0.021186
05.563;05.583;0.30303
05.563;05.584;0.111111
05.563;05.585;0.012034
05.563;05.586;0.09434
05.563;05.587;0.196078
05.563;05.588;0.111111
05.563;05.589;0.032051
05.563;05.590;0.008803
05.563;05.591;0.024631
05.563;05.592;0.47619
05.563;05.593;0.076336
05.563;05.594;0.263158
05.563;05.595;0.021834
05.563;05.596;0.035587
05.563;05.597;0.128205
05.563;05.598;0.08547
05.563;05.599;0.222222
05.563;05.600;0.149254
05.563;05.601;0.15873
05.563;05.604;0.125
05.563;05.607;0.212766
05.563;05.611;0.013038
05.563;05.613;0.032051
05.563;05.614;0.00481
05.563;05.615;0.014728
05.563;05.616;0.181818
05.563;22.400;0.067568
05.564;05.554;0.097087
05.564;05.555;0.088496
05.564;05.556;0.090909
05.564;05.557;0.121951
05.564;05.558;0.005862
05.564;05.559;0.016181
05.564;05.560;0.006309
05.564;05.561;0.00352
05.564;05.562;0.128205
05.564;05.563;0.212766
05.564;05.564;0
05.564;05.565;0.004195
05.564;05.566;0.005131
05.564;05.567;0.003639
05.564;05.568;0.00777
05.564;05.569;0.006353
05.564;05.570;0.007199
05.564;05.571;0.009302
05.564;05.572;0.01004
05.564;05.573;0.005744
05.564;05.574;0.028409
05.564;05.575;0.00668
05.564;05.576;0.107527
05.564;05.577;0.081301
05.564;05.578;0.060976
05.564;05.579;0.027174
05.564;05.580;0.12987
05.564;05.581;0.181818
05.564;05.582;0.013175
05.564;05.583;0.169492
05.564;05.584;0.063694
05.564;05.585;0.004943
05.564;05.586;0.046729
05.564;05.587;0.12987
05.564;05.588;0.084034
05.564;05.589;0.024938
05.564;05.590;0.004936
05.564;05.591;0.017794
05.564;05.592;0.212766
05.564;05.593;0.045662
05.564;05.594;0.175439
05.564;05.595;0.008446
05.564;05.596;0.010515
05.564;05.597;0.062112
05.564;05.598;0.060606
05.564;05.599;0.096154
05.564;05.600;0.081301
05.564;05.601;0.087719
05.564;05.604;0.08547
05.564;05.607;0.126582
05.564;05.611;0.008403
05.564;05.613;0.01912
05.564;05.614;0.028986
05.564;05.615;0.00504
05.564;05.616;0.1
05.564;22.400;0.416667
05.565;05.554;0.005453
05.565;05.555;0.003792
05.565;05.556;0.004789
05.565;05.557;0.006676
05.565;05.558;0.008711
05.565;05.559;0.002872
05.565;05.560;0.003393
05.565;05.561;0.006485
05.565;05.562;0.004042
05.565;05.563;0.003044
05.565;05.564;0.005325
05.565;05.565;0
05.565;05.566;0.006515
05.565;05.567;0.004205
05.565;05.568;0.007831
05.565;05.569;0.009328
05.565;05.570;0.003226
05.565;05.571;0.009699
05.565;05.572;0.010661
05.565;05.573;0.004926
05.565;05.574;0.026042
05.565;05.575;0.008591
05.565;05.576;0.12987
05.565;05.577;0.081301
05.565;05.578;0.054645
05.565;05.579;0.030395
05.565;05.580;0.151515
05.565;05.581;0.204082
05.565;05.582;0.016949
05.565;05.583;0.188679
05.565;05.584;0.08547
05.565;05.585;0.00551
05.565;05.586;0.05988
05.565;05.587;0.111111
05.565;05.588;0.088496
05.565;05.589;0.029155
05.565;05.590;0.007536
05.565;05.591;0.016694
05.565;05.592;0.204082
05.565;05.593;0.068027
05.565;05.594;0.208333
05.565;05.595;0.008237
05.565;05.596;0.015198
05.565;05.597;0.073529
05.565;05.598;0.064516
05.565;05.599;0.120482
05.565;05.600;0.104167
05.565;05.601;0.097087
05.565;05.604;0.09009
05.565;05.607;0.163934
05.565;05.611;0.008749
05.565;05.613;0.019268
05.565;05.614;0.008518
05.565;05.615;0.005618
05.565;05.616;0.142857
05.565;22.400;0.092593
05.566;05.554;0.0035
05.566;05.555;0.006452
05.566;05.556;0.007981
05.566;05.557;0.003989
05.566;05.558;0.009009
05.566;05.559;0.009533
05.566;05.560;0.004519
05.566;05.561;0.025575
05.566;05.562;0.006519
05.566;05.563;0.097087
05.566;05.564;0.075188
05.566;05.565;0.052083
05.566;05.566;0
05.566;05.567;0.004077
05.566;05.568;0.007289
05.566;05.569;0.006169
05.566;05.570;0.008396
05.566;05.571;0.009074
05.566;05.572;0.007831
05.566;05.573;0.006752
05.566;05.574;0.030303
05.566;05.575;0.00744
05.566;05.576;0.097087
05.566;05.577;0.05848
05.566;05.578;0.044053
05.566;05.579;0.023866
05.566;05.580;0.096154
05.566;05.581;0.114943
05.566;05.582;0.009533
05.566;05.583;0.10989
05.566;05.584;0.05291
05.566;05.585;0.008651
05.566;05.586;0.036364
05.566;05.587;0.096154
05.566;05.588;0.075758
05.566;05.589;0.019342
05.566;05.590;0.009124
05.566;05.591;0.012563
05.566;05.592;0.204082
05.566;05.593;0.035714
05.566;05.594;0.140845
05.566;05.595;0.023981
05.566;05.596;0.026525
05.566;05.597;0.055249
05.566;05.598;0.054348
05.566;05.599;0.084746
05.566;05.600;0.076923
05.566;05.601;0.072993
05.566;05.604;0.062893
05.566;05.607;0.091743
05.566;05.611;0.006993
05.566;05.613;0.013812
05.566;05.614;0.029762
05.566;05.615;0.007886
05.566;05.616;0.10101
05.566;22.400;0.37037
05.567;05.554;0.029586
05.567;05.555;0.166667
05.567;05.556;0.172414
05.567;05.557;0.018182
05.567;05.558;0.149254
05.567;05.559;0.070922
05.567;05.560;0.005609
05.567;05.561;0.059172
05.567;05.562;0.117647
05.567;05.563;0.081301
05.567;05.564;0.027248
05.567;05.565;0.005556
05.567;05.566;0.010537
05.567;05.567;0
05.567;05.568;0.007262
05.567;05.569;0.006863
05.567;05.570;0.007225
05.567;05.571;0.008489
05.567;05.572;0.004456
05.567;05.573;0.006361
05.567;05.574;0.012853
05.567;05.575;0.003893
05.567;05.576;0.087719
05.567;05.577;0.066225
05.567;05.578;0.046296
05.567;05.579;0.025641
05.567;05.580;0.11236
05.567;05.581;0.119048
05.567;05.582;0.010753
05.567;05.583;0.113636
05.567;05.584;0.055556
05.567;05.585;0.004266
05.567;05.586;0.036765
05.567;05.587;0.103093
05.567;05.588;0.074074
05.567;05.589;0.017452
05.567;05.590;0.005126
05.567;05.591;0.007893
05.567;05.592;0.172414
05.567;05.593;0.044053
05.567;05.594;0.140845
05.567;05.595;0.00615
05.567;05.596;0.010384
05.567;05.597;0.055866
05.567;05.598;0.050505
05.567;05.599;0.086207
05.567;05.600;0.083333
05.567;05.601;0.065789
05.567;05.604;0.064516
05.567;05.607;0.104167
05.567;05.611;0.007418
05.567;05.613;0.016313
05.567;05.614;0.023641
05.567;05.615;0.003241
05.567;05.616;0.098039
05.567;22.400;0.30303
05.568;05.554;0.217391
05.568;05.555;0.05618
05.568;05.556;0.2
05.568;05.557;0.007559
05.568;05.558;0.014065
05.568;05.559;0.075758
05.568;05.560;0.059172
05.568;05.561;0.1
05.568;05.562;0.088496
05.568;05.563;0.092593
05.568;05.564;0.079365
05.568;05.565;0.126582
05.568;05.566;0.00668
05.568;05.567;0.018587
05.568;05.568;0
05.568;05.569;0.006452
05.568;05.570;0.006605
05.568;05.571;0.009285
05.568;05.572;0.009183
05.568;05.573;0.006873
05.568;05.574;0.031746
05.568;05.575;0.010309
05.568;05.576;0.1
05.568;05.577;0.064103
05.568;05.578;0.046948
05.568;05.579;0.026455
05.568;05.580;0.126582
05.568;05.581;0.128205
05.568;05.582;0.012376
05.568;05.583;0.128205
05.568;05.584;0.068493
05.568;05.585;0.009398
05.568;05.586;0.053191
05.568;05.587;0.120482
05.568;05.588;0.086957
05.568;05.589;0.02451
05.568;05.590;0.008787
05.568;05.591;0.023202
05.568;05.592;0.175439
05.568;05.593;0.052356
05.568;05.594;0.133333
05.568;05.595;0.022222
05.568;05.596;0.026042
05.568;05.597;0.063694
05.568;05.598;0.055556
05.568;05.599;0.091743
05.568;05.600;0.086207
05.568;05.601;0.093458
05.568;05.604;0.073529
05.568;05.607;0.084034
05.568;05.611;0.004803
05.568;05.613;0.016556
05.568;05.614;0.032787
05.568;05.615;0.014451
05.568;05.616;0.126582
05.568;22.400;0.27027
05.569;05.554;0.016155
05.569;05.555;0.00425
05.569;05.556;0.11236
05.569;05.557;0.384615
05.569;05.558;0.004006
05.569;05.559;0.004965
05.569;05.560;0.007728
05.569;05.561;0.01065
05.569;05.562;0.005659
05.569;05.563;0.003948
05.569;05.564;0.005701
05.569;05.565;0.007375
05.569;05.566;0.005669
05.569;05.567;0.008163
05.569;05.568;0.007143
05.569;05.569;0
05.569;05.570;0.01221
05.569;05.571;0.008795
05.569;05.572;0.007994
05.569;05.573;0.005774
05.569;05.574;0.032362
05.569;05.575;0.010384
05.569;05.576;0.095238
05.569;05.577;0.065359
05.569;05.578;0.048309
05.569;05.579;0.02994
05.569;05.580;0.172414
05.569;05.581;0.147059
05.569;05.582;0.013889
05.569;05.583;0.172414
05.569;05.584;0.052356
05.569;05.585;0.009132
05.569;05.586;0.035461
05.569;05.587;0.1
05.569;05.588;0.076336
05.569;05.589;0.017361
05.569;05.590;0.00738
05.569;05.591;0.024155
05.569;05.592;0.188679
05.569;05.593;0.034602
05.569;05.594;0.135135
05.569;05.595;0.023529
05.569;05.596;0.026954
05.569;05.597;0.052083
05.569;05.598;0.054348
05.569;05.599;0.086207
05.569;05.600;0.071942
05.569;05.601;0.088496
05.569;05.604;0.060976
05.569;05.607;0.086957
05.569;05.611;0.006579
05.569;05.613;0.018416
05.569;05.614;0.048544
05.569;05.615;0.016502
05.569;05.616;0.120482
05.569;22.400;0.434783
05.570;05.554;0.005879
05.570;05.555;0.009625
05.570;05.556;0.003122
05.570;05.557;0.01292
05.570;05.558;0.01105
05.570;05.559;0.007123
05.570;05.560;0.034843
05.570;05.561;0.009363
05.570;05.562;0.140845
05.570;05.563;0.075188
05.570;05.564;0.051282
05.570;05.565;0.03367
05.570;05.566;0.149254
05.570;05.567;0.196078
05.570;05.568;0.018182
05.570;05.569;0.15873
05.570;05.570;0
05.570;05.571;0.010811
05.570;05.572;0.011038
05.570;05.573;0.005504
05.570;05.574;0.029326
05.570;05.575;0.009662
05.570;05.576;0.138889
05.570;05.577;0.089286
05.570;05.578;0.066225
05.570;05.579;0.028653
05.570;05.580;0.149254
05.570;05.581;0.232558
05.570;05.582;0.025063
05.570;05.583;0.2
05.570;05.584;0.081967
05.570;05.585;0.009881
05.570;05.586;0.074627
05.570;05.587;0.166667
05.570;05.588;0.087719
05.570;05.589;0.03012
05.570;05.590;0.007752
05.570;05.591;0.019305
05.570;05.592;0.25641
05.570;05.593;0.074627
05.570;05.594;0.277778
05.570;05.595;0.017986
05.570;05.596;0.029155
05.570;05.597;0.09009
05.570;05.598;0.068027
05.570;05.599;0.140845
05.570;05.600;0.135135
05.570;05.601;0.12987
05.570;05.604;0.116279
05.570;05.607;0.149254
05.570;05.611;0.007704
05.570;05.613;0.020964
05.570;05.614;0.002966
05.570;05.615;0.011299
05.570;05.616;0.12987
05.570;22.400;0.078125
05.571;05.554;0.084034
05.571;05.555;0.009662
05.571;05.556;0.067568
05.571;05.557;0.163934
05.571;05.558;0.095238
05.571;05.559;0.030769
05.571;05.560;0.008306
05.571;05.561;0.018587
05.571;05.562;0.25
05.571;05.563;0.063694
05.571;05.564;0.169492
05.571;05.565;0.017212
05.571;05.566;0.031746
05.571;05.567;0.106383
05.571;05.568;0.065789
05.571;05.569;0.149254
05.571;05.570;0.119048
05.571;05.571;0
05.571;05.572;0.009785
05.571;05.573;0.008613
05.571;05.574;0.029155
05.571;05.575;0.009116
05.571;05.576;0.09009
05.571;05.577;0.08547
05.571;05.578;0.05988
05.571;05.579;0.036101
05.571;05.580;0.075758
05.571;05.581;0.098039
05.571;05.582;0.010707
05.571;05.583;0.09009
05.571;05.584;0.04329
05.571;05.585;0.008354
05.571;05.586;0.033898
05.571;05.587;0.05988
05.571;05.588;0.07874
05.571;05.589;0.012788
05.571;05.590;0.007457
05.571;05.591;0.021598
05.571;05.592;0.188679
05.571;05.593;0.03268
05.571;05.594;0.12987
05.571;05.595;0.021277
05.571;05.596;0.02584
05.571;05.597;0.054945
05.571;05.598;0.071942
05.571;05.599;0.098039
05.571;05.600;0.070922
05.571;05.601;0.072464
05.571;05.604;0.047393
05.571;05.607;0.074074
05.571;05.611;0.009328
05.571;05.613;0.019342
05.571;05.614;0.03012
05.571;05.615;0.014493
05.571;05.616;0.12987
05.571;22.400;0.227273
05.572;05.554;0.11236
05.572;05.555;0.091743
05.572;05.556;0.153846
05.572;05.557;0.007519
05.572;05.558;0.019724
05.572;05.559;0.004259
05.572;05.560;0.011198
05.572;05.561;0.192308
05.572;05.562;0.121951
05.572;05.563;0.004496
05.572;05.564;0.003868
05.572;05.565;0.008795
05.572;05.566;0.003516
05.572;05.567;0.001884
05.572;05.568;0.004177
05.572;05.569;0.006064
05.572;05.570;0.003973
05.572;05.571;0.007669
05.572;05.572;0
05.572;05.573;0.009814
05.572;05.574;0.012422
05.572;05.575;0.004697
05.572;05.576;0.1
05.572;05.577;0.063694
05.572;05.578;0.049261
05.572;05.579;0.024814
05.572;05.580;0.089286
05.572;05.581;0.096154
05.572;05.582;0.010173
05.572;05.583;0.097087
05.572;05.584;0.045249
05.572;05.585;0.005959
05.572;05.586;0.031746
05.572;05.587;0.070423
05.572;05.588;0.076336
05.572;05.589;0.014684
05.572;05.590;0.009251
05.572;05.591;0.011521
05.572;05.592;0.172414
05.572;05.593;0.038911
05.572;05.594;0.166667
05.572;05.595;0.012531
05.572;05.596;0.027473
05.572;05.597;0.045662
05.572;05.598;0.049505
05.572;05.599;0.068966
05.572;05.600;0.084034
05.572;05.601;0.06993
05.572;05.604;0.054645
05.572;05.607;0.087719
05.572;05.611;0.009107
05.572;05.613;0.015175
05.572;05.614;0.040323
05.572;05.615;0.00841
05.572;05.616;0.126582
05.572;22.400;0.333333
05.573;05.554;0.005737
05.573;05.555;0.005291
05.573;05.556;0.008905
05.573;05.557;0.002958
05.573;05.558;0.008658
05.573;05.559;0.00996
05.573;05.560;0.005394
05.573;05.561;0.026385
05.573;05.562;0.007987
05.573;05.563;0.113636
05.573;05.564;0.066225
05.573;05.565;0.042373
05.573;05.566;0.024213
05.573;05.567;0.147059
05.573;05.568;0.185185
05.573;05.569;0.01992
05.573;05.570;0.172414
05.573;05.571;0.08547
05.573;05.572;0.00753
05.573;05.573;0
05.573;05.574;0.031447
05.573;05.575;0.009911
05.573;05.576;0.1
05.573;05.577;0.066225
05.573;05.578;0.044444
05.573;05.579;0.025381
05.573;05.580;0.116279
05.573;05.581;0.163934
05.573;05.582;0.012755
05.573;05.583;0.140845
05.573;05.584;0.060606
05.573;05.585;0.009058
05.573;05.586;0.041667
05.573;05.587;0.111111
05.573;05.588;0.081301
05.573;05.589;0.022624
05.573;05.590;0.007358
05.573;05.591;0.019569
05.573;05.592;0.217391
05.573;05.593;0.040984
05.573;05.594;0.151515
05.573;05.595;0.020243
05.573;05.596;0.024272
05.573;05.597;0.059524
05.573;05.598;0.053476
05.573;05.599;0.090909
05.573;05.600;0.072993
05.573;05.601;0.087719
05.573;05.604;0.063694
05.573;05.607;0.102041
05.573;05.611;0.006859
05.573;05.613;0.016051
05.573;05.614;0.024213
05.573;05.615;0.012285
05.573;05.616;0.097087
05.573;22.400;0.285714
05.574;05.554;0.056818
05.574;05.555;0.142857
05.574;05.556;0.091743
05.574;05.557;0.027778
05.574;05.558;0.007013
05.574;05.559;0.015267
05.574;05.560;0.232558
05.574;05.561;0.060606
05.574;05.562;0.166667
05.574;05.563;0.012903
05.574;05.564;0.021142
05.574;05.565;0.080645
05.574;05.566;0.067568
05.574;05.567;0.123457
05.574;05.568;0.114943
05.574;05.569;0.096154
05.574;05.570;0.106383
05.574;05.571;0.138889
05.574;05.572;0.006658
05.574;05.573;0.016667
05.574;05.574;0
05.574;05.575;0.013495
05.574;05.576;0.025316
05.574;05.577;0.204082
05.574;05.578;0.135135
05.574;05.579;0.047847
05.574;05.580;0.333333
05.574;05.581;0.081301
05.574;05.582;0.03861
05.574;05.583;0.089286
05.574;05.584;0.140845
05.574;05.585;0.011876
05.574;05.586;0.078125
05.574;05.587;0.074074
05.574;05.588;0.3125
05.574;05.589;0.034014
05.574;05.590;0.027624
05.574;05.591;0.009634
05.574;05.592;0.083333
05.574;05.593;0.204082
05.574;05.594;0.27027
05.574;05.595;0.014903
05.574;05.596;0.074627
05.574;05.597;0.029586
05.574;05.598;0.075758
05.574;05.599;0.063291
05.574;05.600;0.277778
05.574;05.601;0.058824
05.574;05.604;0.181818
05.574;05.607;0.294118
05.574;05.611;0.029851
05.574;05.613;0.05988
05.574;05.614;0.081301
05.574;05.615;0.013928
05.574;05.616;0.062893
05.574;22.400;0.384615
05.575;05.554;0.02584
05.575;05.555;0.008244
05.575;05.556;0.151515
05.575;05.557;0.142857
05.575;05.558;0.00817
05.575;05.559;0.008453
05.575;05.560;0.006631
05.575;05.561;0.004454
05.575;05.562;0.008
05.575;05.563;0.005855
05.575;05.564;0.006188
05.575;05.565;0.006775
05.575;05.566;0.006456
05.575;05.567;0.004591
05.575;05.568;0.005777
05.575;05.569;0.005583
05.575;05.570;0.008143
05.575;05.571;0.009337
05.575;05.572;0.004993
05.575;05.573;0.031056
05.575;05.574;0.009579
05.575;05.575;0
05.575;05.576;0.079365
05.575;05.577;0.08
05.575;05.578;0.05988
05.575;05.579;0.028409
05.575;05.580;0.090909
05.575;05.581;0.081301
05.575;05.582;0.011779
05.575;05.583;0.083333
05.575;05.584;0.049505
05.575;05.585;0.00516
05.575;05.586;0.035971
05.575;05.587;0.064935
05.575;05.588;0.076923
05.575;05.589;0.01199
05.575;05.590;0.006978
05.575;05.591;0.007267
05.575;05.592;0.204082
05.575;05.593;0.042735
05.575;05.594;0.144928
05.575;05.595;0.012674
05.575;05.596;0.017513
05.575;05.597;0.05618
05.575;05.598;0.056818
05.575;05.599;0.086957
05.575;05.600;0.074074
05.575;05.601;0.082645
05.575;05.604;0.057803
05.575;05.607;0.084746
05.575;05.611;0.010753
05.575;05.613;0.017857
05.575;05.614;0.028736
05.575;05.615;0.005118
05.575;05.616;0.097087
05.575;22.400;0.277778
05.576;05.554;0.1
05.576;05.555;0.065359
05.576;05.556;0.041494
05.576;05.557;0.02551
05.576;05.558;0.105263
05.576;05.559;0.185185
05.576;05.560;0.01497
05.576;05.561;0.16129
05.576;05.562;0.06135
05.576;05.563;0.008643
05.576;05.564;0.050251
05.576;05.565;0.105263
05.576;05.566;0.083333
05.576;05.567;0.022472
05.576;05.568;0.007273
05.576;05.569;0.020534
05.576;05.570;0.222222
05.576;05.571;0.042918
05.576;05.572;0.133333
05.576;05.573;0.016474
05.576;05.574;0.021882
05.576;05.575;0.0625
05.576;05.576;0
05.576;05.577;0.769231
05.576;05.578;0.47619
05.576;05.579;0.185185
05.576;05.580;1
05.576;05.581;0.185185
05.576;05.582;0.079365
05.576;05.583;0.232558
05.576;05.584;0.344828
05.576;05.585;0.067568
05.576;05.586;0.294118
05.576;05.587;0.217391
05.576;05.588;1
05.576;05.589;0.066225
05.576;05.590;0.103093
05.576;05.591;0.044444
05.576;05.592;0.166667
05.576;05.593;0.769231
05.576;05.594;0.909091
05.576;05.595;0.212766
05.576;05.596;0.27027
05.576;05.597;0.027778
05.576;05.598;0.131579
05.576;05.599;0.089286
05.576;05.600;1
05.576;05.601;0.117647
05.576;05.604;1
05.576;05.607;1
05.576;05.611;0.09009
05.576;05.613;0.204082
05.576;05.614;0.263158
05.576;05.615;0.090909
05.576;05.616;0.092593
05.576;22.400;1
05.577;05.554;0.05618
05.577;05.555;0.108696
05.577;05.556;0.07874
05.577;05.557;0.079365
05.577;05.558;0.068493
05.577;05.559;0.09434
05.577;05.560;0.005942
05.577;05.561;0.016
05.577;05.562;0.046083
05.577;05.563;0.011403
05.577;05.564;0.102041
05.577;05.565;0.222222
05.577;05.566;0.005258
05.577;05.567;0.005163
05.577;05.568;0.004114
05.577;05.569;0.007474
05.577;05.570;0.00885
05.577;05.571;0.007241
05.577;05.572;0.010741
05.577;05.573;0.008569
05.577;05.574;0.01
05.577;05.575;0.01297
05.577;05.576;0.006277
05.577;05.577;0
05.577;05.578;0.036364
05.577;05.579;0.093458
05.577;05.580;0.123457
05.577;05.581;1
05.577;05.582;0.09434
05.577;05.583;0.714286
05.577;05.584;0.121951
05.577;05.585;0.068966
05.577;05.586;0.357143
05.577;05.587;0.769231
05.577;05.588;0.30303
05.577;05.589;0.076923
05.577;05.590;0.103093
05.577;05.591;0.144928
05.577;05.592;0.555556
05.577;05.593;0.175439
05.577;05.594;0.042553
05.577;05.595;0.212766
05.577;05.596;0.15873
05.577;05.597;0.769231
05.577;05.598;0.454545
05.577;05.599;1
05.577;05.600;0.454545
05.577;05.601;0.333333
05.577;05.604;0.15625
05.577;05.607;0.175439
05.577;05.611;0.06993
05.577;05.613;0.050761
05.577;05.614;0.384615
05.577;05.615;0.12987
05.577;05.616;0.322581
05.577;22.400;1
05.578;05.554;0.012077
05.578;05.555;0.013245
05.578;05.556;0.009328
05.578;05.557;0.030303
05.578;05.558;0.011561
05.578;05.559;0.106383
05.578;05.560;0.091743
05.578;05.561;0.084034
05.578;05.562;0.041494
05.578;05.563;0.092593
05.578;05.564;0.149254
05.578;05.565;0.019011
05.578;05.566;0.119048
05.578;05.567;0.054945
05.578;05.568;0.010846
05.578;05.569;0.057803
05.578;05.570;0.089286
05.578;05.571;0.073529
05.578;05.572;0.025316
05.578;05.573;0.010616
05.578;05.574;0.022676
05.578;05.575;0.25
05.578;05.576;0.054348
05.578;05.577;0.153846
05.578;05.578;0
05.578;05.579;0.102041
05.578;05.580;0.10989
05.578;05.581;0.769231
05.578;05.582;0.051813
05.578;05.583;0.454545
05.578;05.584;0.121951
05.578;05.585;0.05848
05.578;05.586;0.217391
05.578;05.587;0.526316
05.578;05.588;0.344828
05.578;05.589;0.054645
05.578;05.590;0.071429
05.578;05.591;0.126582
05.578;05.592;0.4
05.578;05.593;0.16129
05.578;05.594;0.038023
05.578;05.595;0.175439
05.578;05.596;0.163934
05.578;05.597;0.714286
05.578;05.598;0.416667
05.578;05.599;0.714286
05.578;05.600;0.454545
05.578;05.601;0.204082
05.578;05.604;0.181818
05.578;05.607;0.185185
05.578;05.611;0.044643
05.578;05.613;0.052083
05.578;05.614;0.222222
05.578;05.615;0.093458
05.578;05.616;0.37037
05.578;22.400;1
05.579;05.554;0.016393
05.579;05.555;0.029586
05.579;05.556;0.066225
05.579;05.557;0.057143
05.579;05.558;0.09901
05.579;05.559;0.084034
05.579;05.560;0.104167
05.579;05.561;0.079365
05.579;05.562;0.105263
05.579;05.563;0.011416
05.579;05.564;0.025445
05.579;05.565;0.009921
05.579;05.566;0.01221
05.579;05.567;0.046083
05.579;05.568;0.243902
05.579;05.569;0.009217
05.579;05.570;0.009116
05.579;05.571;0.013351
05.579;05.572;0.009643
05.579;05.573;0.010091
05.579;05.574;0.011223
05.579;05.575;0.009524
05.579;05.576;0.010953
05.579;05.577;0.013123
05.579;05.578;0.010834
05.579;05.579;0
05.579;05.580;0.15873
05.579;05.581;0.024631
05.579;05.582;0.035211
05.579;05.583;0.022936
05.579;05.584;0.091743
05.579;05.585;0.025707
05.579;05.586;0.06993
05.579;05.587;0.10989
05.579;05.588;0.322581
05.579;05.589;0.039216
05.579;05.590;0.03861
05.579;05.591;0.042553
05.579;05.592;0.169492
05.579;05.593;0.222222
05.579;05.594;0.322581
05.579;05.595;0.102041
05.579;05.596;0.106383
05.579;05.597;0.131579
05.579;05.598;0.204082
05.579;05.599;0.185185
05.579;05.600;0.3125
05.579;05.601;0.090909
05.579;05.604;0.454545
05.579;05.607;0.47619
05.579;05.611;0.026316
05.579;05.613;0.025253
05.579;05.614;0.153846
05.579;05.615;0.048544
05.579;05.616;0.125
05.579;22.400;1
05.580;05.554;0.0125
05.580;05.555;0.013986
05.580;05.556;0.010309
05.580;05.557;0.031348
05.580;05.558;0.013643
05.580;05.559;0.088496
05.580;05.560;0.108696
05.580;05.561;0.10989
05.580;05.562;0.048077
05.580;05.563;0.119048
05.580;05.564;0.128205
05.580;05.565;0.021142
05.580;05.566;0.116279
05.580;05.567;0.055866
05.580;05.568;0.013193
05.580;05.569;0.048077
05.580;05.570;0.079365
05.580;05.571;0.06993
05.580;05.572;0.023641
05.580;05.573;0.012315
05.580;05.574;0.024938
05.580;05.575;0.196078
05.580;05.576;0.052356
05.580;05.577;0.163934
05.580;05.578;0.01938
05.580;05.579;0.031447
05.580;05.580;0
05.580;05.581;0.909091
05.580;05.582;0.081301
05.580;05.583;0.5
05.580;05.584;0.031056
05.580;05.585;0.090909
05.580;05.586;0.227273
05.580;05.587;1
05.580;05.588;0.263158
05.580;05.589;0.053191
05.580;05.590;0.144928
05.580;05.591;0.4
05.580;05.592;1
05.580;05.593;0.107527
05.580;05.594;0.10989
05.580;05.595;0.153846
05.580;05.596;0.133333
05.580;05.597;1
05.580;05.598;1
05.580;05.599;1
05.580;05.600;0.384615
05.580;05.601;0.217391
05.580;05.604;0.106383
05.580;05.607;0.097087
05.580;05.611;0.113636
05.580;05.613;0.029412
05.580;05.614;0.434783
05.580;05.615;0.163934
05.580;05.616;0.12987
05.580;22.400;1
05.581;05.554;0.054348
05.581;05.555;0.053763
05.581;05.556;0.071942
05.581;05.557;0.082645
05.581;05.558;0.098039
05.581;05.559;0.070922
05.581;05.560;0.093458
05.581;05.561;0.011211
05.581;05.562;0.029674
05.581;05.563;0.031949
05.581;05.564;0.013736
05.581;05.565;0.026596
05.581;05.566;0.25641
05.581;05.567;0.002872
05.581;05.568;0.005208
05.581;05.569;0.004102
05.581;05.570;0.003415
05.581;05.571;0.005992
05.581;05.572;0.002863
05.581;05.573;0.008425
05.581;05.574;0.010846
05.581;05.575;0.004105
05.581;05.576;0.010341
05.581;05.577;0.006803
05.581;05.578;0.007794
05.581;05.579;0.014025
05.581;05.580;0.004527
05.581;05.581;0
05.581;05.582;0.113636
05.581;05.583;0.016863
05.581;05.584;0.105263
05.581;05.585;0.081967
05.581;05.586;0.070423
05.581;05.587;0.08547
05.581;05.588;1
05.581;05.589;0.067114
05.581;05.590;0.114943
05.581;05.591;0.15873
05.581;05.592;0.285714
05.581;05.593;1
05.581;05.594;1
05.581;05.595;0.344828
05.581;05.596;0.769231
05.581;05.597;0.10101
05.581;05.598;0.169492
05.581;05.599;0.113636
05.581;05.600;0.116279
05.581;05.601;0.120482
05.581;05.604;1
05.581;05.607;1
05.581;05.611;0.108696
05.581;05.613;0.15625
05.581;05.614;0.181818
05.581;05.615;0.120482
05.581;05.616;0.096154
05.581;22.400;1
05.582;05.554;0.091743
05.582;05.555;0.079365
05.582;05.556;0.037594
05.582;05.557;0.15625
05.582;05.558;0.208333
05.582;05.559;0.020121
05.582;05.560;0.204082
05.582;05.561;0.071942
05.582;05.562;0.005144
05.582;05.563;0.056818
05.582;05.564;0.113636
05.582;05.565;0.076336
05.582;05.566;0.0271
05.582;05.567;0.005935
05.582;05.568;0.007508
05.582;05.569;0.238095
05.582;05.570;0.075758
05.582;05.571;0.222222
05.582;05.572;0.00559
05.582;05.573;0.011862
05.582;05.574;0.08547
05.582;05.575;0.05618
05.582;05.576;0.113636
05.582;05.577;0.09434
05.582;05.578;0.10989
05.582;05.579;0.086957
05.582;05.580;0.126582
05.582;05.581;0.008285
05.582;05.582;0
05.582;05.583;0.140845
05.582;05.584;0.0369
05.582;05.585;0.01046
05.582;05.586;0.031153
05.582;05.587;0.060241
05.582;05.588;0.09901
05.582;05.589;0.00956
05.582;05.590;0.011751
05.582;05.591;0.036765
05.582;05.592;0.188679
05.582;05.593;0.036765
05.582;05.594;0.120482
05.582;05.595;0.028329
05.582;05.596;0.026455
05.582;05.597;0.040161
05.582;05.598;0.062893
05.582;05.599;0.066667
05.582;05.600;0.057803
05.582;05.601;0.05988
05.582;05.604;0.038023
05.582;05.607;0.06135
05.582;05.611;0.011287
05.582;05.613;0.01845
05.582;05.614;0.06135
05.582;05.615;0.025
05.582;05.616;0.113636
05.582;22.400;0.625
05.583;05.554;0.023697
05.583;05.555;0.011312
05.583;05.556;0.003171
05.583;05.557;0.131579
05.583;05.558;0.142857
05.583;05.559;0.004
05.583;05.560;0.006281
05.583;05.561;0.004122
05.583;05.562;0.007764
05.583;05.563;0.005602
05.583;05.564;0.00559
05.583;05.565;0.007669
05.583;05.566;0.002711
05.583;05.567;0.008285
05.583;05.568;0.008696
05.583;05.569;0.007294
05.583;05.570;0.027624
05.583;05.571;0.007628
05.583;05.572;0.119048
05.583;05.573;0.063291
05.583;05.574;0.043668
05.583;05.575;0.024814
05.583;05.576;0.135135
05.583;05.577;0.188679
05.583;05.578;0.018051
05.583;05.579;0.181818
05.583;05.580;0.08
05.583;05.581;0.008347
05.583;05.582;0.062112
05.583;05.583;0
05.583;05.584;0.090909
05.583;05.585;0.080645
05.583;05.586;0.069444
05.583;05.587;0.078125
05.583;05.588;1
05.583;05.589;0.055556
05.583;05.590;0.121951
05.583;05.591;0.135135
05.583;05.592;0.222222
05.583;05.593;1
05.583;05.594;1
05.583;05.595;0.357143
05.583;05.596;0.555556
05.583;05.597;0.153846
05.583;05.598;0.344828
05.583;05.599;0.217391
05.583;05.600;1
05.583;05.601;0.083333
05.583;05.604;1
05.583;05.607;1
05.583;05.611;0.106383
05.583;05.613;0.117647
05.583;05.614;0.238095
05.583;05.615;0.144928
05.583;05.616;0.098039
05.583;22.400;1
05.584;05.554;0.178571
05.584;05.555;0.07874
05.584;05.556;0.027473
05.584;05.557;0.006562
05.584;05.558;0.012903
05.584;05.559;0.212766
05.584;05.560;0.059172
05.584;05.561;0.15873
05.584;05.562;0.012531
05.584;05.563;0.022371
05.584;05.564;0.086957
05.584;05.565;0.064103
05.584;05.566;0.111111
05.584;05.567;0.111111
05.584;05.568;0.097087
05.584;05.569;0.097087
05.584;05.570;0.114943
05.584;05.571;0.005959
05.584;05.572;0.016863
05.584;05.573;0.00526
05.584;05.574;0.007236
05.584;05.575;0.131579
05.584;05.576;0.147059
05.584;05.577;0.008375
05.584;05.578;0.002687
05.584;05.579;0.011947
05.584;05.580;0.009381
05.584;05.581;0.011416
05.584;05.582;0.01385
05.584;05.583;0.002863
05.584;05.584;0
05.584;05.585;0.044643
05.584;05.586;0.086207
05.584;05.587;0.16129
05.584;05.588;0.117647
05.584;05.589;0.031646
05.584;05.590;0.064516
05.584;05.591;0.131579
05.584;05.592;0.555556
05.584;05.593;0.055866
05.584;05.594;0.104167
05.584;05.595;0.059172
05.584;05.596;0.05814
05.584;05.597;0.2
05.584;05.598;0.175439
05.584;05.599;0.208333
05.584;05.600;0.078125
05.584;05.601;0.081301
05.584;05.604;0.049261
05.584;05.607;0.057143
05.584;05.611;0.05291
05.584;05.613;0.021277
05.584;05.614;0.181818
05.584;05.615;0.081967
05.584;05.616;0.091743
05.584;22.400;1
05.585;05.554;0.009728
05.585;05.555;0.014993
05.585;05.556;0.00721
05.585;05.557;0.043478
05.585;05.558;0.01105
05.585;05.559;0.192308
05.585;05.560;0.144928
05.585;05.561;0.111111
05.585;05.562;0.053476
05.585;05.563;0.217391
05.585;05.564;0.25641
05.585;05.565;0.021186
05.585;05.566;0.30303
05.585;05.567;0.111111
05.585;05.568;0.012034
05.585;05.569;0.09434
05.585;05.570;0.196078
05.585;05.571;0.111111
05.585;05.572;0.032051
05.585;05.573;0.008803
05.585;05.574;0.024631
05.585;05.575;0.47619
05.585;05.576;0.076336
05.585;05.577;0.263158
05.585;05.578;0.021834
05.585;05.579;0.035587
05.585;05.580;0.128205
05.585;05.581;0.08547
05.585;05.582;0.222222
05.585;05.583;0.149254
05.585;05.584;0.15873
05.585;05.585;0
05.585;05.586;0.032362
05.585;05.587;0.061728
05.585;05.588;0.073529
05.585;05.589;0.011765
05.585;05.590;0.007267
05.585;05.591;0.010504
05.585;05.592;0.16129
05.585;05.593;0.035714
05.585;05.594;0.128205
05.585;05.595;0.00601
05.585;05.596;0.012821
05.585;05.597;0.037313
05.585;05.598;0.044643
05.585;05.599;0.062112
05.585;05.600;0.064516
05.585;05.601;0.069444
05.585;05.604;0.040816
05.585;05.607;0.102041
05.585;05.611;0.010101
05.585;05.613;0.014599
05.585;05.614;0.030488
05.585;05.615;0.005711
05.585;05.616;0.072464
05.585;22.400;0.232558
05.586;05.554;0.125
05.586;05.555;0.212766
05.586;05.556;0.013038
05.586;05.557;0.032051
05.586;05.558;0.00481
05.586;05.559;0.014728
05.586;05.560;0.181818
05.586;05.561;0.067568
05.586;05.562;0.004195
05.586;05.563;0.005131
05.586;05.564;0.003639
05.586;05.565;0.00777
05.586;05.566;0.006353
05.586;05.567;0.007199
05.586;05.568;0.009302
05.586;05.569;0.01004
05.586;05.570;0.005744
05.586;05.571;0.028409
05.586;05.572;0.00668
05.586;05.573;0.107527
05.586;05.574;0.081301
05.586;05.575;0.060976
05.586;05.576;0.027174
05.586;05.577;0.12987
05.586;05.578;0.181818
05.586;05.579;0.013175
05.586;05.580;0.169492
05.586;05.581;0.063694
05.586;05.582;0.004943
05.586;05.583;0.046729
05.586;05.584;0.12987
05.586;05.585;0.084034
05.586;05.586;0
05.586;05.587;0.021231
05.586;05.588;0.27027
05.586;05.589;0.025707
05.586;05.590;0.04065
05.586;05.591;0.091743
05.586;05.592;0.454545
05.586;05.593;0.046512
05.586;05.594;0.3125
05.586;05.595;0.08547
05.586;05.596;0.117647
05.586;05.597;0.111111
05.586;05.598;0.166667
05.586;05.599;0.192308
05.586;05.600;0.384615
05.586;05.601;0.07874
05.586;05.604;0.169492
05.586;05.607;0.222222
05.586;05.611;0.047847
05.586;05.613;0.03367
05.586;05.614;0.131579
05.586;05.615;0.060241
05.586;05.616;0.15873
05.586;22.400;0.833333
05.587;05.554;0.024938
05.587;05.555;0.004936
05.587;05.556;0.017794
05.587;05.557;0.212766
05.587;05.558;0.045662
05.587;05.559;0.175439
05.587;05.560;0.008446
05.587;05.561;0.010515
05.587;05.562;0.062112
05.587;05.563;0.060606
05.587;05.564;0.096154
05.587;05.565;0.081301
05.587;05.566;0.087719
05.587;05.567;0.08547
05.587;05.568;0.126582
05.587;05.569;0.008403
05.587;05.570;0.01912
05.587;05.571;0.028986
05.587;05.572;0.00504
05.587;05.573;0.1
05.587;05.574;0.416667
05.587;05.575;0.006515
05.587;05.576;0.004205
05.587;05.577;0.007831
05.587;05.578;0.009328
05.587;05.579;0.003226
05.587;05.580;0.009699
05.587;05.581;0.010661
05.587;05.582;0.004926
05.587;05.583;0.026042
05.587;05.584;0.008591
05.587;05.585;0.12987
05.587;05.586;0.081301
05.587;05.587;0
05.587;05.588;0.833333
05.587;05.589;0.040486
05.587;05.590;0.091743
05.587;05.591;0.128205
05.587;05.592;0.5
05.587;05.593;0.153846
05.587;05.594;1
05.587;05.595;0.192308
05.587;05.596;0.277778
05.587;05.597;0.119048
05.587;05.598;0.208333
05.587;05.599;0.181818
05.587;05.600;1
05.587;05.601;0.08
05.587;05.604;1
05.587;05.607;1
05.587;05.611;0.07874
05.587;05.613;0.05291
05.587;05.614;0.27027
05.587;05.615;0.081967
05.587;05.616;0.104167
05.587;22.400;1
05.588;05.554;0.054645
05.588;05.555;0.030395
05.588;05.556;0.151515
05.588;05.557;0.204082
05.588;05.558;0.016949
05.588;05.559;0.188679
05.588;05.560;0.08547
05.588;05.561;0.00551
05.588;05.562;0.05988
05.588;05.563;0.111111
05.588;05.564;0.088496
05.588;05.565;0.029155
05.588;05.566;0.007536
05.588;05.567;0.016694
05.588;05.568;0.204082
05.588;05.569;0.068027
05.588;05.570;0.208333
05.588;05.571;0.008237
05.588;05.572;0.015198
05.588;05.573;0.073529
05.588;05.574;0.064516
05.588;05.575;0.120482
05.588;05.576;0.104167
05.588;05.577;0.097087
05.588;05.578;0.09009
05.588;05.579;0.163934
05.588;05.580;0.008749
05.588;05.581;0.019268
05.588;05.582;0.008518
05.588;05.583;0.005618
05.588;05.584;0.142857
05.588;05.585;0.092593
05.588;05.586;0.004077
05.588;05.587;0.007289
05.588;05.588;0
05.588;05.589;0.084034
05.588;05.590;0.078125
05.588;05.591;0.232558
05.588;05.592;1
05.588;05.593;0.05618
05.588;05.594;0.27027
05.588;05.595;0.136986
05.588;05.596;0.140845
05.588;05.597;0.833333
05.588;05.598;0.126582
05.588;05.599;1
05.588;05.600;0.3125
05.588;05.601;0.357143
05.588;05.604;0.09009
05.588;05.607;0.166667
05.588;05.611;0.072464
05.588;05.613;0.044444
05.588;05.614;0.434783
05.588;05.615;0.135135
05.588;05.616;0.050761
05.588;22.400;0.909091
05.589;05.554;0.006169
05.589;05.555;0.008396
05.589;05.556;0.009074
05.589;05.557;0.007831
05.589;05.558;0.006752
05.589;05.559;0.030303
05.589;05.560;0.00744
05.589;05.561;0.097087
05.589;05.562;0.05848
05.589;05.563;0.044053
05.589;05.564;0.023866
05.589;05.565;0.096154
05.589;05.566;0.114943
05.589;05.567;0.009533
05.589;05.568;0.10989
05.589;05.569;0.05291
05.589;05.570;0.008651
05.589;05.571;0.036364
05.589;05.572;0.096154
05.589;05.573;0.075758
05.589;05.574;0.019342
05.589;05.575;0.009124
05.589;05.576;0.012563
05.589;05.577;0.204082
05.589;05.578;0.035714
05.589;05.579;0.140845
05.589;05.580;0.023981
05.589;05.581;0.026525
05.589;05.582;0.055249
05.589;05.583;0.054348
05.589;05.584;0.084746
05.589;05.585;0.076923
05.589;05.586;0.072993
05.589;05.587;0.062893
05.589;05.588;0.091743
05.589;05.589;0
05.589;05.590;0.018215
05.589;05.591;0.035461
05.589;05.592;0.196078
05.589;05.593;0.027248
05.589;05.594;0.070423
05.589;05.595;0.029155
05.589;05.596;0.025126
05.589;05.597;0.040161
05.589;05.598;0.056818
05.589;05.599;0.060976
05.589;05.600;0.049751
05.589;05.601;0.063694
05.589;05.604;0.031746
05.589;05.607;0.045045
05.589;05.611;0.018248
05.589;05.613;0.017986
05.589;05.614;0.080645
05.589;05.615;0.027174
05.589;05.616;0.062112
05.589;22.400;0.5
05.590;05.554;0.006993
05.590;05.555;0.013812
05.590;05.556;0.029762
05.590;05.557;0.007886
05.590;05.558;0.10101
05.590;05.559;0.37037
05.590;05.560;0.007262
05.590;05.561;0.006863
05.590;05.562;0.007225
05.590;05.563;0.008489
05.590;05.564;0.004456
05.590;05.565;0.006361
05.590;05.566;0.012853
05.590;05.567;0.003893
05.590;05.568;0.087719
05.590;05.569;0.066225
05.590;05.570;0.046296
05.590;05.571;0.025641
05.590;05.572;0.11236
05.590;05.573;0.119048
05.590;05.574;0.010753
05.590;05.575;0.113636
05.590;05.576;0.055556
05.590;05.577;0.004266
05.590;05.578;0.036765
05.590;05.579;0.103093
05.590;05.580;0.074074
05.590;05.581;0.017452
05.590;05.582;0.005126
05.590;05.583;0.007893
05.590;05.584;0.172414
05.590;05.585;0.044053
05.590;05.586;0.140845
05.590;05.587;0.00615
05.590;05.588;0.010384
05.590;05.589;0.055866
05.590;05.590;0
05.590;05.591;0.024096
05.590;05.592;0.227273
05.590;05.593;0.042735
05.590;05.594;0.217391
05.590;05.595;0.013624
05.590;05.596;0.015528
05.590;05.597;0.064103
05.590;05.598;0.059172
05.590;05.599;0.093458
05.590;05.600;0.087719
05.590;05.601;0.092593
05.590;05.604;0.063694
05.590;05.607;0.104167
05.590;05.611;0.009579
05.590;05.613;0.022422
05.590;05.614;0.022222
05.590;05.615;0.007974
05.590;05.616;0.078125
05.590;22.400;0.277778
05.591;05.554;0.050505
05.591;05.555;0.086207
05.591;05.556;0.083333
05.591;05.557;0.065789
05.591;05.558;0.064516
05.591;05.559;0.104167
05.591;05.560;0.007418
05.591;05.561;0.016313
05.591;05.562;0.023641
05.591;05.563;0.003241
05.591;05.564;0.098039
05.591;05.565;0.30303
05.591;05.566;0.006452
05.591;05.567;0.006605
05.591;05.568;0.009285
05.591;05.569;0.009183
05.591;05.570;0.006873
05.591;05.571;0.031746
05.591;05.572;0.010309
05.591;05.573;0.1
05.591;05.574;0.064103
05.591;05.575;0.046948
05.591;05.576;0.026455
05.591;05.577;0.126582
05.591;05.578;0.128205
05.591;05.579;0.012376
05.591;05.580;0.128205
05.591;05.581;0.068493
05.591;05.582;0.009398
05.591;05.583;0.053191
05.591;05.584;0.120482
05.591;05.585;0.086957
05.591;05.586;0.02451
05.591;05.587;0.008787
05.591;05.588;0.023202
05.591;05.589;0.175439
05.591;05.590;0.052356
05.591;05.591;0
05.591;05.592;0.077519
05.591;05.593;0.178571
05.591;05.594;0.263158
05.591;05.595;0.011891
05.591;05.596;0.054348
05.591;05.597;0.059524
05.591;05.598;0.113636
05.591;05.599;0.11236
05.591;05.600;0.238095
05.591;05.601;0.078125
05.591;05.604;0.15625
05.591;05.607;0.238095
05.591;05.611;0.021692
05.591;05.613;0.04065
05.591;05.614;0.053191
05.591;05.615;0.007692
05.591;05.616;0.119048
05.591;22.400;0.416667
05.592;05.554;0.133333
05.592;05.555;0.022222
05.592;05.556;0.026042
05.592;05.557;0.063694
05.592;05.558;0.055556
05.592;05.559;0.091743
05.592;05.560;0.086207
05.592;05.561;0.093458
05.592;05.562;0.073529
05.592;05.563;0.084034
05.592;05.564;0.004803
05.592;05.565;0.016556
05.592;05.566;0.032787
05.592;05.567;0.014451
05.592;05.568;0.126582
05.592;05.569;0.27027
05.592;05.570;0.01221
05.592;05.571;0.008795
05.592;05.572;0.007994
05.592;05.573;0.005774
05.592;05.574;0.032362
05.592;05.575;0.010384
05.592;05.576;0.095238
05.592;05.577;0.065359
05.592;05.578;0.048309
05.592;05.579;0.02994
05.592;05.580;0.172414
05.592;05.581;0.147059
05.592;05.582;0.013889
05.592;05.583;0.172414
05.592;05.584;0.052356
05.592;05.585;0.009132
05.592;05.586;0.035461
05.592;05.587;0.1
05.592;05.588;0.076336
05.592;05.589;0.017361
05.592;05.590;0.00738
05.592;05.591;0.024155
05.592;05.592;0
05.592;05.593;1
05.592;05.594;1
05.592;05.595;1
05.592;05.596;1
05.592;05.597;0.769231
05.592;05.598;0.666667
05.592;05.599;0.833333
05.592;05.600;1
05.592;05.601;0.263158
05.592;05.604;0.188679
05.592;05.607;1
05.592;05.611;0.185185
05.592;05.613;0.212766
05.592;05.614;0.666667
05.592;05.615;0.30303
05.592;05.616;0.2
05.592;22.400;1
05.593;05.554;0.034602
05.593;05.555;0.135135
05.593;05.556;0.023529
05.593;05.557;0.026954
05.593;05.558;0.052083
05.593;05.559;0.054348
05.593;05.560;0.086207
05.593;05.561;0.071942
05.593;05.562;0.088496
05.593;05.563;0.060976
05.593;05.564;0.086957
05.593;05.565;0.006579
05.593;05.566;0.018416
05.593;05.567;0.048544
05.593;05.568;0.016502
05.593;05.569;0.120482
05.593;05.570;0.434783
05.593;05.571;0.010811
05.593;05.572;0.011038
05.593;05.573;0.005504
05.593;05.574;0.029326
05.593;05.575;0.009662
05.593;05.576;0.138889
05.593;05.577;0.089286
05.593;05.578;0.066225
05.593;05.579;0.028653
05.593;05.580;0.149254
05.593;05.581;0.232558
05.593;05.582;0.025063
05.593;05.583;0.2
05.593;05.584;0.081967
05.593;05.585;0.009881
05.593;05.586;0.074627
05.593;05.587;0.166667
05.593;05.588;0.087719
05.593;05.589;0.03012
05.593;05.590;0.007752
05.593;05.591;0.019305
05.593;05.592;0.25641
05.593;05.593;0
05.593;05.594;0.192308
05.593;05.595;0.045249
05.593;05.596;0.041667
05.593;05.597;0.666667
05.593;05.598;0.5
05.593;05.599;0.769231
05.593;05.600;0.06135
05.593;05.601;0.15625
05.593;05.604;0.033333
05.593;05.607;0.050251
05.593;05.611;0.044843
05.593;05.613;0.015748
05.593;05.614;0.163934
05.593;05.615;0.070922
05.593;05.616;0.105263
05.593;22.400;0.5
05.594;05.554;0.074627
05.594;05.555;0.277778
05.594;05.556;0.017986
05.594;05.557;0.029155
05.594;05.558;0.09009
05.594;05.559;0.068027
05.594;05.560;0.140845
05.594;05.561;0.135135
05.594;05.562;0.12987
05.594;05.563;0.116279
05.594;05.564;0.149254
05.594;05.565;0.007704
05.594;05.566;0.020964
05.594;05.567;0.002966
05.594;05.568;0.011299
05.594;05.569;0.12987
05.594;05.570;0.078125
05.594;05.571;0.009785
05.594;05.572;0.008613
05.594;05.573;0.029155
05.594;05.574;0.009116
05.594;05.575;0.09009
05.594;05.576;0.08547
05.594;05.577;0.05988
05.594;05.578;0.036101
05.594;05.579;0.075758
05.594;05.580;0.098039
05.594;05.581;0.010707
05.594;05.582;0.09009
05.594;05.583;0.04329
05.594;05.584;0.008354
05.594;05.585;0.033898
05.594;05.586;0.05988
05.594;05.587;0.07874
05.594;05.588;0.012788
05.594;05.589;0.007457
05.594;05.590;0.021598
05.594;05.591;0.188679
05.594;05.592;0.03268
05.594;05.593;0.12987
05.594;05.594;0
05.594;05.595;0.212766
05.594;05.596;0.2
05.594;05.597;1
05.594;05.598;1
05.594;05.599;1
05.594;05.600;0.588235
05.594;05.601;0.25
05.594;05.604;0.128205
05.594;05.607;0.172414
05.594;05.611;0.12987
05.594;05.613;0.086957
05.594;05.614;0.769231
05.594;05.615;0.140845
05.594;05.616;0.25641
05.594;22.400;1
05.595;05.554;0.021277
05.595;05.555;0.02584
05.595;05.556;0.054945
05.595;05.557;0.071942
05.595;05.558;0.098039
05.595;05.559;0.070922
05.595;05.560;0.072464
05.595;05.561;0.047393
05.595;05.562;0.074074
05.595;05.563;0.009328
05.595;05.564;0.019342
05.595;05.565;0.03012
05.595;05.566;0.014493
05.595;05.567;0.12987
05.595;05.568;0.227273
05.595;05.569;0.009814
05.595;05.570;0.012422
05.595;05.571;0.004697
05.595;05.572;0.1
05.595;05.573;0.063694
05.595;05.574;0.049261
05.595;05.575;0.024814
05.595;05.576;0.089286
05.595;05.577;0.096154
05.595;05.578;0.010173
05.595;05.579;0.097087
05.595;05.580;0.045249
05.595;05.581;0.005959
05.595;05.582;0.031746
05.595;05.583;0.070423
05.595;05.584;0.076336
05.595;05.585;0.014684
05.595;05.586;0.009251
05.595;05.587;0.011521
05.595;05.588;0.172414
05.595;05.589;0.038911
05.595;05.590;0.166667
05.595;05.591;0.012531
05.595;05.592;0.027473
05.595;05.593;0.045662
05.595;05.594;0.049505
05.595;05.595;0
05.595;05.596;0.0092
05.595;05.597;0.140845
05.595;05.598;0.140845
05.595;05.599;0.175439
05.595;05.600;0.022222
05.595;05.601;0.2
05.595;05.604;0.032258
05.595;05.607;0.072464
05.595;05.611;0.020877
05.595;05.613;0.049505
05.595;05.614;0.04717
05.595;05.615;0.005747
05.595;05.616;0.073529
05.595;22.400;0.232558
05.596;05.554;0.068966
05.596;05.555;0.084034
05.596;05.556;0.06993
05.596;05.557;0.054645
05.596;05.558;0.087719
05.596;05.559;0.009107
05.596;05.560;0.015175
05.596;05.561;0.040323
05.596;05.562;0.00841
05.596;05.563;0.126582
05.596;05.564;0.333333
05.596;05.565;0.031447
05.596;05.566;0.009911
05.596;05.567;0.1
05.596;05.568;0.066225
05.596;05.569;0.044444
05.596;05.570;0.025381
05.596;05.571;0.116279
05.596;05.572;0.163934
05.596;05.573;0.012755
05.596;05.574;0.140845
05.596;05.575;0.060606
05.596;05.576;0.009058
05.596;05.577;0.041667
05.596;05.578;0.111111
05.596;05.579;0.081301
05.596;05.580;0.022624
05.596;05.581;0.007358
05.596;05.582;0.019569
05.596;05.583;0.217391
05.596;05.584;0.040984
05.596;05.585;0.151515
05.596;05.586;0.020243
05.596;05.587;0.024272
05.596;05.588;0.059524
05.596;05.589;0.053476
05.596;05.590;0.090909
05.596;05.591;0.072993
05.596;05.592;0.087719
05.596;05.593;0.063694
05.596;05.594;0.102041
05.596;05.595;0.006859
05.596;05.596;0
05.596;05.597;0.238095
05.596;05.598;0.192308
05.596;05.599;0.3125
05.596;05.600;0.023866
05.596;05.601;0.15873
05.596;05.604;0.017361
05.596;05.607;0.025907
05.596;05.611;0.026385
05.596;05.613;0.04329
05.596;05.614;0.084034
05.596;05.615;0.011481
05.596;05.616;0.113636
05.596;22.400;0.384615
05.597;05.554;0.016051
05.597;05.555;0.024213
05.597;05.556;0.012285
05.597;05.557;0.097087
05.597;05.558;0.285714
05.597;05.559;0.013495
05.597;05.560;0.025316
05.597;05.561;0.204082
05.597;05.562;0.135135
05.597;05.563;0.047847
05.597;05.564;0.333333
05.597;05.565;0.081301
05.597;05.566;0.03861
05.597;05.567;0.089286
05.597;05.568;0.140845
05.597;05.569;0.011876
05.597;05.570;0.078125
05.597;05.571;0.074074
05.597;05.572;0.3125
05.597;05.573;0.034014
05.597;05.574;0.027624
05.597;05.575;0.009634
05.597;05.576;0.083333
05.597;05.577;0.204082
05.597;05.578;0.27027
05.597;05.579;0.014903
05.597;05.580;0.074627
05.597;05.581;0.029586
05.597;05.582;0.075758
05.597;05.583;0.063291
05.597;05.584;0.277778
05.597;05.585;0.058824
05.597;05.586;0.181818
05.597;05.587;0.294118
05.597;05.588;0.029851
05.597;05.589;0.05988
05.597;05.590;0.081301
05.597;05.591;0.013928
05.597;05.592;0.062893
05.597;05.593;0.384615
05.597;05.594;0.079365
05.597;05.595;0.08
05.597;05.596;0.05988
05.597;05.597;0
05.597;05.598;0.015723
05.597;05.599;0.014388
05.597;05.600;1
05.597;05.601;0.126582
05.597;05.604;1
05.597;05.607;1
05.597;05.611;0.052632
05.597;05.613;0.172414
05.597;05.614;0.153846
05.597;05.615;0.068027
05.597;05.616;0.060241
05.597;22.400;0.47619
05.598;05.554;0.028409
05.598;05.555;0.090909
05.598;05.556;0.081301
05.598;05.557;0.011779
05.598;05.558;0.083333
05.598;05.559;0.049505
05.598;05.560;0.00516
05.598;05.561;0.035971
05.598;05.562;0.064935
05.598;05.563;0.076923
05.598;05.564;0.01199
05.598;05.565;0.006978
05.598;05.566;0.007267
05.598;05.567;0.204082
05.598;05.568;0.042735
05.598;05.569;0.144928
05.598;05.570;0.012674
05.598;05.571;0.017513
05.598;05.572;0.05618
05.598;05.573;0.056818
05.598;05.574;0.086957
05.598;05.575;0.074074
05.598;05.576;0.082645
05.598;05.577;0.057803
05.598;05.578;0.084746
05.598;05.579;0.010753
05.598;05.580;0.017857
05.598;05.581;0.028736
05.598;05.582;0.005118
05.598;05.583;0.097087
05.598;05.584;0.277778
05.598;05.585;0.769231
05.598;05.586;0.47619
05.598;05.587;0.185185
05.598;05.588;1
05.598;05.589;0.185185
05.598;05.590;0.079365
05.598;05.591;0.232558
05.598;05.592;0.344828
05.598;05.593;0.067568
05.598;05.594;0.294118
05.598;05.595;0.217391
05.598;05.596;1
05.598;05.597;0.066225
05.598;05.598;0
05.598;05.599;0.016807
05.598;05.600;0.344828
05.598;05.601;0.294118
05.598;05.604;1
05.598;05.607;1
05.598;05.611;0.055249
05.598;05.613;0.090909
05.598;05.614;0.188679
05.598;05.615;0.091743
05.598;05.616;0.084034
05.598;22.400;0.625
05.599;05.554;0.103093
05.599;05.555;0.044444
05.599;05.556;0.166667
05.599;05.557;0.769231
05.599;05.558;0.909091
05.599;05.559;0.212766
05.599;05.560;0.27027
05.599;05.561;0.027778
05.599;05.562;0.131579
05.599;05.563;0.089286
05.599;05.564;1
05.599;05.565;0.117647
05.599;05.566;1
05.599;05.567;1
05.599;05.568;0.09009
05.599;05.569;0.204082
05.599;05.570;0.263158
05.599;05.571;0.090909
05.599;05.572;0.092593
05.599;05.573;1
05.599;05.574;0.036364
05.599;05.575;0.093458
05.599;05.576;0.123457
05.599;05.577;1
05.599;05.578;0.09434
05.599;05.579;0.714286
05.599;05.580;0.121951
05.599;05.581;0.068966
05.599;05.582;0.357143
05.599;05.583;0.769231
05.599;05.584;0.30303
05.599;05.585;0.076923
05.599;05.586;0.103093
05.599;05.587;0.144928
05.599;05.588;0.555556
05.599;05.589;0.175439
05.599;05.590;0.042553
05.599;05.591;0.212766
05.599;05.592;0.15873
05.599;05.593;0.769231
05.599;05.594;0.454545
05.599;05.595;1
05.599;05.596;0.454545
05.599;05.597;0.333333
05.599;05.598;0.15625
05.599;05.599;0
05.599;05.600;1
05.599;05.601;0.212766
05.599;05.604;1
05.599;05.607;1
05.599;05.611;0.072993
05.599;05.613;0.185185
05.599;05.614;0.192308
05.599;05.615;0.092593
05.599;05.616;0.060976
05.599;22.400;0.588235
05.600;05.554;0.175439
05.600;05.555;0.06993
05.600;05.556;0.050761
05.600;05.557;0.384615
05.600;05.558;0.12987
05.600;05.559;0.322581
05.600;05.560;1
05.600;05.561;0.102041
05.600;05.562;0.10989
05.600;05.563;0.769231
05.600;05.564;0.051813
05.600;05.565;0.454545
05.600;05.566;0.121951
05.600;05.567;0.05848
05.600;05.568;0.217391
05.600;05.569;0.526316
05.600;05.570;0.344828
05.600;05.571;0.054645
05.600;05.572;0.071429
05.600;05.573;0.126582
05.600;05.574;0.4
05.600;05.575;0.16129
05.600;05.576;0.038023
05.600;05.577;0.175439
05.600;05.578;0.163934
05.600;05.579;0.714286
05.600;05.580;0.416667
05.600;05.581;0.714286
05.600;05.582;0.454545
05.600;05.583;0.204082
05.600;05.584;0.181818
05.600;05.585;0.185185
05.600;05.586;0.044643
05.600;05.587;0.052083
05.600;05.588;0.222222
05.600;05.589;0.093458
05.600;05.590;0.37037
05.600;05.591;1
05.600;05.592;0.15873
05.600;05.593;0.024631
05.600;05.594;0.035211
05.600;05.595;0.022936
05.600;05.596;0.091743
05.600;05.597;0.025707
05.600;05.598;0.06993
05.600;05.599;0.10989
05.600;05.600;0
05.600;05.601;0.714286
05.600;05.604;0.037037
05.600;05.607;0.070922
05.600;05.611;0.075188
05.600;05.613;0.113636
05.600;05.614;0.16129
05.600;05.615;0.088496
05.600;05.616;0.066667
05.600;22.400;0.588235
05.601;05.554;0.322581
05.601;05.555;0.039216
05.601;05.556;0.03861
05.601;05.557;0.042553
05.601;05.558;0.169492
05.601;05.559;0.222222
05.601;05.560;0.322581
05.601;05.561;0.102041
05.601;05.562;0.106383
05.601;05.563;0.131579
05.601;05.564;0.204082
05.601;05.565;0.185185
05.601;05.566;0.3125
05.601;05.567;0.090909
05.601;05.568;0.454545
05.601;05.569;0.47619
05.601;05.570;0.026316
05.601;05.571;0.025253
05.601;05.572;0.153846
05.601;05.573;0.048544
05.601;05.574;0.125
05.601;05.575;1
05.601;05.576;0.909091
05.601;05.577;0.081301
05.601;05.578;0.5
05.601;05.579;0.031056
05.601;05.580;0.090909
05.601;05.581;0.227273
05.601;05.582;1
05.601;05.583;0.263158
05.601;05.584;0.053191
05.601;05.585;0.144928
05.601;05.586;0.4
05.601;05.587;1
05.601;05.588;0.107527
05.601;05.589;0.10989
05.601;05.590;0.153846
05.601;05.591;0.133333
05.601;05.592;1
05.601;05.593;1
05.601;05.594;1
05.601;05.595;0.384615
05.601;05.596;0.217391
05.601;05.597;0.106383
05.601;05.598;0.097087
05.601;05.599;0.113636
05.601;05.600;0.029412
05.601;05.601;0
05.601;05.604;0.192308
05.601;05.607;0.232558
05.601;05.611;0.075758
05.601;05.613;0.074074
05.601;05.614;0.166667
05.601;05.615;0.121951
05.601;05.616;0.107527
05.601;22.400;1
05.604;05.554;0.434783
05.604;05.555;0.163934
05.604;05.556;0.12987
05.604;05.557;1
05.604;05.558;0.113636
05.604;05.559;0.016863
05.604;05.560;0.105263
05.604;05.561;0.081967
05.604;05.562;0.070423
05.604;05.563;0.08547
05.604;05.564;1
05.604;05.565;0.067114
05.604;05.566;0.114943
05.604;05.567;0.15873
05.604;05.568;0.285714
05.604;05.569;1
05.604;05.570;1
05.604;05.571;0.344828
05.604;05.572;0.769231
05.604;05.573;0.10101
05.604;05.574;0.169492
05.604;05.575;0.113636
05.604;05.576;1
05.604;05.577;0.120482
05.604;05.578;1
05.604;05.579;1
05.604;05.580;0.108696
05.604;05.581;0.15625
05.604;05.582;0.181818
05.604;05.583;0.120482
05.604;05.584;0.096154
05.604;05.585;1
05.604;05.586;0.140845
05.604;05.587;0.0369
05.604;05.588;0.01046
05.604;05.589;0.031153
05.604;05.590;0.060241
05.604;05.591;0.09901
05.604;05.592;0.00956
05.604;05.593;0.011751
05.604;05.594;0.036765
05.604;05.595;0.188679
05.604;05.596;0.036765
05.604;05.597;0.120482
05.604;05.598;0.028329
05.604;05.599;0.026455
05.604;05.600;0.040161
05.604;05.601;0.062893
05.604;05.604;0
05.604;05.607;0.019194
05.604;05.611;0.054945
05.604;05.613;0.045045
05.604;05.614;0.120482
05.604;05.615;0.074627
05.604;05.616;0.08547
05.604;22.400;0.3125
05.607;05.554;0.066667
05.607;05.555;0.057803
05.607;05.556;0.05988
05.607;05.557;0.038023
05.607;05.558;0.06135
05.607;05.559;0.011287
05.607;05.560;0.01845
05.607;05.561;0.06135
05.607;05.562;0.025
05.607;05.563;0.113636
05.607;05.564;0.625
05.607;05.565;0.090909
05.607;05.566;0.080645
05.607;05.567;0.069444
05.607;05.568;0.078125
05.607;05.569;1
05.607;05.570;0.055556
05.607;05.571;0.121951
05.607;05.572;0.135135
05.607;05.573;0.222222
05.607;05.574;1
05.607;05.575;1
05.607;05.576;0.357143
05.607;05.577;0.555556
05.607;05.578;0.153846
05.607;05.579;0.344828
05.607;05.580;0.217391
05.607;05.581;1
05.607;05.582;0.083333
05.607;05.583;1
05.607;05.584;1
05.607;05.585;0.106383
05.607;05.586;0.117647
05.607;05.587;0.238095
05.607;05.588;0.144928
05.607;05.589;0.098039
05.607;05.590;1
05.607;05.591;0.044643
05.607;05.592;0.086207
05.607;05.593;0.16129
05.607;05.594;0.117647
05.607;05.595;0.031646
05.607;05.596;0.064516
05.607;05.597;0.131579
05.607;05.598;0.555556
05.607;05.599;0.055866
05.607;05.600;0.104167
05.607;05.601;0.059172
05.607;05.604;0.05814
05.607;05.607;0
05.607;05.611;0.086207
05.607;05.613;0.05291
05.607;05.614;0.238095
05.607;05.615;0.104167
05.607;05.616;0.096154
05.607;22.400;0.909091
05.611;05.554;0.2
05.611;05.555;0.175439
05.611;05.556;0.208333
05.611;05.557;0.078125
05.611;05.558;0.081301
05.611;05.559;0.049261
05.611;05.560;0.057143
05.611;05.561;0.05291
05.611;05.562;0.021277
05.611;05.563;0.181818
05.611;05.564;0.081967
05.611;05.565;0.091743
05.611;05.566;1
05.611;05.567;0.032362
05.611;05.568;0.061728
05.611;05.569;0.073529
05.611;05.570;0.011765
05.611;05.571;0.007267
05.611;05.572;0.010504
05.611;05.573;0.16129
05.611;05.574;0.035714
05.611;05.575;0.128205
05.611;05.576;0.00601
05.611;05.577;0.012821
05.611;05.578;0.037313
05.611;05.579;0.044643
05.611;05.580;0.062112
05.611;05.581;0.064516
05.611;05.582;0.069444
05.611;05.583;0.040816
05.611;05.584;0.102041
05.611;05.585;0.010101
05.611;05.586;0.014599
05.611;05.587;0.030488
05.611;05.588;0.005711
05.611;05.589;0.072464
05.611;05.590;0.232558
05.611;05.591;0.021231
05.611;05.592;0.27027
05.611;05.593;0.025707
05.611;05.594;0.04065
05.611;05.595;0.091743
05.611;05.596;0.454545
05.611;05.597;0.046512
05.611;05.598;0.3125
05.611;05.599;0.08547
05.611;05.600;0.117647
05.611;05.601;0.111111
05.611;05.604;0.166667
05.611;05.607;0.192308
05.611;05.611;0
05.611;05.613;0.016
05.611;05.614;0.04329
05.611;05.615;0.013774
05.611;05.616;0.065789
05.611;22.400;0.4
05.613;05.554;0.384615
05.613;05.555;0.07874
05.613;05.556;0.169492
05.613;05.557;0.222222
05.613;05.558;0.047847
05.613;05.559;0.03367
05.613;05.560;0.131579
05.613;05.561;0.060241
05.613;05.562;0.15873
05.613;05.563;0.833333
05.613;05.564;0.833333
05.613;05.565;0.040486
05.613;05.566;0.091743
05.613;05.567;0.128205
05.613;05.568;0.5
05.613;05.569;0.153846
05.613;05.570;1
05.613;05.571;0.192308
05.613;05.572;0.277778
05.613;05.573;0.119048
05.613;05.574;0.208333
05.613;05.575;0.181818
05.613;05.576;1
05.613;05.577;0.08
05.613;05.578;1
05.613;05.579;1
05.613;05.580;0.07874
05.613;05.581;0.05291
05.613;05.582;0.27027
05.613;05.583;0.081967
05.613;05.584;0.104167
05.613;05.585;1
05.613;05.586;0.084034
05.613;05.587;0.078125
05.613;05.588;0.232558
05.613;05.589;1
05.613;05.590;0.05618
05.613;05.591;0.27027
05.613;05.592;0.136986
05.613;05.593;0.140845
05.613;05.594;0.833333
05.613;05.595;0.126582
05.613;05.596;1
05.613;05.597;0.3125
05.613;05.598;0.357143
05.613;05.599;0.09009
05.613;05.600;0.166667
05.613;05.601;0.072464
05.613;05.604;0.044444
05.613;05.607;0.434783
05.613;05.611;0.135135
05.613;05.613;0
05.613;05.614;0.108696
05.613;05.615;0.035336
05.613;05.616;0.09434
05.613;22.400;0.714286
05.614;05.554;0.050761
05.614;05.555;0.909091
05.614;05.556;0.018215
05.614;05.557;0.035461
05.614;05.558;0.196078
05.614;05.559;0.027248
05.614;05.560;0.070423
05.614;05.561;0.029155
05.614;05.562;0.025126
05.614;05.563;0.040161
05.614;05.564;0.056818
05.614;05.565;0.060976
05.614;05.566;0.049751
05.614;05.567;0.063694
05.614;05.568;0.031746
05.614;05.569;0.045045
05.614;05.570;0.018248
05.614;05.571;0.017986
05.614;05.572;0.080645
05.614;05.573;0.027174
05.614;05.574;0.062112
05.614;05.575;0.5
05.614;05.576;0.024096
05.614;05.577;0.227273
05.614;05.578;0.042735
05.614;05.579;0.217391
05.614;05.580;0.013624
05.614;05.581;0.015528
05.614;05.582;0.064103
05.614;05.583;0.059172
05.614;05.584;0.093458
05.614;05.585;0.087719
05.614;05.586;0.092593
05.614;05.587;0.063694
05.614;05.588;0.104167
05.614;05.589;0.009579
05.614;05.590;0.022422
05.614;05.591;0.022222
05.614;05.592;0.007974
05.614;05.593;0.078125
05.614;05.594;0.277778
05.614;05.595;0.077519
05.614;05.596;0.178571
05.614;05.597;0.263158
05.614;05.598;0.011891
05.614;05.599;0.054348
05.614;05.600;0.059524
05.614;05.601;0.113636
05.614;05.604;0.11236
05.614;05.607;0.238095
05.614;05.611;0.078125
05.614;05.613;0.15625
05.614;05.614;0
05.614;05.615;0.03003
05.614;05.616;0.121951
05.614;22.400;0.04065
05.615;05.554;0.238095
05.615;05.555;0.021692
05.615;05.556;0.04065
05.615;05.557;0.053191
05.615;05.558;0.007692
05.615;05.559;0.119048
05.615;05.560;0.416667
05.615;05.561;1
05.615;05.562;1
05.615;05.563;1
05.615;05.564;1
05.615;05.565;0.769231
05.615;05.566;0.666667
05.615;05.567;0.833333
05.615;05.568;1
05.615;05.569;0.263158
05.615;05.570;1
05.615;05.571;1
05.615;05.572;0.185185
05.615;05.573;0.212766
05.615;05.574;0.666667
05.615;05.575;0.30303
05.615;05.576;0.2
05.615;05.577;1
05.615;05.578;0.192308
05.615;05.579;0.045249
05.615;05.580;0.041667
05.615;05.581;0.666667
05.615;05.582;0.5
05.615;05.583;0.769231
05.615;05.584;0.06135
05.615;05.585;0.15625
05.615;05.586;0.033333
05.615;05.587;0.050251
05.615;05.588;0.044843
05.615;05.589;0.015748
05.615;05.590;0.163934
05.615;05.591;0.070922
05.615;05.592;0.105263
05.615;05.593;0.5
05.615;05.594;0.212766
05.615;05.595;0.2
05.615;05.596;1
05.615;05.597;1
05.615;05.598;1
05.615;05.599;0.588235
05.615;05.600;0.25
05.615;05.601;0.128205
05.615;05.604;0.172414
05.615;05.607;0.12987
05.615;05.611;0.086957
05.615;05.613;0.769231
05.615;05.614;0.140845
05.615;05.615;0
05.615;05.616;0.038314
05.615;22.400;0.384615
05.616;05.554;0.25641
05.616;05.555;1
05.616;05.556;0.0092
05.616;05.557;0.140845
05.616;05.558;0.140845
05.616;05.559;0.175439
05.616;05.560;0.022222
05.616;05.561;0.2
05.616;05.562;0.032258
05.616;05.563;0.072464
05.616;05.564;0.020877
05.616;05.565;0.049505
05.616;05.566;0.04717
05.616;05.567;0.005747
05.616;05.568;0.073529
05.616;05.569;0.232558
05.616;05.570;0.238095
05.616;05.571;0.192308
05.616;05.572;0.3125
05.616;05.573;0.023866
05.616;05.574;0.15873
05.616;05.575;0.017361
05.616;05.576;0.025907
05.616;05.577;0.026385
05.616;05.578;0.04329
05.616;05.579;0.084034
05.616;05.580;0.011481
05.616;05.581;0.113636
05.616;05.582;0.384615
05.616;05.583;0.015723
05.616;05.584;0.014388
05.616;05.585;1
05.616;05.586;0.126582
05.616;05.587;1
05.616;05.588;1
05.616;05.589;0.052632
05.616;05.590;0.172414
05.616;05.591;0.153846
05.616;05.592;0.068027
05.616;05.593;0.060241
05.616;05.594;0.47619
05.616;05.595;0.016807
05.616;05.596;0.344828
05.616;05.597;0.294118
05.616;05.598;1
05.616;05.599;1
05.616;05.600;0.055249
05.616;05.601;0.090909
05.616;05.604;0.188679
05.616;05.607;0.091743
05.616;05.611;0.084034
05.616;05.613;0.625
05.616;05.614;1
05.616;05.615;0.212766
05.616;05.616;0
05.616;22.400;0.769231
22.400;05.554;1
22.400;05.555;1
22.400;05.556;0.072993
22.400;05.557;0.185185
22.400;05.558;0.192308
22.400;05.559;0.092593
22.400;05.560;0.060976
22.400;05.561;0.588235
22.400;05.562;1
22.400;05.563;0.714286
22.400;05.564;0.037037
22.400;05.565;0.070922
22.400;05.566;0.075188
22.400;05.567;0.113636
22.400;05.568;0.16129
22.400;05.569;0.088496
22.400;05.570;0.066667
22.400;05.571;0.588235
22.400;05.572;0.192308
22.400;05.573;0.232558
22.400;05.574;0.075758
22.400;05.575;0.074074
22.400;05.576;0.166667
22.400;05.577;0.121951
22.400;05.578;0.107527
22.400;05.579;1
22.400;05.580;1
22.400;05.581;0.019194
22.400;05.582;0.054945
22.400;05.583;0.045045
22.400;05.584;0.120482
22.400;05.585;0.074627
22.400;05.586;0.08547
22.400;05.587;0.3125
22.400;05.588;0.086207
22.400;05.589;0.05291
22.400;05.590;0.238095
22.400;05.591;0.104167
22.400;05.592;0.096154
22.400;05.593;0.909091
22.400;05.594;0.016
22.400;05.595;0.04329
22.400;05.596;0.013774
22.400;05.597;0.065789
22.400;05.598;0.4
22.400;05.599;0.108696
22.400;05.600;0.035336
22.400;05.601;0.09434
22.400;05.604;0.714286
22.400;05.607;0.03003
22.400;05.611;0.121951
22.400;05.613;0.04065
22.400;05.614;0.038314
22.400;05.615;0.384615
22.400;05.616;0.769231
22.400;22.400;0
