subject_code_1;subject_code_2;overlap_data
05.554;05.554;0
05.554;05.555;0.697674
05.554;05.556;0.565891
05.554;05.557;0.643411
05.554;05.558;0.75969
05.554;05.559;0.635659
05.554;05.560;0.736434
05.554;05.561;0.852713
05.554;05.562;0.51938
05.554;05.563;0.705426
05.554;05.564;0.829457
05.554;05.565;0.015504
05.554;05.566;0.697674
05.554;05.567;0.682171
05.554;05.568;0.364341
05.554;05.569;0.565891
05.554;05.570;0.682171
05.554;05.571;0.689922
05.554;05.572;0.697674
05.554;05.573;0.527132
05.554;05.574;0.565891
05.554;05.575;0.651163
05.554;05.576;0.643411
05.554;05.577;0.72093
05.554;05.578;0.713178
05.554;05.579;0.75969
05.554;05.580;0.503876
05.554;05.581;0.635659
05.554;05.582;0.496124
05.554;05.583;0.736434
05.554;05.584;0.705426
05.554;05.585;0.565891
05.554;05.586;0.75969
05.554;05.587;0.852713
05.554;05.588;0.906977
05.554;05.589;0.767442
05.554;05.590;0.852713
05.554;05.591;0.51938
05.554;05.592;0.705426
05.554;05.593;0.782946
05.554;05.594;0.829457
05.554;05.595;0.883721
05.554;05.596;0.736434
05.554;05.597;0.015504
05.554;05.598;0.697674
05.554;05.599;0.682171
05.554;05.600;0.790698
05.554;05.601;0.364341
05.554;05.604;0.751938
05.554;05.607;0.837209
05.554;05.611;0.751938
05.554;05.613;0.868217
05.554;05.614;0.565891
05.554;05.615;0.682171
05.554;05.616;0.922481
05.554;22.400;0.813953
05.555;05.554;0.689922
05.555;05.555;0
05.555;05.556;0.550388
05.555;05.557;0.612403
05.555;05.558;0.75969
05.555;05.559;0.635659
05.555;05.560;0.713178
05.555;05.561;0.75969
05.555;05.562;0.55814
05.555;05.563;0.620155
05.555;05.564;0.736434
05.555;05.565;0.527132
05.555;05.566;0.635659
05.555;05.567;0.627907
05.555;05.568;0.325581
05.555;05.569;0.550388
05.555;05.570;0.689922
05.555;05.571;0.596899
05.555;05.572;0
05.555;05.573;0.511628
05.555;05.574;0.651163
05.555;05.575;0.612403
05.555;05.576;0
05.555;05.577;0.697674
05.555;05.578;0.666667
05.555;05.579;0.72093
05.555;05.580;0.488372
05.555;05.581;0.713178
05.555;05.582;0.48062
05.555;05.583;0
05.555;05.584;0.550388
05.555;05.585;0.44186
05.555;05.586;0.651163
05.555;05.587;0.503876
05.555;05.588;0.72093
05.555;05.589;0.689922
05.555;05.590;0.744186
05.555;05.591;0
05.555;05.592;0.496124
05.555;05.593;0.666667
05.555;05.594;0
05.555;05.595;0.744186
05.555;05.596;0.689922
05.555;05.597;0.705426
05.555;05.598;0.565891
05.555;05.599;0.75969
05.555;05.600;0.689922
05.555;05.601;0
05.555;05.604;0.75969
05.555;05.607;0.643411
05.555;05.611;0.705426
05.555;05.613;0.751938
05.555;05.614;0.906977
05.555;05.615;0.767442
05.555;05.616;0.75969
05.555;22.400;0.751938
05.556;05.554;0.852713
05.556;05.555;0
05.556;05.556;0
05.556;05.557;0.51938
05.556;05.558;0.565891
05.556;05.559;0.534884
05.556;05.560;0.565891
05.556;05.561;0.565891
05.556;05.562;0.418605
05.556;05.563;0.511628
05.556;05.564;0.542636
05.556;05.565;0.782946
05.556;05.566;0.550388
05.556;05.567;0.51938
05.556;05.568;0.286822
05.556;05.569;0.496124
05.556;05.570;0.565891
05.556;05.571;0.503876
05.556;05.572;0
05.556;05.573;0.48062
05.556;05.574;0.883721
05.556;05.575;0.527132
05.556;05.576;0.736434
05.556;05.577;0.565891
05.556;05.578;0.565891
05.556;05.579;0
05.556;05.580;0.426357
05.556;05.581;0
05.556;05.582;0.410853
05.556;05.583;0
05.556;05.584;0.488372
05.556;05.585;0.364341
05.556;05.586;0.565891
05.556;05.587;0.790698
05.556;05.588;0.565891
05.556;05.589;0.565891
05.556;05.590;0.565891
05.556;05.591;0
05.556;05.592;0.751938
05.556;05.593;0.565891
05.556;05.594;0.837209
05.556;05.595;0.565891
05.556;05.596;0.542636
05.556;05.597;0.751938
05.556;05.598;0.868217
05.556;05.599;0
05.556;05.600;0.565891
05.556;05.601;0
05.556;05.604;0.565891
05.556;05.607;0.527132
05.556;05.611;0.565891
05.556;05.613;0.565891
05.556;05.614;0.922481
05.556;05.615;0.813953
05.556;05.616;0.565891
05.556;22.400;0.565891
05.557;05.554;0
05.557;05.555;0.550388
05.557;05.556;0.612403
05.557;05.557;0
05.557;05.558;0.643411
05.557;05.559;0.542636
05.557;05.560;0.643411
05.557;05.561;0.643411
05.557;05.562;0.465116
05.557;05.563;0.51938
05.557;05.564;0.620155
05.557;05.565;0.635659
05.557;05.566;0.643411
05.557;05.567;0.573643
05.557;05.568;0.286822
05.557;05.569;0.503876
05.557;05.570;0.589147
05.557;05.571;0.550388
05.557;05.572;0.713178
05.557;05.573;0.496124
05.557;05.574;0.75969
05.557;05.575;0.643411
05.557;05.576;0.55814
05.557;05.577;0.627907
05.557;05.578;0.643411
05.557;05.579;0.620155
05.557;05.580;0.503876
05.557;05.581;0.736434
05.557;05.582;0.449612
05.557;05.583;0
05.557;05.584;0.527132
05.557;05.585;0.387597
05.557;05.586;0.643411
05.557;05.587;0.635659
05.557;05.588;0.643411
05.557;05.589;0.643411
05.557;05.590;0.643411
05.557;05.591;0.627907
05.557;05.592;0.325581
05.557;05.593;0.643411
05.557;05.594;0.550388
05.557;05.595;0.643411
05.557;05.596;0.620155
05.557;05.597;0.689922
05.557;05.598;0.596899
05.557;05.599;0
05.557;05.600;0.643411
05.557;05.601;0.511628
05.557;05.604;0.643411
05.557;05.607;0.604651
05.557;05.611;0.643411
05.557;05.613;0.643411
05.557;05.614;0
05.557;05.615;0.612403
05.557;05.616;0.643411
05.557;22.400;0.643411
05.558;05.554;0
05.558;05.555;0.697674
05.558;05.556;0.666667
05.558;05.557;0
05.558;05.558;0
05.558;05.559;0.651163
05.558;05.560;0.751938
05.558;05.561;0.821705
05.558;05.562;0.565891
05.558;05.563;0.635659
05.558;05.564;0.79845
05.558;05.565;0.007752
05.558;05.566;0.697674
05.558;05.567;0.682171
05.558;05.568;0.341085
05.558;05.569;0.565891
05.558;05.570;0.705426
05.558;05.571;0.658915
05.558;05.572;0
05.558;05.573;0.527132
05.558;05.574;0.48062
05.558;05.575;0.651163
05.558;05.576;0
05.558;05.577;0.72093
05.558;05.578;0.713178
05.558;05.579;0.550388
05.558;05.580;0.503876
05.558;05.581;0.44186
05.558;05.582;0.496124
05.558;05.583;0.651163
05.558;05.584;0.612403
05.558;05.585;0.457364
05.558;05.586;0.713178
05.558;05.587;0
05.558;05.588;0.782946
05.558;05.589;0.751938
05.558;05.590;0.806202
05.558;05.591;0.72093
05.558;05.592;0.689922
05.558;05.593;0.728682
05.558;05.594;0.744186
05.558;05.595;0.806202
05.558;05.596;0.751938
05.558;05.597;0
05.558;05.598;0
05.558;05.599;0.666667
05.558;05.600;0.751938
05.558;05.601;0
05.558;05.604;0.813953
05.558;05.607;0.705426
05.558;05.611;0.75969
05.558;05.613;0.813953
05.558;05.614;0.744186
05.558;05.615;0.689922
05.558;05.616;0.821705
05.558;22.400;0.813953
05.559;05.554;0
05.559;05.555;0
05.559;05.556;0
05.559;05.557;0.689922
05.559;05.558;0
05.559;05.559;0
05.559;05.560;0.651163
05.559;05.561;0.651163
05.559;05.562;0.534884
05.559;05.563;0.627907
05.559;05.564;0.627907
05.559;05.565;0.643411
05.559;05.566;0.573643
05.559;05.567;0.565891
05.559;05.568;0.27907
05.559;05.569;0.565891
05.559;05.570;0.651163
05.559;05.571;0.534884
05.559;05.572;0.705426
05.559;05.573;0.527132
05.559;05.574;0.751938
05.559;05.575;0.550388
05.559;05.576;0
05.559;05.577;0.635659
05.559;05.578;0.604651
05.559;05.579;0
05.559;05.580;0.418605
05.559;05.581;0.75969
05.559;05.582;0.434109
05.559;05.583;0.751938
05.559;05.584;0.511628
05.559;05.585;0.395349
05.559;05.586;0.589147
05.559;05.587;0
05.559;05.588;0.651163
05.559;05.589;0.627907
05.559;05.590;0.651163
05.559;05.591;0.51938
05.559;05.592;0.565891
05.559;05.593;0.604651
05.559;05.594;0.534884
05.559;05.595;0.651163
05.559;05.596;0.627907
05.559;05.597;0.565891
05.559;05.598;0.565891
05.559;05.599;0.418605
05.559;05.600;0.627907
05.559;05.601;0.511628
05.559;05.604;0.651163
05.559;05.607;0.581395
05.559;05.611;0.643411
05.559;05.613;0.651163
05.559;05.614;0.542636
05.559;05.615;0
05.559;05.616;0.651163
05.559;22.400;0.651163
05.560;05.554;0.550388
05.560;05.555;0.51938
05.560;05.556;0.286822
05.560;05.557;0.496124
05.560;05.558;0.565891
05.560;05.559;0.503876
05.560;05.560;0
05.560;05.561;0.751938
05.560;05.562;0.534884
05.560;05.563;0.627907
05.560;05.564;0.728682
05.560;05.565;0.48062
05.560;05.566;0.674419
05.560;05.567;0.666667
05.560;05.568;0.341085
05.560;05.569;0.565891
05.560;05.570;0.697674
05.560;05.571;0.635659
05.560;05.572;0
05.560;05.573;0.527132
05.560;05.574;0.527132
05.560;05.575;0.651163
05.560;05.576;0
05.560;05.577;0.72093
05.560;05.578;0.705426
05.560;05.579;0.565891
05.560;05.580;0.503876
05.560;05.581;0.565891
05.560;05.582;0.496124
05.560;05.583;0
05.560;05.584;0.589147
05.560;05.585;0.449612
05.560;05.586;0.689922
05.560;05.587;0.426357
05.560;05.588;0.751938
05.560;05.589;0.728682
05.560;05.590;0.751938
05.560;05.591;0
05.560;05.592;0.410853
05.560;05.593;0.705426
05.560;05.594;0
05.560;05.595;0.751938
05.560;05.596;0.728682
05.560;05.597;0.488372
05.560;05.598;0.364341
05.560;05.599;0.565891
05.560;05.600;0.728682
05.560;05.601;0
05.560;05.604;0.751938
05.560;05.607;0.682171
05.560;05.611;0.744186
05.560;05.613;0.751938
05.560;05.614;0.565891
05.560;05.615;0.565891
05.560;05.616;0.751938
05.560;22.400;0.751938
05.561;05.554;0.565891
05.561;05.555;0
05.561;05.556;0
05.561;05.557;0.565891
05.561;05.558;0
05.561;05.559;0.565891
05.561;05.560;0.542636
05.561;05.561;0
05.561;05.562;0.565891
05.561;05.563;0.728682
05.561;05.564;0.891473
05.561;05.565;0.015504
05.561;05.566;0.697674
05.561;05.567;0.682171
05.561;05.568;0.364341
05.561;05.569;0.565891
05.561;05.570;0.705426
05.561;05.571;0.689922
05.561;05.572;0
05.561;05.573;0.527132
05.561;05.574;0
05.561;05.575;0.651163
05.561;05.576;0.565891
05.561;05.577;0.72093
05.561;05.578;0.713178
05.561;05.579;0
05.561;05.580;0.503876
05.561;05.581;0.565891
05.561;05.582;0.496124
05.561;05.583;0.527132
05.561;05.584;0.705426
05.561;05.585;0.550388
05.561;05.586;0.75969
05.561;05.587;0.565891
05.561;05.588;0.875969
05.561;05.589;0.767442
05.561;05.590;0.899225
05.561;05.591;0.565891
05.561;05.592;0
05.561;05.593;0.782946
05.561;05.594;0
05.561;05.595;0.899225
05.561;05.596;0.751938
05.561;05.597;0.565891
05.561;05.598;0.565891
05.561;05.599;0
05.561;05.600;0.790698
05.561;05.601;0.643411
05.561;05.604;0.813953
05.561;05.607;0.79845
05.561;05.611;0.75969
05.561;05.613;0.906977
05.561;05.614;0.542636
05.561;05.615;0.643411
05.561;05.616;0.914729
05.561;22.400;0.868217
05.562;05.554;0.643411
05.562;05.555;0.465116
05.562;05.556;0.51938
05.562;05.557;0.620155
05.562;05.558;0
05.562;05.559;0.643411
05.562;05.560;0.573643
05.562;05.561;0.286822
05.562;05.562;0
05.562;05.563;0.542636
05.562;05.564;0.550388
05.562;05.565;0.589147
05.562;05.566;0.465116
05.562;05.567;0.465116
05.562;05.568;0.224806
05.562;05.569;0.488372
05.562;05.570;0.542636
05.562;05.571;0.426357
05.562;05.572;0.550388
05.562;05.573;0.44186
05.562;05.574;0
05.562;05.575;0.465116
05.562;05.576;0.496124
05.562;05.577;0.51938
05.562;05.578;0.488372
05.562;05.579;0
05.562;05.580;0.364341
05.562;05.581;0.643411
05.562;05.582;0.317829
05.562;05.583;0
05.562;05.584;0.395349
05.562;05.585;0.286822
05.562;05.586;0.472868
05.562;05.587;0.627907
05.562;05.588;0.542636
05.562;05.589;0.511628
05.562;05.590;0.565891
05.562;05.591;0.643411
05.562;05.592;0
05.562;05.593;0.488372
05.562;05.594;0.503876
05.562;05.595;0.565891
05.562;05.596;0.511628
05.562;05.597;0
05.562;05.598;0.449612
05.562;05.599;0
05.562;05.600;0.511628
05.562;05.601;0.527132
05.562;05.604;0.565891
05.562;05.607;0.465116
05.562;05.611;0.527132
05.562;05.613;0.565891
05.562;05.614;0.387597
05.562;05.615;0.643411
05.562;05.616;0.565891
05.562;22.400;0.565891
05.563;05.554;0
05.563;05.555;0.643411
05.563;05.556;0.643411
05.563;05.557;0.643411
05.563;05.558;0
05.563;05.559;0
05.563;05.560;0.643411
05.563;05.561;0
05.563;05.562;0.643411
05.563;05.563;0
05.563;05.564;0.705426
05.563;05.565;0.007752
05.563;05.566;0.550388
05.563;05.567;0.542636
05.563;05.568;0.302326
05.563;05.569;0.565891
05.563;05.570;0.635659
05.563;05.571;0.542636
05.563;05.572;0
05.563;05.573;0.527132
05.563;05.574;0
05.563;05.575;0.527132
05.563;05.576;0
05.563;05.577;0.612403
05.563;05.578;0.581395
05.563;05.579;0.643411
05.563;05.580;0.395349
05.563;05.581;0
05.563;05.582;0.410853
05.563;05.583;0.643411
05.563;05.584;0.581395
05.563;05.585;0.465116
05.563;05.586;0.612403
05.563;05.587;0.604651
05.563;05.588;0.728682
05.563;05.589;0.620155
05.563;05.590;0.728682
05.563;05.591;0.643411
05.563;05.592;0.643411
05.563;05.593;0.635659
05.563;05.594;0
05.563;05.595;0.728682
05.563;05.596;0.604651
05.563;05.597;0
05.563;05.598;0.643411
05.563;05.599;0.643411
05.563;05.600;0.643411
05.563;05.601;0
05.563;05.604;0.635659
05.563;05.607;0.651163
05.563;05.611;0.620155
05.563;05.613;0.728682
05.563;05.614;0.651163
05.563;05.615;0.751938
05.563;05.616;0.728682
05.563;22.400;0.689922
05.564;05.554;0.821705
05.564;05.555;0.565891
05.564;05.556;0.635659
05.564;05.557;0.79845
05.564;05.558;0.007752
05.564;05.559;0.697674
05.564;05.560;0.682171
05.564;05.561;0.341085
05.564;05.562;0.565891
05.564;05.563;0.705426
05.564;05.564;0
05.564;05.565;0.015504
05.564;05.566;0.674419
05.564;05.567;0.658915
05.564;05.568;0.348837
05.564;05.569;0.542636
05.564;05.570;0.682171
05.564;05.571;0.666667
05.564;05.572;0
05.564;05.573;0.503876
05.564;05.574;0.527132
05.564;05.575;0.627907
05.564;05.576;0
05.564;05.577;0.697674
05.564;05.578;0.689922
05.564;05.579;0.651163
05.564;05.580;0.488372
05.564;05.581;0
05.564;05.582;0.488372
05.564;05.583;0.72093
05.564;05.584;0.682171
05.564;05.585;0.534884
05.564;05.586;0.736434
05.564;05.587;0.713178
05.564;05.588;0.852713
05.564;05.589;0.744186
05.564;05.590;0.875969
05.564;05.591;0
05.564;05.592;0.503876
05.564;05.593;0.75969
05.564;05.594;0
05.564;05.595;0.875969
05.564;05.596;0.728682
05.564;05.597;0.496124
05.564;05.598;0
05.564;05.599;0.612403
05.564;05.600;0.767442
05.564;05.601;0.457364
05.564;05.604;0.790698
05.564;05.607;0.775194
05.564;05.611;0.736434
05.564;05.613;0.883721
05.564;05.614;0.713178
05.564;05.615;0
05.564;05.616;0.891473
05.564;22.400;0.844961
05.565;05.554;0.782946
05.565;05.555;0.751938
05.565;05.556;0.806202
05.565;05.557;0
05.565;05.558;0
05.565;05.559;0.728682
05.565;05.560;0
05.565;05.561;0.806202
05.565;05.562;0.751938
05.565;05.563;0
05.565;05.564;0
05.565;05.565;0
05.565;05.566;0.007752
05.565;05.567;0.751938
05.565;05.568;0
05.565;05.569;0.813953
05.565;05.570;0.705426
05.565;05.571;0.015504
05.565;05.572;0.75969
05.565;05.573;0.813953
05.565;05.574;0
05.565;05.575;0
05.565;05.576;0.821705
05.565;05.577;0.813953
05.565;05.578;0
05.565;05.579;0.651163
05.565;05.580;0.651163
05.565;05.581;0.534884
05.565;05.582;0.627907
05.565;05.583;0.627907
05.565;05.584;0.015504
05.565;05.585;0.015504
05.565;05.586;0.015504
05.565;05.587;0
05.565;05.588;0.015504
05.565;05.589;0.015504
05.565;05.590;0.015504
05.565;05.591;0.573643
05.565;05.592;0.565891
05.565;05.593;0.015504
05.565;05.594;0.27907
05.565;05.595;0.015504
05.565;05.596;0.007752
05.565;05.597;0.565891
05.565;05.598;0.651163
05.565;05.599;0.534884
05.565;05.600;0.015504
05.565;05.601;0
05.565;05.604;0.527132
05.565;05.607;0.015504
05.565;05.611;0
05.565;05.613;0.015504
05.565;05.614;0.550388
05.565;05.615;0
05.565;05.616;0.015504
05.565;22.400;0.015504
05.566;05.554;0.635659
05.566;05.555;0.604651
05.566;05.556;0
05.566;05.557;0.418605
05.566;05.558;0
05.566;05.559;0.434109
05.566;05.560;0
05.566;05.561;0.511628
05.566;05.562;0.395349
05.566;05.563;0.589147
05.566;05.564;0
05.566;05.565;0.651163
05.566;05.566;0
05.566;05.567;0.620155
05.566;05.568;0.317829
05.566;05.569;0.534884
05.566;05.570;0.620155
05.566;05.571;0.604651
05.566;05.572;0.651163
05.566;05.573;0.527132
05.566;05.574;0
05.566;05.575;0.651163
05.566;05.576;0
05.566;05.577;0.658915
05.566;05.578;0.682171
05.566;05.579;0.604651
05.566;05.580;0.503876
05.566;05.581;0
05.566;05.582;0.48062
05.566;05.583;0.651163
05.566;05.584;0.581395
05.566;05.585;0.426357
05.566;05.586;0.697674
05.566;05.587;0.627907
05.566;05.588;0.697674
05.566;05.589;0.697674
05.566;05.590;0.697674
05.566;05.591;0
05.566;05.592;0
05.566;05.593;0.697674
05.566;05.594;0
05.566;05.595;0.697674
05.566;05.596;0.674419
05.566;05.597;0.627907
05.566;05.598;0
05.566;05.599;0.651163
05.566;05.600;0.697674
05.566;05.601;0.581395
05.566;05.604;0.689922
05.566;05.607;0.658915
05.566;05.611;0.689922
05.566;05.613;0.697674
05.566;05.614;0.643411
05.566;05.615;0.651163
05.566;05.616;0.697674
05.566;22.400;0.697674
05.567;05.554;0
05.567;05.555;0
05.567;05.556;0.651163
05.567;05.557;0.651163
05.567;05.558;0
05.567;05.559;0.751938
05.567;05.560;0.534884
05.567;05.561;0.627907
05.567;05.562;0.728682
05.567;05.563;0
05.567;05.564;0.674419
05.567;05.565;0.666667
05.567;05.566;0.341085
05.567;05.567;0
05.567;05.568;0.333333
05.567;05.569;0.496124
05.567;05.570;0.612403
05.567;05.571;0.604651
05.567;05.572;0.697674
05.567;05.573;0.472868
05.567;05.574;0.635659
05.567;05.575;0.581395
05.567;05.576;0
05.567;05.577;0.651163
05.567;05.578;0.643411
05.567;05.579;0.527132
05.567;05.580;0.449612
05.567;05.581;0
05.567;05.582;0.426357
05.567;05.583;0.651163
05.567;05.584;0.534884
05.567;05.585;0.395349
05.567;05.586;0.635659
05.567;05.587;0
05.567;05.588;0.682171
05.567;05.589;0.674419
05.567;05.590;0.682171
05.567;05.591;0.72093
05.567;05.592;0.705426
05.567;05.593;0.651163
05.567;05.594;0
05.567;05.595;0.682171
05.567;05.596;0.658915
05.567;05.597;0.503876
05.567;05.598;0
05.567;05.599;0.496124
05.567;05.600;0.674419
05.567;05.601;0
05.567;05.604;0.682171
05.567;05.607;0.627907
05.567;05.611;0.682171
05.567;05.613;0.682171
05.567;05.614;0.589147
05.567;05.615;0.449612
05.567;05.616;0.682171
05.567;22.400;0.682171
05.568;05.554;0.689922
05.568;05.555;0
05.568;05.556;0.751938
05.568;05.557;0.728682
05.568;05.558;0.751938
05.568;05.559;0
05.568;05.560;0
05.568;05.561;0.705426
05.568;05.562;0
05.568;05.563;0.751938
05.568;05.564;0.728682
05.568;05.565;0
05.568;05.566;0
05.568;05.567;0
05.568;05.568;0
05.568;05.569;0.27907
05.568;05.570;0.310078
05.568;05.571;0.317829
05.568;05.572;0
05.568;05.573;0.24031
05.568;05.574;0.751938
05.568;05.575;0.294574
05.568;05.576;0.682171
05.568;05.577;0.341085
05.568;05.578;0.341085
05.568;05.579;0.744186
05.568;05.580;0.224806
05.568;05.581;0.751938
05.568;05.582;0.217054
05.568;05.583;0
05.568;05.584;0.310078
05.568;05.585;0.27907
05.568;05.586;0.356589
05.568;05.587;0
05.568;05.588;0.364341
05.568;05.589;0.348837
05.568;05.590;0.364341
05.568;05.591;0.751938
05.568;05.592;0.751938
05.568;05.593;0.364341
05.568;05.594;0
05.568;05.595;0.364341
05.568;05.596;0.325581
05.568;05.597;0.565891
05.568;05.598;0.728682
05.568;05.599;0.891473
05.568;05.600;0.364341
05.568;05.601;0.015504
05.568;05.604;0.341085
05.568;05.607;0.333333
05.568;05.611;0.341085
05.568;05.613;0.364341
05.568;05.614;0.697674
05.568;05.615;0.682171
05.568;05.616;0.364341
05.568;22.400;0.364341
05.569;05.554;0.364341
05.569;05.555;0.565891
05.569;05.556;0.705426
05.569;05.557;0.689922
05.569;05.558;0
05.569;05.559;0.527132
05.569;05.560;0
05.569;05.561;0.651163
05.569;05.562;0
05.569;05.563;0.72093
05.569;05.564;0.713178
05.569;05.565;0
05.569;05.566;0.503876
05.569;05.567;0
05.569;05.568;0.496124
05.569;05.569;0
05.569;05.570;0.565891
05.569;05.571;0.48062
05.569;05.572;0.705426
05.569;05.573;0.511628
05.569;05.574;0.550388
05.569;05.575;0.511628
05.569;05.576;0.75969
05.569;05.577;0.565891
05.569;05.578;0.565891
05.569;05.579;0
05.569;05.580;0.379845
05.569;05.581;0.875969
05.569;05.582;0.395349
05.569;05.583;0.767442
05.569;05.584;0.472868
05.569;05.585;0.356589
05.569;05.586;0.550388
05.569;05.587;0.899225
05.569;05.588;0.565891
05.569;05.589;0.565891
05.569;05.590;0.565891
05.569;05.591;0
05.569;05.592;0
05.569;05.593;0.565891
05.569;05.594;0.782946
05.569;05.595;0.565891
05.569;05.596;0.542636
05.569;05.597;0
05.569;05.598;0.899225
05.569;05.599;0.751938
05.569;05.600;0.565891
05.569;05.601;0
05.569;05.604;0.565891
05.569;05.607;0.527132
05.569;05.611;0.565891
05.569;05.613;0.565891
05.569;05.614;0
05.569;05.615;0
05.569;05.616;0.565891
05.569;22.400;0.565891
05.570;05.554;0.790698
05.570;05.555;0
05.570;05.556;0.813953
05.570;05.557;0.79845
05.570;05.558;0.75969
05.570;05.559;0.906977
05.570;05.560;0
05.570;05.561;0
05.570;05.562;0.914729
05.570;05.563;0.868217
05.570;05.564;0
05.570;05.565;0.542636
05.570;05.566;0.550388
05.570;05.567;0
05.570;05.568;0.465116
05.570;05.569;0.465116
05.570;05.570;0
05.570;05.571;0.581395
05.570;05.572;0.488372
05.570;05.573;0.527132
05.570;05.574;0.542636
05.570;05.575;0.596899
05.570;05.576;0.426357
05.570;05.577;0.682171
05.570;05.578;0.651163
05.570;05.579;0
05.570;05.580;0.465116
05.570;05.581;0.44186
05.570;05.582;0.48062
05.570;05.583;0
05.570;05.584;0.55814
05.570;05.585;0.44186
05.570;05.586;0.635659
05.570;05.587;0.465116
05.570;05.588;0.705426
05.570;05.589;0.674419
05.570;05.590;0.705426
05.570;05.591;0
05.570;05.592;0.51938
05.570;05.593;0.651163
05.570;05.594;0.488372
05.570;05.595;0.705426
05.570;05.596;0.674419
05.570;05.597;0
05.570;05.598;0.364341
05.570;05.599;0
05.570;05.600;0.674419
05.570;05.601;0.317829
05.570;05.604;0.705426
05.570;05.607;0.627907
05.570;05.611;0.689922
05.570;05.613;0.705426
05.570;05.614;0
05.570;05.615;0.395349
05.570;05.616;0.705426
05.570;22.400;0.705426
05.571;05.554;0.286822
05.571;05.555;0.472868
05.571;05.556;0
05.571;05.557;0.542636
05.571;05.558;0.511628
05.571;05.559;0.565891
05.571;05.560;0
05.571;05.561;0
05.571;05.562;0.488372
05.571;05.563;0
05.571;05.564;0.565891
05.571;05.565;0.511628
05.571;05.566;0
05.571;05.567;0
05.571;05.568;0
05.571;05.569;0.511628
05.571;05.570;0
05.571;05.571;0
05.571;05.572;0.465116
05.571;05.573;0.457364
05.571;05.574;0.527132
05.571;05.575;0.55814
05.571;05.576;0.565891
05.571;05.577;0.620155
05.571;05.578;0.620155
05.571;05.579;0
05.571;05.580;0.434109
05.571;05.581;0
05.571;05.582;0.426357
05.571;05.583;0.565891
05.571;05.584;0.55814
05.571;05.585;0.418605
05.571;05.586;0.651163
05.571;05.587;0.565891
05.571;05.588;0.689922
05.571;05.589;0.674419
05.571;05.590;0.689922
05.571;05.591;0
05.571;05.592;0.705426
05.571;05.593;0.666667
05.571;05.594;0.007752
05.571;05.595;0.689922
05.571;05.596;0.643411
05.571;05.597;0.550388
05.571;05.598;0.542636
05.571;05.599;0.302326
05.571;05.600;0.689922
05.571;05.601;0.565891
05.571;05.604;0.651163
05.571;05.607;0.666667
05.571;05.611;0.651163
05.571;05.613;0.689922
05.571;05.614;0.635659
05.571;05.615;0.542636
05.571;05.616;0.689922
05.571;22.400;0.689922
05.572;05.554;0
05.572;05.555;0.527132
05.572;05.556;0
05.572;05.557;0.527132
05.572;05.558;0
05.572;05.559;0.612403
05.572;05.560;0.581395
05.572;05.561;0
05.572;05.562;0.395349
05.572;05.563;0
05.572;05.564;0.410853
05.572;05.565;0
05.572;05.566;0.581395
05.572;05.567;0.465116
05.572;05.568;0.612403
05.572;05.569;0
05.572;05.570;0.728682
05.572;05.571;0.620155
05.572;05.572;0
05.572;05.573;0
05.572;05.574;0
05.572;05.575;0.635659
05.572;05.576;0
05.572;05.577;0.728682
05.572;05.578;0.604651
05.572;05.579;0
05.572;05.580;0
05.572;05.581;0
05.572;05.582;0.643411
05.572;05.583;0
05.572;05.584;0.635659
05.572;05.585;0.651163
05.572;05.586;0.620155
05.572;05.587;0.728682
05.572;05.588;0
05.572;05.589;0
05.572;05.590;0.728682
05.572;05.591;0.689922
05.572;05.592;0
05.572;05.593;0.015504
05.572;05.594;0.674419
05.572;05.595;0.658915
05.572;05.596;0.348837
05.572;05.597;0.542636
05.572;05.598;0.682171
05.572;05.599;0.666667
05.572;05.600;0
05.572;05.601;0.503876
05.572;05.604;0
05.572;05.607;0.627907
05.572;05.611;0
05.572;05.613;0.697674
05.572;05.614;0.689922
05.572;05.615;0
05.572;05.616;0.488372
05.572;22.400;0
05.573;05.554;0.488372
05.573;05.555;0
05.573;05.556;0.682171
05.573;05.557;0.534884
05.573;05.558;0.736434
05.573;05.559;0
05.573;05.560;0.852713
05.573;05.561;0.744186
05.573;05.562;0.875969
05.573;05.563;0
05.573;05.564;0
05.573;05.565;0.75969
05.573;05.566;0
05.573;05.567;0.875969
05.573;05.568;0.728682
05.573;05.569;0
05.573;05.570;0
05.573;05.571;0
05.573;05.572;0.767442
05.573;05.573;0
05.573;05.574;0.790698
05.573;05.575;0.503876
05.573;05.576;0.775194
05.573;05.577;0.527132
05.573;05.578;0.527132
05.573;05.579;0.736434
05.573;05.580;0.372093
05.573;05.581;0.883721
05.573;05.582;0.372093
05.573;05.583;0
05.573;05.584;0.44186
05.573;05.585;0.341085
05.573;05.586;0.527132
05.573;05.587;0
05.573;05.588;0.527132
05.573;05.589;0.527132
05.573;05.590;0.527132
05.573;05.591;0.891473
05.573;05.592;0.844961
05.573;05.593;0.527132
05.573;05.594;0
05.573;05.595;0.527132
05.573;05.596;0.503876
05.573;05.597;0
05.573;05.598;0
05.573;05.599;0
05.573;05.600;0.527132
05.573;05.601;0
05.573;05.604;0.527132
05.573;05.607;0.488372
05.573;05.611;0.527132
05.573;05.613;0.527132
05.573;05.614;0
05.573;05.615;0
05.573;05.616;0.527132
05.573;22.400;0.527132
05.574;05.554;0.007752
05.574;05.555;0
05.574;05.556;0
05.574;05.557;0
05.574;05.558;0
05.574;05.559;0.015504
05.574;05.560;0
05.574;05.561;0
05.574;05.562;0
05.574;05.563;0
05.574;05.564;0
05.574;05.565;0
05.574;05.566;0
05.574;05.567;0
05.574;05.568;0
05.574;05.569;0
05.574;05.570;0
05.574;05.571;0
05.574;05.572;0.015504
05.574;05.573;0.015504
05.574;05.574;0
05.574;05.575;0
05.574;05.576;0.015504
05.574;05.577;0.015504
05.574;05.578;0.015504
05.574;05.579;0
05.574;05.580;0
05.574;05.581;0.015504
05.574;05.582;0
05.574;05.583;0.015504
05.574;05.584;0.007752
05.574;05.585;0
05.574;05.586;0
05.574;05.587;0
05.574;05.588;0.015504
05.574;05.589;0
05.574;05.590;0
05.574;05.591;0.015504
05.574;05.592;0
05.574;05.593;0.015504
05.574;05.594;0
05.574;05.595;0
05.574;05.596;0.015504
05.574;05.597;0.015504
05.574;05.598;0
05.574;05.599;0.620155
05.574;05.600;0.317829
05.574;05.601;0.534884
05.574;05.604;0.620155
05.574;05.607;0.604651
05.574;05.611;0
05.574;05.613;0.527132
05.574;05.614;0
05.574;05.615;0.651163
05.574;05.616;0
05.574;22.400;0.658915
05.575;05.554;0.682171
05.575;05.555;0
05.575;05.556;0.503876
05.575;05.557;0
05.575;05.558;0.48062
05.575;05.559;0
05.575;05.560;0.581395
05.575;05.561;0.426357
05.575;05.562;0.697674
05.575;05.563;0
05.575;05.564;0.697674
05.575;05.565;0.697674
05.575;05.566;0.697674
05.575;05.567;0
05.575;05.568;0
05.575;05.569;0.697674
05.575;05.570;0
05.575;05.571;0.697674
05.575;05.572;0.674419
05.575;05.573;0
05.575;05.574;0
05.575;05.575;0
05.575;05.576;0.697674
05.575;05.577;0.635659
05.575;05.578;0.651163
05.575;05.579;0
05.575;05.580;0.503876
05.575;05.581;0.689922
05.575;05.582;0.457364
05.575;05.583;0.658915
05.575;05.584;0.534884
05.575;05.585;0.395349
05.575;05.586;0.651163
05.575;05.587;0.689922
05.575;05.588;0.651163
05.575;05.589;0.651163
05.575;05.590;0.651163
05.575;05.591;0.697674
05.575;05.592;0
05.575;05.593;0.651163
05.575;05.594;0
05.575;05.595;0.651163
05.575;05.596;0.627907
05.575;05.597;0.697674
05.575;05.598;0.697674
05.575;05.599;0
05.575;05.600;0.651163
05.575;05.601;0
05.575;05.604;0.651163
05.575;05.607;0.612403
05.575;05.611;0.651163
05.575;05.613;0.651163
05.575;05.614;0.333333
05.575;05.615;0.496124
05.575;05.616;0.651163
05.575;22.400;0.651163
05.576;05.554;0.612403
05.576;05.555;0.604651
05.576;05.556;0
05.576;05.557;0.472868
05.576;05.558;0
05.576;05.559;0.581395
05.576;05.560;0
05.576;05.561;0.651163
05.576;05.562;0.643411
05.576;05.563;0
05.576;05.564;0.449612
05.576;05.565;0
05.576;05.566;0.426357
05.576;05.567;0
05.576;05.568;0.534884
05.576;05.569;0.395349
05.576;05.570;0.635659
05.576;05.571;0
05.576;05.572;0.682171
05.576;05.573;0.674419
05.576;05.574;0.682171
05.576;05.575;0
05.576;05.576;0
05.576;05.577;0.651163
05.576;05.578;0
05.576;05.579;0.682171
05.576;05.580;0.658915
05.576;05.581;0
05.576;05.582;0
05.576;05.583;0
05.576;05.584;0.674419
05.576;05.585;0
05.576;05.586;0.682171
05.576;05.587;0.627907
05.576;05.588;0.682171
05.576;05.589;0.682171
05.576;05.590;0
05.576;05.591;0
05.576;05.592;0.682171
05.576;05.593;0.682171
05.576;05.594;0
05.576;05.595;0
05.576;05.596;0.27907
05.576;05.597;0.310078
05.576;05.598;0.317829
05.576;05.599;0
05.576;05.600;0.24031
05.576;05.601;0
05.576;05.604;0.294574
05.576;05.607;0
05.576;05.611;0.341085
05.576;05.613;0.341085
05.576;05.614;0
05.576;05.615;0.224806
05.576;05.616;0
05.576;22.400;0.217054
05.577;05.554;0
05.577;05.555;0.310078
05.577;05.556;0.27907
05.577;05.557;0.356589
05.577;05.558;0
05.577;05.559;0.364341
05.577;05.560;0.348837
05.577;05.561;0.364341
05.577;05.562;0
05.577;05.563;0
05.577;05.564;0.364341
05.577;05.565;0
05.577;05.566;0.364341
05.577;05.567;0.325581
05.577;05.568;0
05.577;05.569;0
05.577;05.570;0
05.577;05.571;0.364341
05.577;05.572;0
05.577;05.573;0.341085
05.577;05.574;0.333333
05.577;05.575;0.341085
05.577;05.576;0.364341
05.577;05.577;0
05.577;05.578;0.689922
05.577;05.579;0
05.577;05.580;0.503876
05.577;05.581;0.364341
05.577;05.582;0.496124
05.577;05.583;0.364341
05.577;05.584;0.573643
05.577;05.585;0.449612
05.577;05.586;0.674419
05.577;05.587;0
05.577;05.588;0.72093
05.577;05.589;0.713178
05.577;05.590;0.72093
05.577;05.591;0
05.577;05.592;0.565891
05.577;05.593;0.689922
05.577;05.594;0.48062
05.577;05.595;0.72093
05.577;05.596;0.697674
05.577;05.597;0
05.577;05.598;0.511628
05.577;05.599;0
05.577;05.600;0.713178
05.577;05.601;0.511628
05.577;05.604;0.72093
05.577;05.607;0.666667
05.577;05.611;0.72093
05.577;05.613;0.72093
05.577;05.614;0
05.577;05.615;0.565891
05.577;05.616;0.72093
05.577;22.400;0.72093
05.578;05.554;0.565891
05.578;05.555;0
05.578;05.556;0.379845
05.578;05.557;0
05.578;05.558;0.395349
05.578;05.559;0
05.578;05.560;0.472868
05.578;05.561;0.356589
05.578;05.562;0.550388
05.578;05.563;0
05.578;05.564;0.565891
05.578;05.565;0.565891
05.578;05.566;0.565891
05.578;05.567;0
05.578;05.568;0
05.578;05.569;0.565891
05.578;05.570;0
05.578;05.571;0.565891
05.578;05.572;0.542636
05.578;05.573;0
05.578;05.574;0
05.578;05.575;0
05.578;05.576;0.565891
05.578;05.577;0
05.578;05.578;0
05.578;05.579;0.527132
05.578;05.580;0.503876
05.578;05.581;0.565891
05.578;05.582;0.496124
05.578;05.583;0.565891
05.578;05.584;0.596899
05.578;05.585;0.449612
05.578;05.586;0.697674
05.578;05.587;0
05.578;05.588;0.713178
05.578;05.589;0.713178
05.578;05.590;0.713178
05.578;05.591;0
05.578;05.592;0.565891
05.578;05.593;0.713178
05.578;05.594;0.565891
05.578;05.595;0.713178
05.578;05.596;0.689922
05.578;05.597;0
05.578;05.598;0
05.578;05.599;0.581395
05.578;05.600;0.713178
05.578;05.601;0
05.578;05.604;0.713178
05.578;05.607;0.674419
05.578;05.611;0.713178
05.578;05.613;0.713178
05.578;05.614;0.527132
05.578;05.615;0
05.578;05.616;0.713178
05.578;22.400;0.713178
05.579;05.554;0.596899
05.579;05.555;0
05.579;05.556;0.682171
05.579;05.557;0.651163
05.579;05.558;0
05.579;05.559;0.465116
05.579;05.560;0
05.579;05.561;0.48062
05.579;05.562;0
05.579;05.563;0.55814
05.579;05.564;0.44186
05.579;05.565;0.635659
05.579;05.566;0
05.579;05.567;0.705426
05.579;05.568;0.674419
05.579;05.569;0.705426
05.579;05.570;0
05.579;05.571;0
05.579;05.572;0.651163
05.579;05.573;0
05.579;05.574;0.705426
05.579;05.575;0.674419
05.579;05.576;0
05.579;05.577;0
05.579;05.578;0
05.579;05.579;0
05.579;05.580;0
05.579;05.581;0.705426
05.579;05.582;0.627907
05.579;05.583;0.689922
05.579;05.584;0.705426
05.579;05.585;0
05.579;05.586;0
05.579;05.587;0.705426
05.579;05.588;0.705426
05.579;05.589;0
05.579;05.590;0
05.579;05.591;0.457364
05.579;05.592;0
05.579;05.593;0.55814
05.579;05.594;0
05.579;05.595;0.620155
05.579;05.596;0.620155
05.579;05.597;0
05.579;05.598;0.434109
05.579;05.599;0
05.579;05.600;0.426357
05.579;05.601;0
05.579;05.604;0.55814
05.579;05.607;0.418605
05.579;05.611;0.651163
05.579;05.613;0
05.579;05.614;0.689922
05.579;05.615;0.674419
05.579;05.616;0.689922
05.579;22.400;0
05.580;05.554;0
05.580;05.555;0.666667
05.580;05.556;0
05.580;05.557;0.689922
05.580;05.558;0.643411
05.580;05.559;0
05.580;05.560;0
05.580;05.561;0
05.580;05.562;0.689922
05.580;05.563;0
05.580;05.564;0.651163
05.580;05.565;0.666667
05.580;05.566;0.651163
05.580;05.567;0.689922
05.580;05.568;0
05.580;05.569;0
05.580;05.570;0.689922
05.580;05.571;0.689922
05.580;05.572;0
05.580;05.573;0
05.580;05.574;0
05.580;05.575;0
05.580;05.576;0
05.580;05.577;0
05.580;05.578;0
05.580;05.579;0
05.580;05.580;0
05.580;05.581;0
05.580;05.582;0.325581
05.580;05.583;0
05.580;05.584;0.418605
05.580;05.585;0.263566
05.580;05.586;0.503876
05.580;05.587;0
05.580;05.588;0.503876
05.580;05.589;0.503876
05.580;05.590;0.503876
05.580;05.591;0
05.580;05.592;0
05.580;05.593;0.503876
05.580;05.594;0
05.580;05.595;0.503876
05.580;05.596;0.488372
05.580;05.597;0
05.580;05.598;0
05.580;05.599;0
05.580;05.600;0.503876
05.580;05.601;0
05.580;05.604;0.503876
05.580;05.607;0.465116
05.580;05.611;0.503876
05.580;05.613;0.503876
05.580;05.614;0
05.580;05.615;0
05.580;05.616;0.503876
05.580;22.400;0.503876
05.581;05.554;0
05.581;05.555;0
05.581;05.556;0
05.581;05.557;0
05.581;05.558;0
05.581;05.559;0
05.581;05.560;0
05.581;05.561;0
05.581;05.562;0
05.581;05.563;0
05.581;05.564;0
05.581;05.565;0
05.581;05.566;0
05.581;05.567;0
05.581;05.568;0
05.581;05.569;0
05.581;05.570;0
05.581;05.571;0
05.581;05.572;0
05.581;05.573;0
05.581;05.574;0
05.581;05.575;0
05.581;05.576;0
05.581;05.577;0
05.581;05.578;0
05.581;05.579;0
05.581;05.580;0
05.581;05.581;0
05.581;05.582;0
05.581;05.583;0
05.581;05.584;0
05.581;05.585;0
05.581;05.586;0
05.581;05.587;0
05.581;05.588;0
05.581;05.589;0
05.581;05.590;0
05.581;05.591;0
05.581;05.592;0
05.581;05.593;0.503876
05.581;05.594;0
05.581;05.595;0.527132
05.581;05.596;0.527132
05.581;05.597;0
05.581;05.598;0.372093
05.581;05.599;0
05.581;05.600;0.372093
05.581;05.601;0
05.581;05.604;0.44186
05.581;05.607;0.341085
05.581;05.611;0.527132
05.581;05.613;0
05.581;05.614;0.527132
05.581;05.615;0.527132
05.581;05.616;0.527132
05.581;22.400;0
05.582;05.554;0
05.582;05.555;0.527132
05.582;05.556;0
05.582;05.557;0.527132
05.582;05.558;0.503876
05.582;05.559;0
05.582;05.560;0
05.582;05.561;0
05.582;05.562;0.527132
05.582;05.563;0
05.582;05.564;0.527132
05.582;05.565;0.488372
05.582;05.566;0.527132
05.582;05.567;0.527132
05.582;05.568;0
05.582;05.569;0
05.582;05.570;0.527132
05.582;05.571;0.527132
05.582;05.572;0
05.582;05.573;0
05.582;05.574;0
05.582;05.575;0
05.582;05.576;0
05.582;05.577;0
05.582;05.578;0
05.582;05.579;0
05.582;05.580;0
05.582;05.581;0
05.582;05.582;0
05.582;05.583;0
05.582;05.584;0.387597
05.582;05.585;0.333333
05.582;05.586;0.496124
05.582;05.587;0
05.582;05.588;0.496124
05.582;05.589;0.496124
05.582;05.590;0.496124
05.582;05.591;0
05.582;05.592;0
05.582;05.593;0.496124
05.582;05.594;0
05.582;05.595;0.496124
05.582;05.596;0.488372
05.582;05.597;0
05.582;05.598;0
05.582;05.599;0
05.582;05.600;0.496124
05.582;05.601;0
05.582;05.604;0.496124
05.582;05.607;0.488372
05.582;05.611;0.496124
05.582;05.613;0.496124
05.582;05.614;0
05.582;05.615;0
05.582;05.616;0.496124
05.582;22.400;0.496124
05.583;05.554;0
05.583;05.555;0
05.583;05.556;0
05.583;05.557;0
05.583;05.558;0
05.583;05.559;0
05.583;05.560;0
05.583;05.561;0
05.583;05.562;0
05.583;05.563;0
05.583;05.564;0
05.583;05.565;0
05.583;05.566;0
05.583;05.567;0
05.583;05.568;0
05.583;05.569;0
05.583;05.570;0
05.583;05.571;0
05.583;05.572;0
05.583;05.573;0
05.583;05.574;0
05.583;05.575;0
05.583;05.576;0
05.583;05.577;0
05.583;05.578;0
05.583;05.579;0
05.583;05.580;0
05.583;05.581;0
05.583;05.582;0
05.583;05.583;0
05.583;05.584;0
05.583;05.585;0
05.583;05.586;0
05.583;05.587;0
05.583;05.588;0
05.583;05.589;0
05.583;05.590;0
05.583;05.591;0
05.583;05.592;0
05.583;05.593;0.635659
05.583;05.594;0.651163
05.583;05.595;0
05.583;05.596;0.503876
05.583;05.597;0
05.583;05.598;0.457364
05.583;05.599;0
05.583;05.600;0.534884
05.583;05.601;0.395349
05.583;05.604;0.651163
05.583;05.607;0
05.583;05.611;0.651163
05.583;05.613;0.651163
05.583;05.614;0.651163
05.583;05.615;0
05.583;05.616;0
05.583;22.400;0.651163
05.584;05.554;0
05.584;05.555;0.651163
05.584;05.556;0.627907
05.584;05.557;0
05.584;05.558;0
05.584;05.559;0
05.584;05.560;0.651163
05.584;05.561;0
05.584;05.562;0.651163
05.584;05.563;0.612403
05.584;05.564;0.651163
05.584;05.565;0.651163
05.584;05.566;0
05.584;05.567;0
05.584;05.568;0.651163
05.584;05.569;0.651163
05.584;05.570;0
05.584;05.571;0
05.584;05.572;0
05.584;05.573;0
05.584;05.574;0
05.584;05.575;0
05.584;05.576;0
05.584;05.577;0
05.584;05.578;0
05.584;05.579;0
05.584;05.580;0
05.584;05.581;0
05.584;05.582;0
05.584;05.583;0
05.584;05.584;0
05.584;05.585;0.511628
05.584;05.586;0.643411
05.584;05.587;0
05.584;05.588;0.705426
05.584;05.589;0.627907
05.584;05.590;0.705426
05.584;05.591;0
05.584;05.592;0
05.584;05.593;0.666667
05.584;05.594;0
05.584;05.595;0.705426
05.584;05.596;0.589147
05.584;05.597;0
05.584;05.598;0
05.584;05.599;0
05.584;05.600;0.651163
05.584;05.601;0
05.584;05.604;0.604651
05.584;05.607;0.666667
05.584;05.611;0.604651
05.584;05.613;0.705426
05.584;05.614;0
05.584;05.615;0
05.584;05.616;0.705426
05.584;22.400;0.666667
05.585;05.554;0
05.585;05.555;0
05.585;05.556;0
05.585;05.557;0
05.585;05.558;0
05.585;05.559;0
05.585;05.560;0
05.585;05.561;0
05.585;05.562;0
05.585;05.563;0
05.585;05.564;0
05.585;05.565;0
05.585;05.566;0
05.585;05.567;0
05.585;05.568;0
05.585;05.569;0
05.585;05.570;0
05.585;05.571;0
05.585;05.572;0
05.585;05.573;0
05.585;05.574;0
05.585;05.575;0
05.585;05.576;0
05.585;05.577;0
05.585;05.578;0
05.585;05.579;0
05.585;05.580;0
05.585;05.581;0
05.585;05.582;0
05.585;05.583;0
05.585;05.584;0
05.585;05.585;0
05.585;05.586;0.488372
05.585;05.587;0
05.585;05.588;0.565891
05.585;05.589;0.472868
05.585;05.590;0.550388
05.585;05.591;0
05.585;05.592;0
05.585;05.593;0.511628
05.585;05.594;0
05.585;05.595;0.565891
05.585;05.596;0.44186
05.585;05.597;0.689922
05.585;05.598;0
05.585;05.599;0.503876
05.585;05.600;0.496124
05.585;05.601;0
05.585;05.604;0.449612
05.585;05.607;0.527132
05.585;05.611;0.449612
05.585;05.613;0.565891
05.585;05.614;0.496124
05.585;05.615;0
05.585;05.616;0.565891
05.585;22.400;0.511628
05.586;05.554;0.573643
05.586;05.555;0.449612
05.586;05.556;0.674419
05.586;05.557;0
05.586;05.558;0.72093
05.586;05.559;0.713178
05.586;05.560;0.72093
05.586;05.561;0
05.586;05.562;0
05.586;05.563;0.689922
05.586;05.564;0
05.586;05.565;0.72093
05.586;05.566;0.697674
05.586;05.567;0
05.586;05.568;0
05.586;05.569;0
05.586;05.570;0.713178
05.586;05.571;0
05.586;05.572;0.72093
05.586;05.573;0.666667
05.586;05.574;0.72093
05.586;05.575;0.72093
05.586;05.576;0
05.586;05.577;0
05.586;05.578;0.72093
05.586;05.579;0.72093
05.586;05.580;0
05.586;05.581;0
05.586;05.582;0
05.586;05.583;0
05.586;05.584;0
05.586;05.585;0
05.586;05.586;0
05.586;05.587;0
05.586;05.588;0.75969
05.586;05.589;0.728682
05.586;05.590;0.75969
05.586;05.591;0.496124
05.586;05.592;0
05.586;05.593;0.75969
05.586;05.594;0.596899
05.586;05.595;0.75969
05.586;05.596;0.689922
05.586;05.597;0.449612
05.586;05.598;0.697674
05.586;05.599;0
05.586;05.600;0.751938
05.586;05.601;0.713178
05.586;05.604;0.705426
05.586;05.607;0.72093
05.586;05.611;0.705426
05.586;05.613;0.75969
05.586;05.614;0.713178
05.586;05.615;0.713178
05.586;05.616;0.75969
05.586;22.400;0.75969
05.587;05.554;0
05.587;05.555;0
05.587;05.556;0.713178
05.587;05.557;0
05.587;05.558;0.713178
05.587;05.559;0.689922
05.587;05.560;0
05.587;05.561;0
05.587;05.562;0
05.587;05.563;0.713178
05.587;05.564;0
05.587;05.565;0.713178
05.587;05.566;0.674419
05.587;05.567;0.713178
05.587;05.568;0.713178
05.587;05.569;0
05.587;05.570;0
05.587;05.571;0.713178
05.587;05.572;0.713178
05.587;05.573;0
05.587;05.574;0
05.587;05.575;0
05.587;05.576;0
05.587;05.577;0
05.587;05.578;0
05.587;05.579;0
05.587;05.580;0
05.587;05.581;0
05.587;05.582;0
05.587;05.583;0
05.587;05.584;0
05.587;05.585;0
05.587;05.586;0
05.587;05.587;0
05.587;05.588;0
05.587;05.589;0
05.587;05.590;0
05.587;05.591;0
05.587;05.592;0
05.587;05.593;0
05.587;05.594;0
05.587;05.595;0
05.587;05.596;0
05.587;05.597;0
05.587;05.598;0
05.587;05.599;0
05.587;05.600;0
05.587;05.601;0
05.587;05.604;0
05.587;05.607;0
05.587;05.611;0
05.587;05.613;0
05.587;05.614;0
05.587;05.615;0
05.587;05.616;0
05.587;22.400;0
05.588;05.554;0
05.588;05.555;0
05.588;05.556;0
05.588;05.557;0
05.588;05.558;0
05.588;05.559;0
05.588;05.560;0
05.588;05.561;0
05.588;05.562;0
05.588;05.563;0
05.588;05.564;0
05.588;05.565;0
05.588;05.566;0
05.588;05.567;0
05.588;05.568;0
05.588;05.569;0
05.588;05.570;0
05.588;05.571;0
05.588;05.572;0
05.588;05.573;0
05.588;05.574;0
05.588;05.575;0
05.588;05.576;0
05.588;05.577;0
05.588;05.578;0
05.588;05.579;0
05.588;05.580;0.325581
05.588;05.581;0
05.588;05.582;0.418605
05.588;05.583;0.263566
05.588;05.584;0.503876
05.588;05.585;0
05.588;05.586;0.503876
05.588;05.587;0.503876
05.588;05.588;0
05.588;05.589;0.767442
05.588;05.590;0.875969
05.588;05.591;0
05.588;05.592;0
05.588;05.593;0.782946
05.588;05.594;0.503876
05.588;05.595;0.906977
05.588;05.596;0.751938
05.588;05.597;0
05.588;05.598;0.503876
05.588;05.599;0.488372
05.588;05.600;0.790698
05.588;05.601;0
05.588;05.604;0.775194
05.588;05.607;0.837209
05.588;05.611;0.75969
05.588;05.613;0.891473
05.588;05.614;0
05.588;05.615;0
05.588;05.616;0.930233
05.588;22.400;0.837209
05.589;05.554;0.503876
05.589;05.555;0
05.589;05.556;0.503876
05.589;05.557;0.465116
05.589;05.558;0.503876
05.589;05.559;0.503876
05.589;05.560;0
05.589;05.561;0
05.589;05.562;0.503876
05.589;05.563;0.503876
05.589;05.564;0
05.589;05.565;0
05.589;05.566;0
05.589;05.567;0
05.589;05.568;0
05.589;05.569;0
05.589;05.570;0
05.589;05.571;0
05.589;05.572;0
05.589;05.573;0
05.589;05.574;0
05.589;05.575;0
05.589;05.576;0
05.589;05.577;0
05.589;05.578;0
05.589;05.579;0
05.589;05.580;0
05.589;05.581;0
05.589;05.582;0
05.589;05.583;0
05.589;05.584;0
05.589;05.585;0
05.589;05.586;0
05.589;05.587;0
05.589;05.588;0
05.589;05.589;0
05.589;05.590;0.767442
05.589;05.591;0
05.589;05.592;0
05.589;05.593;0.744186
05.589;05.594;0
05.589;05.595;0.767442
05.589;05.596;0.728682
05.589;05.597;0
05.589;05.598;0
05.589;05.599;0
05.589;05.600;0.767442
05.589;05.601;0
05.589;05.604;0.744186
05.589;05.607;0.72093
05.589;05.611;0.744186
05.589;05.613;0.767442
05.589;05.614;0
05.589;05.615;0
05.589;05.616;0.767442
05.589;22.400;0.767442
05.590;05.554;0
05.590;05.555;0
05.590;05.556;0
05.590;05.557;0
05.590;05.558;0
05.590;05.559;0
05.590;05.560;0
05.590;05.561;0
05.590;05.562;0
05.590;05.563;0
05.590;05.564;0
05.590;05.565;0
05.590;05.566;0
05.590;05.567;0
05.590;05.568;0
05.590;05.569;0
05.590;05.570;0
05.590;05.571;0
05.590;05.572;0
05.590;05.573;0
05.590;05.574;0
05.590;05.575;0
05.590;05.576;0
05.590;05.577;0
05.590;05.578;0
05.590;05.579;0
05.590;05.580;0
05.590;05.581;0
05.590;05.582;0
05.590;05.583;0.387597
05.590;05.584;0.333333
05.590;05.585;0.496124
05.590;05.586;0
05.590;05.587;0.496124
05.590;05.588;0.496124
05.590;05.589;0.496124
05.590;05.590;0
05.590;05.591;0
05.590;05.592;0.496124
05.590;05.593;0.782946
05.590;05.594;0
05.590;05.595;0.899225
05.590;05.596;0.751938
05.590;05.597;0.496124
05.590;05.598;0.488372
05.590;05.599;0
05.590;05.600;0.790698
05.590;05.601;0
05.590;05.604;0.79845
05.590;05.607;0.79845
05.590;05.611;0.75969
05.590;05.613;0.899225
05.590;05.614;0
05.590;05.615;0.496124
05.590;05.616;0.899225
05.590;22.400;0.860465
05.591;05.554;0
05.591;05.555;0.496124
05.591;05.556;0.488372
05.591;05.557;0.496124
05.591;05.558;0.496124
05.591;05.559;0
05.591;05.560;0
05.591;05.561;0.496124
05.591;05.562;0.496124
05.591;05.563;0
05.591;05.564;0
05.591;05.565;0
05.591;05.566;0
05.591;05.567;0
05.591;05.568;0
05.591;05.569;0
05.591;05.570;0
05.591;05.571;0
05.591;05.572;0
05.591;05.573;0
05.591;05.574;0
05.591;05.575;0
05.591;05.576;0
05.591;05.577;0
05.591;05.578;0
05.591;05.579;0
05.591;05.580;0
05.591;05.581;0
05.591;05.582;0
05.591;05.583;0
05.591;05.584;0
05.591;05.585;0
05.591;05.586;0
05.591;05.587;0
05.591;05.588;0
05.591;05.589;0
05.591;05.590;0
05.591;05.591;0
05.591;05.592;0
05.591;05.593;0
05.591;05.594;0
05.591;05.595;0
05.591;05.596;0
05.591;05.597;0
05.591;05.598;0
05.591;05.599;0
05.591;05.600;0
05.591;05.601;0
05.591;05.604;0
05.591;05.607;0
05.591;05.611;0
05.591;05.613;0
05.591;05.614;0
05.591;05.615;0
05.591;05.616;0
05.591;22.400;0
05.592;05.554;0
05.592;05.555;0
05.592;05.556;0
05.592;05.557;0
05.592;05.558;0
05.592;05.559;0
05.592;05.560;0
05.592;05.561;0
05.592;05.562;0
05.592;05.563;0
05.592;05.564;0
05.592;05.565;0
05.592;05.566;0
05.592;05.567;0
05.592;05.568;0
05.592;05.569;0
05.592;05.570;0.511628
05.592;05.571;0.643411
05.592;05.572;0
05.592;05.573;0.705426
05.592;05.574;0.627907
05.592;05.575;0.705426
05.592;05.576;0
05.592;05.577;0
05.592;05.578;0.666667
05.592;05.579;0
05.592;05.580;0.705426
05.592;05.581;0.589147
05.592;05.582;0
05.592;05.583;0
05.592;05.584;0
05.592;05.585;0.651163
05.592;05.586;0
05.592;05.587;0.604651
05.592;05.588;0.666667
05.592;05.589;0.604651
05.592;05.590;0.705426
05.592;05.591;0
05.592;05.592;0
05.592;05.593;0.705426
05.592;05.594;0.666667
05.592;05.595;0
05.592;05.596;0
05.592;05.597;0
05.592;05.598;0
05.592;05.599;0
05.592;05.600;0
05.592;05.601;0
05.592;05.604;0.488372
05.592;05.607;0
05.592;05.611;0.565891
05.592;05.613;0.472868
05.592;05.614;0.550388
05.592;05.615;0
05.592;05.616;0
05.592;22.400;0.511628
05.593;05.554;0
05.593;05.555;0.565891
05.593;05.556;0.44186
05.593;05.557;0
05.593;05.558;0
05.593;05.559;0
05.593;05.560;0.496124
05.593;05.561;0
05.593;05.562;0.449612
05.593;05.563;0.527132
05.593;05.564;0.449612
05.593;05.565;0.565891
05.593;05.566;0
05.593;05.567;0
05.593;05.568;0.565891
05.593;05.569;0.511628
05.593;05.570;0
05.593;05.571;0
05.593;05.572;0
05.593;05.573;0
05.593;05.574;0
05.593;05.575;0
05.593;05.576;0
05.593;05.577;0
05.593;05.578;0.75969
05.593;05.579;0.728682
05.593;05.580;0.75969
05.593;05.581;0
05.593;05.582;0
05.593;05.583;0.75969
05.593;05.584;0
05.593;05.585;0.75969
05.593;05.586;0.689922
05.593;05.587;0
05.593;05.588;0
05.593;05.589;0
05.593;05.590;0.751938
05.593;05.591;0
05.593;05.592;0.705426
05.593;05.593;0
05.593;05.594;0.705426
05.593;05.595;0.782946
05.593;05.596;0.705426
05.593;05.597;0.75969
05.593;05.598;0
05.593;05.599;0
05.593;05.600;0.767442
05.593;05.601;0.75969
05.593;05.604;0.72093
05.593;05.607;0.744186
05.593;05.611;0.72093
05.593;05.613;0.782946
05.593;05.614;0.75969
05.593;05.615;0
05.593;05.616;0.782946
05.593;22.400;0.782946
05.594;05.554;0
05.594;05.555;0
05.594;05.556;0
05.594;05.557;0
05.594;05.558;0
05.594;05.559;0
05.594;05.560;0
05.594;05.561;0
05.594;05.562;0
05.594;05.563;0
05.594;05.564;0
05.594;05.565;0
05.594;05.566;0
05.594;05.567;0
05.594;05.568;0
05.594;05.569;0
05.594;05.570;0
05.594;05.571;0
05.594;05.572;0
05.594;05.573;0
05.594;05.574;0
05.594;05.575;0
05.594;05.576;0
05.594;05.577;0
05.594;05.578;0
05.594;05.579;0
05.594;05.580;0
05.594;05.581;0
05.594;05.582;0
05.594;05.583;0
05.594;05.584;0
05.594;05.585;0
05.594;05.586;0
05.594;05.587;0
05.594;05.588;0
05.594;05.589;0
05.594;05.590;0
05.594;05.591;0
05.594;05.592;0
05.594;05.593;0
05.594;05.594;0
05.594;05.595;0
05.594;05.596;0
05.594;05.597;0
05.594;05.598;0
05.594;05.599;0
05.594;05.600;0
05.594;05.601;0
05.594;05.604;0
05.594;05.607;0
05.594;05.611;0
05.594;05.613;0
05.594;05.614;0
05.594;05.615;0
05.594;05.616;0
05.594;22.400;0
05.595;05.554;0
05.595;05.555;0
05.595;05.556;0
05.595;05.557;0
05.595;05.558;0
05.595;05.559;0
05.595;05.560;0
05.595;05.561;0.767442
05.595;05.562;0.875969
05.595;05.563;0
05.595;05.564;0
05.595;05.565;0.782946
05.595;05.566;0
05.595;05.567;0.906977
05.595;05.568;0.751938
05.595;05.569;0
05.595;05.570;0
05.595;05.571;0
05.595;05.572;0.790698
05.595;05.573;0
05.595;05.574;0.775194
05.595;05.575;0.837209
05.595;05.576;0.75969
05.595;05.577;0.891473
05.595;05.578;0
05.595;05.579;0
05.595;05.580;0.930233
05.595;05.581;0.837209
05.595;05.582;0
05.595;05.583;0
05.595;05.584;0
05.595;05.585;0
05.595;05.586;0
05.595;05.587;0
05.595;05.588;0
05.595;05.589;0
05.595;05.590;0.767442
05.595;05.591;0
05.595;05.592;0
05.595;05.593;0.744186
05.595;05.594;0
05.595;05.595;0
05.595;05.596;0.751938
05.595;05.597;0.728682
05.595;05.598;0
05.595;05.599;0
05.595;05.600;0.790698
05.595;05.601;0
05.595;05.604;0.79845
05.595;05.607;0.829457
05.595;05.611;0.75969
05.595;05.613;0.914729
05.595;05.614;0.767442
05.595;05.615;0
05.595;05.616;0.930233
05.595;22.400;0.860465
05.596;05.554;0.744186
05.596;05.555;0.72093
05.596;05.556;0.744186
05.596;05.557;0.767442
05.596;05.558;0
05.596;05.559;0
05.596;05.560;0.767442
05.596;05.561;0.767442
05.596;05.562;0
05.596;05.563;0
05.596;05.564;0
05.596;05.565;0
05.596;05.566;0
05.596;05.567;0
05.596;05.568;0
05.596;05.569;0
05.596;05.570;0
05.596;05.571;0
05.596;05.572;0.782946
05.596;05.573;0
05.596;05.574;0.899225
05.596;05.575;0.751938
05.596;05.576;0
05.596;05.577;0
05.596;05.578;0
05.596;05.579;0.790698
05.596;05.580;0
05.596;05.581;0.79845
05.596;05.582;0.79845
05.596;05.583;0.75969
05.596;05.584;0.899225
05.596;05.585;0
05.596;05.586;0
05.596;05.587;0.899225
05.596;05.588;0.860465
05.596;05.589;0
05.596;05.590;0
05.596;05.591;0
05.596;05.592;0
05.596;05.593;0
05.596;05.594;0
05.596;05.595;0
05.596;05.596;0
05.596;05.597;0
05.596;05.598;0
05.596;05.599;0
05.596;05.600;0.728682
05.596;05.601;0
05.596;05.604;0.744186
05.596;05.607;0.682171
05.596;05.611;0.736434
05.596;05.613;0.751938
05.596;05.614;0
05.596;05.615;0
05.596;05.616;0.751938
05.596;22.400;0.751938
05.597;05.554;0
05.597;05.555;0
05.597;05.556;0
05.597;05.557;0
05.597;05.558;0
05.597;05.559;0
05.597;05.560;0
05.597;05.561;0
05.597;05.562;0
05.597;05.563;0
05.597;05.564;0
05.597;05.565;0
05.597;05.566;0
05.597;05.567;0
05.597;05.568;0
05.597;05.569;0
05.597;05.570;0
05.597;05.571;0
05.597;05.572;0
05.597;05.573;0
05.597;05.574;0
05.597;05.575;0
05.597;05.576;0
05.597;05.577;0
05.597;05.578;0
05.597;05.579;0
05.597;05.580;0
05.597;05.581;0
05.597;05.582;0
05.597;05.583;0
05.597;05.584;0
05.597;05.585;0
05.597;05.586;0
05.597;05.587;0
05.597;05.588;0
05.597;05.589;0
05.597;05.590;0
05.597;05.591;0
05.597;05.592;0
05.597;05.593;0
05.597;05.594;0
05.597;05.595;0
05.597;05.596;0
05.597;05.597;0
05.597;05.598;0
05.597;05.599;0
05.597;05.600;0
05.597;05.601;0
05.597;05.604;0
05.597;05.607;0
05.597;05.611;0
05.597;05.613;0
05.597;05.614;0
05.597;05.615;0
05.597;05.616;0
05.597;22.400;0
05.598;05.554;0
05.598;05.555;0
05.598;05.556;0
05.598;05.557;0
05.598;05.558;0
05.598;05.559;0
05.598;05.560;0
05.598;05.561;0
05.598;05.562;0
05.598;05.563;0
05.598;05.564;0
05.598;05.565;0
05.598;05.566;0
05.598;05.567;0
05.598;05.568;0
05.598;05.569;0
05.598;05.570;0
05.598;05.571;0
05.598;05.572;0
05.598;05.573;0
05.598;05.574;0
05.598;05.575;0
05.598;05.576;0
05.598;05.577;0
05.598;05.578;0
05.598;05.579;0
05.598;05.580;0
05.598;05.581;0
05.598;05.582;0
05.598;05.583;0
05.598;05.584;0
05.598;05.585;0
05.598;05.586;0
05.598;05.587;0
05.598;05.588;0
05.598;05.589;0
05.598;05.590;0
05.598;05.591;0
05.598;05.592;0
05.598;05.593;0
05.598;05.594;0
05.598;05.595;0
05.598;05.596;0
05.598;05.597;0
05.598;05.598;0
05.598;05.599;0
05.598;05.600;0
05.598;05.601;0
05.598;05.604;0
05.598;05.607;0
05.598;05.611;0
05.598;05.613;0
05.598;05.614;0
05.598;05.615;0.782946
05.598;05.616;0.705426
05.598;22.400;0
05.599;05.554;0
05.599;05.555;0
05.599;05.556;0.767442
05.599;05.557;0
05.599;05.558;0.72093
05.599;05.559;0.744186
05.599;05.560;0.72093
05.599;05.561;0.782946
05.599;05.562;0
05.599;05.563;0
05.599;05.564;0.782946
05.599;05.565;0.782946
05.599;05.566;0
05.599;05.567;0
05.599;05.568;0
05.599;05.569;0
05.599;05.570;0
05.599;05.571;0
05.599;05.572;0
05.599;05.573;0
05.599;05.574;0
05.599;05.575;0
05.599;05.576;0
05.599;05.577;0
05.599;05.578;0
05.599;05.579;0
05.599;05.580;0
05.599;05.581;0
05.599;05.582;0
05.599;05.583;0
05.599;05.584;0
05.599;05.585;0
05.599;05.586;0
05.599;05.587;0
05.599;05.588;0
05.599;05.589;0
05.599;05.590;0
05.599;05.591;0
05.599;05.592;0
05.599;05.593;0
05.599;05.594;0
05.599;05.595;0
05.599;05.596;0
05.599;05.597;0
05.599;05.598;0
05.599;05.599;0
05.599;05.600;0
05.599;05.601;0
05.599;05.604;0
05.599;05.607;0
05.599;05.611;0
05.599;05.613;0
05.599;05.614;0
05.599;05.615;0
05.599;05.616;0
05.599;22.400;0
05.600;05.554;0
05.600;05.555;0
05.600;05.556;0
05.600;05.557;0
05.600;05.558;0
05.600;05.559;0
05.600;05.560;0
05.600;05.561;0
05.600;05.562;0
05.600;05.563;0
05.600;05.564;0
05.600;05.565;0
05.600;05.566;0
05.600;05.567;0
05.600;05.568;0
05.600;05.569;0
05.600;05.570;0
05.600;05.571;0
05.600;05.572;0
05.600;05.573;0
05.600;05.574;0
05.600;05.575;0
05.600;05.576;0
05.600;05.577;0.751938
05.600;05.578;0
05.600;05.579;0
05.600;05.580;0
05.600;05.581;0.790698
05.600;05.582;0
05.600;05.583;0.79845
05.600;05.584;0.829457
05.600;05.585;0.75969
05.600;05.586;0.914729
05.600;05.587;0
05.600;05.588;0
05.600;05.589;0.930233
05.600;05.590;0.860465
05.600;05.591;0
05.600;05.592;0
05.600;05.593;0
05.600;05.594;0
05.600;05.595;0
05.600;05.596;0
05.600;05.597;0
05.600;05.598;0
05.600;05.599;0
05.600;05.600;0
05.600;05.601;0
05.600;05.604;0.744186
05.600;05.607;0.744186
05.600;05.611;0.744186
05.600;05.613;0.790698
05.600;05.614;0
05.600;05.615;0
05.600;05.616;0.790698
05.600;22.400;0.790698
05.601;05.554;0
05.601;05.555;0.728682
05.601;05.556;0
05.601;05.557;0.744186
05.601;05.558;0.682171
05.601;05.559;0.736434
05.601;05.560;0.751938
05.601;05.561;0
05.601;05.562;0
05.601;05.563;0.751938
05.601;05.564;0.751938
05.601;05.565;0
05.601;05.566;0
05.601;05.567;0
05.601;05.568;0
05.601;05.569;0
05.601;05.570;0
05.601;05.571;0
05.601;05.572;0
05.601;05.573;0
05.601;05.574;0
05.601;05.575;0
05.601;05.576;0
05.601;05.577;0
05.601;05.578;0
05.601;05.579;0
05.601;05.580;0
05.601;05.581;0
05.601;05.582;0
05.601;05.583;0
05.601;05.584;0
05.601;05.585;0
05.601;05.586;0
05.601;05.587;0
05.601;05.588;0
05.601;05.589;0
05.601;05.590;0
05.601;05.591;0
05.601;05.592;0
05.601;05.593;0
05.601;05.594;0
05.601;05.595;0
05.601;05.596;0
05.601;05.597;0
05.601;05.598;0
05.601;05.599;0
05.601;05.600;0
05.601;05.601;0
05.601;05.604;0
05.601;05.607;0
05.601;05.611;0
05.601;05.613;0
05.601;05.614;0
05.601;05.615;0
05.601;05.616;0
05.601;22.400;0
05.604;05.554;0
05.604;05.555;0
05.604;05.556;0
05.604;05.557;0
05.604;05.558;0
05.604;05.559;0
05.604;05.560;0
05.604;05.561;0
05.604;05.562;0
05.604;05.563;0
05.604;05.564;0
05.604;05.565;0
05.604;05.566;0
05.604;05.567;0
05.604;05.568;0
05.604;05.569;0
05.604;05.570;0
05.604;05.571;0
05.604;05.572;0
05.604;05.573;0
05.604;05.574;0
05.604;05.575;0
05.604;05.576;0
05.604;05.577;0
05.604;05.578;0
05.604;05.579;0
05.604;05.580;0
05.604;05.581;0
05.604;05.582;0
05.604;05.583;0
05.604;05.584;0
05.604;05.585;0
05.604;05.586;0
05.604;05.587;0
05.604;05.588;0
05.604;05.589;0
05.604;05.590;0
05.604;05.591;0
05.604;05.592;0
05.604;05.593;0
05.604;05.594;0
05.604;05.595;0
05.604;05.596;0
05.604;05.597;0
05.604;05.598;0
05.604;05.599;0
05.604;05.600;0
05.604;05.601;0
05.604;05.604;0
05.604;05.607;0.697674
05.604;05.611;0.75969
05.604;05.613;0.806202
05.604;05.614;0
05.604;05.615;0
05.604;05.616;0.813953
05.604;22.400;0.806202
05.607;05.554;0
05.607;05.555;0
05.607;05.556;0
05.607;05.557;0
05.607;05.558;0
05.607;05.559;0
05.607;05.560;0
05.607;05.561;0
05.607;05.562;0
05.607;05.563;0
05.607;05.564;0
05.607;05.565;0
05.607;05.566;0
05.607;05.567;0
05.607;05.568;0
05.607;05.569;0
05.607;05.570;0
05.607;05.571;0
05.607;05.572;0
05.607;05.573;0
05.607;05.574;0
05.607;05.575;0
05.607;05.576;0
05.607;05.577;0
05.607;05.578;0
05.607;05.579;0
05.607;05.580;0
05.607;05.581;0
05.607;05.582;0
05.607;05.583;0
05.607;05.584;0
05.607;05.585;0
05.607;05.586;0
05.607;05.587;0
05.607;05.588;0
05.607;05.589;0
05.607;05.590;0
05.607;05.591;0
05.607;05.592;0
05.607;05.593;0
05.607;05.594;0
05.607;05.595;0
05.607;05.596;0
05.607;05.597;0
05.607;05.598;0
05.607;05.599;0
05.607;05.600;0
05.607;05.601;0
05.607;05.604;0
05.607;05.607;0
05.607;05.611;0.697674
05.607;05.613;0.813953
05.607;05.614;0
05.607;05.615;0
05.607;05.616;0.837209
05.607;22.400;0.75969
05.611;05.554;0
05.611;05.555;0
05.611;05.556;0
05.611;05.557;0
05.611;05.558;0
05.611;05.559;0
05.611;05.560;0
05.611;05.561;0
05.611;05.562;0
05.611;05.563;0
05.611;05.564;0
05.611;05.565;0
05.611;05.566;0
05.611;05.567;0
05.611;05.568;0
05.611;05.569;0
05.611;05.570;0
05.611;05.571;0
05.611;05.572;0
05.611;05.573;0
05.611;05.574;0
05.611;05.575;0
05.611;05.576;0
05.611;05.577;0
05.611;05.578;0
05.611;05.579;0
05.611;05.580;0
05.611;05.581;0
05.611;05.582;0
05.611;05.583;0
05.611;05.584;0
05.611;05.585;0
05.611;05.586;0
05.611;05.587;0
05.611;05.588;0
05.611;05.589;0.744186
05.611;05.590;0.744186
05.611;05.591;0.744186
05.611;05.592;0.790698
05.611;05.593;0
05.611;05.594;0
05.611;05.595;0.790698
05.611;05.596;0.790698
05.611;05.597;0
05.611;05.598;0
05.611;05.599;0
05.611;05.600;0
05.611;05.601;0
05.611;05.604;0
05.611;05.607;0
05.611;05.611;0
05.611;05.613;0.75969
05.611;05.614;0
05.611;05.615;0
05.611;05.616;0.75969
05.611;22.400;0.75969
05.613;05.554;0
05.613;05.555;0
05.613;05.556;0
05.613;05.557;0
05.613;05.558;0
05.613;05.559;0
05.613;05.560;0
05.613;05.561;0
05.613;05.562;0
05.613;05.563;0
05.613;05.564;0
05.613;05.565;0
05.613;05.566;0
05.613;05.567;0
05.613;05.568;0
05.613;05.569;0
05.613;05.570;0
05.613;05.571;0
05.613;05.572;0
05.613;05.573;0
05.613;05.574;0
05.613;05.575;0
05.613;05.576;0
05.613;05.577;0
05.613;05.578;0
05.613;05.579;0
05.613;05.580;0
05.613;05.581;0
05.613;05.582;0
05.613;05.583;0
05.613;05.584;0
05.613;05.585;0
05.613;05.586;0
05.613;05.587;0
05.613;05.588;0
05.613;05.589;0
05.613;05.590;0
05.613;05.591;0
05.613;05.592;0
05.613;05.593;0
05.613;05.594;0
05.613;05.595;0
05.613;05.596;0
05.613;05.597;0
05.613;05.598;0
05.613;05.599;0
05.613;05.600;0
05.613;05.601;0
05.613;05.604;0
05.613;05.607;0
05.613;05.611;0
05.613;05.613;0
05.613;05.614;0
05.613;05.615;0
05.613;05.616;0.922481
05.613;22.400;0.868217
05.614;05.554;0
05.614;05.555;0
05.614;05.556;0
05.614;05.557;0
05.614;05.558;0
05.614;05.559;0
05.614;05.560;0
05.614;05.561;0
05.614;05.562;0.697674
05.614;05.563;0.75969
05.614;05.564;0.806202
05.614;05.565;0
05.614;05.566;0
05.614;05.567;0.813953
05.614;05.568;0.806202
05.614;05.569;0
05.614;05.570;0
05.614;05.571;0
05.614;05.572;0
05.614;05.573;0
05.614;05.574;0
05.614;05.575;0
05.614;05.576;0
05.614;05.577;0
05.614;05.578;0
05.614;05.579;0
05.614;05.580;0
05.614;05.581;0
05.614;05.582;0
05.614;05.583;0
05.614;05.584;0.697674
05.614;05.585;0.813953
05.614;05.586;0
05.614;05.587;0
05.614;05.588;0.837209
05.614;05.589;0.75969
05.614;05.590;0
05.614;05.591;0
05.614;05.592;0
05.614;05.593;0
05.614;05.594;0
05.614;05.595;0
05.614;05.596;0
05.614;05.597;0
05.614;05.598;0
05.614;05.599;0
05.614;05.600;0
05.614;05.601;0
05.614;05.604;0
05.614;05.607;0
05.614;05.611;0
05.614;05.613;0
05.614;05.614;0
05.614;05.615;0
05.614;05.616;0
05.614;22.400;0.75969
05.615;05.554;0.75969
05.615;05.555;0
05.615;05.556;0
05.615;05.557;0
05.615;05.558;0
05.615;05.559;0
05.615;05.560;0
05.615;05.561;0
05.615;05.562;0
05.615;05.563;0
05.615;05.564;0
05.615;05.565;0
05.615;05.566;0
05.615;05.567;0
05.615;05.568;0
05.615;05.569;0
05.615;05.570;0
05.615;05.571;0
05.615;05.572;0.922481
05.615;05.573;0.868217
05.615;05.574;0
05.615;05.575;0
05.615;05.576;0
05.615;05.577;0
05.615;05.578;0
05.615;05.579;0
05.615;05.580;0
05.615;05.581;0
05.615;05.582;0
05.615;05.583;0
05.615;05.584;0
05.615;05.585;0
05.615;05.586;0
05.615;05.587;0
05.615;05.588;0
05.615;05.589;0
05.615;05.590;0
05.615;05.591;0
05.615;05.592;0
05.615;05.593;0
05.615;05.594;0
05.615;05.595;0
05.615;05.596;0
05.615;05.597;0
05.615;05.598;0
05.615;05.599;0
05.615;05.600;0
05.615;05.601;0
05.615;05.604;0
05.615;05.607;0
05.615;05.611;0
05.615;05.613;0
05.615;05.614;0
05.615;05.615;0
05.615;05.616;0
05.615;22.400;0
05.616;05.554;0
05.616;05.555;0
05.616;05.556;0
05.616;05.557;0
05.616;05.558;0
05.616;05.559;0
05.616;05.560;0
05.616;05.561;0
05.616;05.562;0
05.616;05.563;0
05.616;05.564;0
05.616;05.565;0
05.616;05.566;0
05.616;05.567;0
05.616;05.568;0
05.616;05.569;0
05.616;05.570;0
05.616;05.571;0
05.616;05.572;0
05.616;05.573;0
05.616;05.574;0
05.616;05.575;0
05.616;05.576;0
05.616;05.577;0
05.616;05.578;0
05.616;05.579;0
05.616;05.580;0
05.616;05.581;0
05.616;05.582;0
05.616;05.583;0
05.616;05.584;0
05.616;05.585;0
05.616;05.586;0
05.616;05.587;0
05.616;05.588;0
05.616;05.589;0
05.616;05.590;0
05.616;05.591;0
05.616;05.592;0
05.616;05.593;0
05.616;05.594;0
05.616;05.595;0
05.616;05.596;0
05.616;05.597;0
05.616;05.598;0
05.616;05.599;0
05.616;05.600;0
05.616;05.601;0
05.616;05.604;0
05.616;05.607;0
05.616;05.611;0
05.616;05.613;0
05.616;05.614;0
05.616;05.615;0
05.616;05.616;0
05.616;22.400;0.868217
22.400;05.554;0
22.400;05.555;0
22.400;05.556;0
22.400;05.557;0
22.400;05.558;0
22.400;05.559;0
22.400;05.560;0
22.400;05.561;0
22.400;05.562;0
22.400;05.563;0
22.400;05.564;0
22.400;05.565;0
22.400;05.566;0
22.400;05.567;0
22.400;05.568;0
22.400;05.569;0
22.400;05.570;0
22.400;05.571;0
22.400;05.572;0
22.400;05.573;0
22.400;05.574;0
22.400;05.575;0
22.400;05.576;0
22.400;05.577;0
22.400;05.578;0
22.400;05.579;0
22.400;05.580;0
22.400;05.581;0
22.400;05.582;0
22.400;05.583;0
22.400;05.584;0
22.400;05.585;0
22.400;05.586;0
22.400;05.587;0
22.400;05.588;0
22.400;05.589;0
22.400;05.590;0
22.400;05.591;0
22.400;05.592;0.868217
22.400;05.593;0
22.400;05.594;0
22.400;05.595;0
22.400;05.596;0
22.400;05.597;0
22.400;05.598;0
22.400;05.599;0
22.400;05.600;0
22.400;05.601;0
22.400;05.604;0
22.400;05.607;0
22.400;05.611;0
22.400;05.613;0
22.400;05.614;0
22.400;05.615;0
22.400;05.616;0
22.400;22.400;0
