ASSIG_A;ASSIG_B;n
05.557;05.562;5308
05.554;05.561;5301
05.554;05.562;4936
05.554;05.565;4697
05.554;05.557;4241
05.563;05.565;3721
05.562;05.570;3688
05.554;05.570;3548
05.554;05.555;3525
05.561;05.567;3493
05.563;05.570;3493
05.555;05.561;3482
05.561;05.562;3482
05.554;05.567;3410
05.557;05.570;3381
05.570;05.614;3371
05.555;05.565;3285
05.556;05.570;3203
05.561;05.615;3154
05.554;05.563;3110
05.565;05.570;3100
05.567;05.615;3085
05.555;05.562;2947
05.561;05.565;2928
05.555;05.567;2857
05.557;05.561;2844
05.554;05.615;2841
05.564;05.567;2748
05.554;05.564;2689
05.555;05.557;2637
05.557;05.559;2585
05.567;05.575;2569
05.556;05.562;2533
05.557;05.565;2517
05.555;05.570;2507
05.562;05.563;2500
05.556;05.557;2496
05.555;05.564;2474
05.566;05.567;2453
05.561;05.564;2438
05.561;05.570;2436
05.559;05.562;2431
05.562;05.565;2426
05.557;05.563;2394
05.564;05.565;2384
05.565;05.567;2378
05.555;05.615;2353
05.556;05.614;2348
05.567;05.585;2344
05.558;05.562;2245
05.567;05.572;2244
05.557;05.558;2224
05.555;05.573;2213
05.561;05.575;2209
05.554;05.559;2202
05.554;05.575;2191
05.558;05.568;2178
05.554;05.558;2173
05.554;05.556;2143
05.572;05.575;2129
05.555;05.558;2088
05.568;05.611;2082
05.563;05.614;2079
05.554;05.585;2048
05.565;05.573;2030
05.564;05.590;2026
05.564;05.585;2023
05.556;05.558;2014
05.558;05.573;2003
05.564;05.615;1984
05.575;05.615;1954
05.567;05.590;1951
05.564;05.566;1949
05.561;05.585;1944
05.575;05.585;1938
05.559;05.561;1937
05.561;05.563;1920
05.559;05.560;1902
05.562;05.614;1901
05.557;05.568;1890
05.555;05.566;1878
05.557;05.573;1854
05.554;05.566;1835
05.555;05.556;1834
05.570;05.573;1817
05.565;05.585;1815
05.555;05.590;1800
05.558;05.570;1791
05.561;05.595;1789
05.562;05.568;1789
05.562;05.567;1785
05.555;05.585;1783
05.565;05.615;1780
05.556;05.561;1767
05.556;05.565;1764
05.556;05.563;1754
05.585;05.615;1751
05.557;05.567;1743
05.564;05.573;1741
05.595;05.615;1740
05.569;05.573;1732
05.554;05.573;1731
05.558;05.569;1731
05.554;05.590;1727
05.558;05.564;1708
05.554;05.568;1706
05.554;05.611;1706
05.556;05.568;1701
05.561;05.590;1685
05.558;05.611;1683
05.562;05.611;1678
05.572;05.585;1678
05.561;05.566;1669
05.585;05.595;1664
05.557;05.564;1649
05.567;05.595;1626
05.566;05.569;1621
05.558;05.565;1616
05.559;05.570;1593
05.562;05.564;1592
05.554;05.614;1585
05.564;05.569;1574
05.567;05.573;1572
05.555;05.568;1550
05.568;05.569;1550
05.558;05.567;1549
05.555;05.563;1542
05.565;05.566;1535
05.555;05.575;1534
05.562;05.590;1524
05.554;05.595;1522
05.569;05.611;1520
05.568;05.570;1514
05.558;05.561;1508
05.557;05.611;1502
05.555;05.559;1498
05.555;05.611;1497
05.564;05.575;1497
05.566;05.573;1481
05.558;05.566;1476
05.561;05.572;1470
05.573;05.611;1458
05.567;05.569;1457
05.568;05.573;1455
05.554;05.572;1450
05.575;05.590;1433
05.566;05.611;1430
05.557;05.590;1426
05.616;05.616;1411
05.556;05.573;1404
05.556;05.567;1400
05.564;05.570;1389
05.563;05.573;1387
05.567;05.570;1384
05.562;05.615;1382
05.559;05.565;1381
05.567;05.568;1377
05.575;05.591;1376
05.585;05.590;1376
05.558;05.590;1375
05.566;05.568;1372
05.562;05.573;1371
05.573;05.590;1359
05.556;05.564;1356
05.569;05.590;1355
05.567;05.611;1348
05.566;05.575;1344
05.571;05.590;1341
05.559;05.563;1338
05.561;05.591;1332
05.556;05.611;1330
05.557;05.585;1328
05.565;05.590;1327
05.555;05.595;1323
05.562;05.575;1311
05.557;05.566;1304
05.562;05.569;1304
05.591;05.615;1300
05.570;05.611;1298
05.556;05.559;1294
05.570;05.590;1290
05.562;05.566;1288
05.564;05.568;1287
05.561;05.573;1283
05.554;05.591;1280
05.565;05.568;1277
05.566;05.572;1277
05.566;05.615;1268
05.567;05.591;1267
05.590;05.615;1254
05.555;05.569;1253
05.557;05.575;1252
05.569;05.572;1251
05.558;05.563;1250
05.558;05.571;1228
05.556;05.566;1225
05.558;05.559;1224
05.565;05.595;1214
05.557;05.615;1213
05.554;05.569;1208
05.561;05.611;1207
05.562;05.571;1207
05.556;05.590;1204
05.562;05.585;1198
05.571;05.585;1197
05.563;05.564;1194
05.554;05.560;1192
05.566;05.570;1191
05.564;05.611;1190
05.572;05.615;1189
05.561;05.568;1187
05.564;05.595;1184
05.558;05.560;1183
05.567;05.571;1178
05.565;05.614;1174
05.559;05.567;1167
05.565;05.575;1164
05.571;05.573;1161
05.558;05.585;1157
05.566;05.585;1156
05.557;05.571;1155
05.562;05.572;1150
05.555;05.560;1148
05.565;05.611;1143
05.568;05.590;1138
05.557;05.560;1137
05.569;05.571;1137
05.563;05.590;1136
05.559;05.564;1130
05.557;05.569;1123
05.554;05.571;1113
05.555;05.571;1110
05.573;05.585;1104
05.566;05.571;1102
05.572;05.611;1098
05.560;05.562;1097
05.571;05.575;1097
05.566;05.590;1096
05.569;05.585;1095
05.568;05.572;1089
05.595;05.596;1087
05.560;05.561;1085
05.572;05.590;1081
05.568;05.571;1077
05.564;05.571;1075
05.559;05.573;1072
05.565;05.569;1072
05.571;05.611;1072
05.558;05.572;1071
05.556;05.575;1068
05.563;05.567;1066
05.568;05.585;1064
05.560;05.567;1050
05.555;05.572;1049
05.566;05.582;1049
05.582;05.589;1046
05.558;05.575;1044
05.590;05.611;1044
05.556;05.569;1039
05.574;05.591;1038
05.560;05.564;1037
05.556;05.585;1035
05.570;05.575;1035
05.565;05.571;1031
05.563;05.571;1028
05.571;05.572;1022
05.572;05.573;1019
05.570;05.585;1012
05.573;05.575;1009
05.559;05.614;1008
05.557;05.572;1004
05.559;05.568;1000
05.564;05.572;996
05.560;05.565;991
05.585;05.611;990
05.572;05.582;983
05.560;05.573;970
05.568;05.575;970
05.561;05.571;967
05.567;05.596;963
05.569;05.575;963
05.582;05.585;956
05.585;05.591;952
05.564;05.596;951
05.555;05.591;949
05.559;05.590;942
05.556;05.560;939
05.565;05.572;938
05.571;05.582;934
05.559;05.566;931
05.567;05.582;930
05.575;05.611;930
05.570;05.571;925
05.560;05.570;923
05.559;05.585;922
05.561;05.569;922
05.560;05.568;913
05.570;05.572;906
05.556;05.572;905
05.563;05.575;905
05.556;05.615;893
05.560;05.611;892
05.560;05.566;891
05.582;05.611;886
05.570;05.615;885
05.561;05.614;884
05.554;05.596;880
05.558;05.615;877
05.559;05.611;876
05.563;05.568;876
05.596;05.615;871
05.572;05.591;868
05.559;05.575;865
05.582;05.590;851
05.585;05.589;850
05.575;05.582;849
05.561;05.596;843
05.574;05.585;842
05.591;05.595;841
05.563;05.566;837
05.575;05.589;834
05.563;05.585;831
05.559;05.571;828
05.559;05.615;819
05.569;05.570;819
05.573;05.615;814
05.560;05.590;812
05.568;05.582;808
05.572;05.574;805
05.560;05.571;800
05.562;05.595;798
05.572;05.595;798
05.566;05.591;796
05.614;05.614;796
05.562;05.562;792
05.575;05.595;789
05.557;05.557;786
05.573;05.582;784
05.571;05.589;782
05.585;05.596;780
05.567;05.574;778
05.557;05.595;775
05.562;05.591;775
05.556;05.571;774
05.559;05.569;771
05.563;05.611;767
05.560;05.569;762
05.564;05.582;759
05.560;05.585;758
05.559;05.572;755
05.560;05.563;749
05.574;05.575;741
05.590;05.595;734
05.560;05.575;733
05.560;05.615;728
05.611;05.615;726
05.566;05.613;724
05.563;05.569;722
05.569;05.582;720
05.574;05.615;718
05.560;05.572;715
05.561;05.574;713
05.555;05.596;711
05.597;05.599;695
05.568;05.615;692
05.571;05.615;690
05.585;05.613;685
05.572;05.589;681
05.563;05.615;679
05.554;05.554;671
05.574;05.595;671
05.558;05.582;668
05.563;05.572;667
05.570;05.570;665
05.572;05.613;659
05.565;05.596;658
05.557;05.591;655
05.590;05.596;644
05.597;05.598;636
05.593;05.613;635
05.558;05.613;625
05.611;05.613;625
05.573;05.613;623
05.558;05.558;622
05.555;05.614;619
05.554;05.613;618
05.567;05.613;613
05.559;05.595;610
05.558;05.595;607
05.569;05.615;606
05.568;05.613;604
05.557;05.613;600
05.565;05.591;599
05.554;05.574;598
05.598;05.599;595
05.562;05.613;593
05.581;05.583;593
05.565;05.582;590
05.554;05.582;581
05.556;05.595;581
05.569;05.589;576
05.596;05.604;576
05.567;05.589;573
05.575;05.596;571
05.564;05.591;562
05.575;05.613;560
05.570;05.595;556
05.589;05.613;556
05.562;05.582;554
05.555;05.582;550
05.556;05.582;550
05.589;05.590;549
05.589;05.611;548
05.569;05.613;543
05.582;05.613;542
05.555;05.613;538
05.556;05.591;538
05.559;05.582;526
05.563;05.563;523
05.564;05.613;523
05.604;05.607;521
05.565;05.613;519
05.570;05.591;518
05.566;05.589;517
05.571;05.613;517
05.573;05.573;517
05.560;05.595;516
05.573;05.591;511
05.556;05.613;507
05.557;05.582;502
05.565;05.565;500
05.561;05.582;497
05.573;05.595;494
05.558;05.591;487
05.595;05.611;479
05.570;05.613;477
05.557;05.596;473
05.560;05.582;473
05.563;05.582;472
05.586;05.587;471
05.571;05.595;470
05.584;05.613;470
05.571;05.591;463
05.591;05.611;461
05.563;05.595;458
05.558;05.596;457
05.568;05.595;450
05.590;05.614;450
05.595;05.600;450
05.562;05.596;447
05.590;05.613;446
05.558;05.589;445
05.573;05.589;442
05.559;05.591;441
05.579;05.583;436
05.568;05.591;431
05.569;05.595;425
05.560;05.589;423
05.567;05.614;423
05.554;05.579;422
05.561;05.613;422
05.566;05.579;419
05.596;05.600;419
05.566;05.595;417
05.590;05.591;415
05.569;05.591;414
05.557;05.579;413
05.573;05.614;413
05.573;05.596;412
05.568;05.589;408
05.563;05.591;406
05.579;05.581;406
05.568;05.568;404
05.562;05.579;403
05.572;05.579;403
05.560;05.591;401
05.564;05.589;401
05.582;05.615;400
05.570;05.582;399
05.555;05.555;398
05.589;05.596;398
05.554;05.589;397
05.579;05.613;396
05.559;05.589;395
05.574;05.576;395
05.573;05.579;394
05.559;05.613;393
05.558;05.579;392
05.555;05.574;391
05.567;05.579;390
05.579;05.585;389
05.586;05.589;389
05.557;05.614;387
05.571;05.596;387
05.596;05.607;386
05.565;05.574;384
05.568;05.596;384
05.582;05.582;384
05.579;05.611;380
05.557;05.574;379
05.596;05.611;379
05.611;05.611;379
05.568;05.579;378
05.582;05.596;378
05.566;05.596;377
05.560;05.616;376
05.589;05.589;373
05.556;05.556;372
05.569;05.596;371
05.571;05.571;371
05.561;05.589;369
05.564;05.579;368
05.589;05.615;368
05.555;05.589;367
05.589;05.593;367
05.562;05.589;364
05.572;05.596;364
05.562;05.574;362
05.574;05.590;362
05.557;05.589;360
05.576;05.597;360
05.559;05.559;358
05.582;05.595;353
05.564;05.574;352
05.575;05.579;352
05.570;05.579;349
05.575;05.614;348
05.564;05.614;345
05.565;05.589;343
05.570;05.596;343
05.571;05.574;343
05.589;05.595;343
05.570;05.574;341
05.580;05.613;340
05.555;05.579;338
05.559;05.596;338
05.574;05.597;338
05.560;05.613;337
05.566;05.614;336
05.574;05.611;335
05.569;05.579;334
05.614;05.615;333
05.570;05.589;332
05.571;05.614;332
05.559;05.574;330
05.566;05.574;330
05.565;05.579;329
05.564;05.564;328
05.585;05.614;328
05.556;05.589;325
05.558;05.574;322
05.580;05.584;322
05.582;05.586;321
05.585;05.585;321
05.560;05.574;319
05.560;05.596;318
05.573;05.574;318
05.584;05.589;316
05.556;05.596;315
05.568;05.574;315
05.572;05.586;315
05.589;05.604;315
05.560;05.614;313
05.563;05.589;312
05.563;05.613;312
05.569;05.569;312
05.595;05.604;310
05.569;05.574;309
05.585;05.586;309
05.571;05.593;306
05.568;05.614;305
05.593;05.604;300
05.556;05.579;297
05.586;05.613;297
05.567;05.567;296
05.571;05.586;295
05.574;05.589;294
05.590;05.590;293
05.569;05.593;289
05.556;05.574;287
05.579;05.582;284
05.613;05.615;283
05.569;05.586;282
05.589;05.591;282
05.563;05.596;281
05.566;05.593;280
05.585;05.593;280
05.575;05.586;278
05.560;05.560;277
05.571;05.579;277
05.566;05.586;275
05.577;05.578;275
05.567;05.586;272
05.582;05.591;272
05.582;05.593;272
05.566;05.566;271
05.575;05.575;271
05.582;05.584;271
05.600;05.604;270
05.585;05.597;268
05.561;05.579;266
05.578;05.594;263
05.582;05.604;263
05.615;05.616;261
05.574;05.582;259
05.579;05.590;259
05.572;05.593;257
05.579;05.589;255
05.582;05.597;249
05.589;05.597;249
05.572;05.614;248
05.587;05.589;247
05.586;05.590;246
05.591;05.613;246
05.614;22.400;246
05.585;05.604;245
05.573;05.593;244
05.558;05.578;241
05.559;05.579;241
05.573;05.586;240
05.593;05.596;240
05.557;05.578;236
05.577;05.594;235
05.579;05.591;235
05.575;05.593;234
05.590;05.593;234
05.554;05.578;233
05.558;05.593;233
05.571;05.584;231
05.596;05.613;231
05.611;05.614;231
05.563;05.574;230
05.562;05.578;229
05.566;05.578;227
05.567;05.593;227
05.573;05.578;225
05.576;05.591;225
05.588;05.613;225
05.578;05.611;224
05.584;05.585;224
05.585;05.598;224
05.593;05.611;223
05.589;05.607;222
05.604;05.613;222
05.572;05.584;221
05.593;05.595;221
05.564;05.593;219
05.572;05.572;219
05.572;05.597;219
05.558;05.614;217
05.559;05.616;217
05.567;05.578;216
05.586;05.593;215
05.564;05.586;214
05.568;05.578;213
05.588;05.588;212
05.595;05.614;212
05.571;05.604;211
05.574;05.579;209
05.586;05.611;209
05.560;05.579;208
05.560;05.586;208
05.569;05.578;207
05.569;05.614;206
05.579;05.615;206
05.572;05.578;203
05.584;05.604;203
05.572;05.598;202
05.575;05.584;202
05.595;05.613;202
05.589;05.600;201
05.558;05.586;199
05.593;05.607;199
05.567;05.598;198
05.577;05.613;197
05.588;05.616;197
05.556;05.578;195
05.578;05.582;193
05.555;05.578;192
05.569;05.597;192
05.578;05.613;192
05.560;05.593;191
05.568;05.593;191
05.569;05.584;191
05.597;05.611;190
05.566;05.584;189
05.584;05.611;189
05.587;05.613;189
05.607;05.613;189
05.568;05.586;188
05.580;05.589;188
05.591;05.614;188
05.563;05.579;187
05.573;05.598;187
05.560;05.598;186
05.559;05.593;184
05.560;05.597;184
05.566;05.598;184
05.569;05.598;184
05.591;05.596;184
05.565;05.578;183
05.572;05.604;183
05.578;05.589;183
05.559;05.584;182
05.571;05.597;182
05.604;05.611;182
05.566;05.597;181
05.598;05.611;181
05.567;05.584;180
05.568;05.598;180
05.583;05.589;180
05.554;05.586;179
05.560;05.584;179
05.567;05.597;179
05.584;05.593;179
05.555;05.593;178
05.558;05.598;178
05.561;05.598;178
05.575;05.597;178
05.588;05.593;178
05.557;05.586;176
05.561;05.586;176
05.575;05.598;176
05.589;05.598;176
05.559;05.598;175
05.584;05.607;175
05.559;05.586;173
05.575;05.604;173
05.582;05.600;173
05.584;05.596;172
05.566;05.577;171
05.578;05.585;171
05.574;05.601;170
05.555;05.586;169
05.555;05.598;169
05.562;05.593;169
05.584;05.595;169
05.590;05.598;169
05.554;05.593;168
05.573;05.597;168
05.591;05.597;168
05.565;05.586;167
05.571;05.578;167
05.571;05.587;167
05.574;05.613;167
05.575;05.578;167
05.582;05.601;167
05.554;05.598;166
05.582;05.587;166
05.586;05.615;166
05.597;05.616;166
05.557;05.593;165
05.564;05.598;165
05.573;05.584;165
05.564;05.578;164
05.569;05.604;164
05.589;05.599;164
05.599;05.616;164
05.554;05.577;163
05.558;05.584;163
05.582;05.607;163
05.582;05.614;163
05.593;05.600;163
05.585;05.587;162
05.562;05.586;161
05.564;05.597;161
05.585;05.599;161
05.589;05.616;161
05.558;05.597;160
05.566;05.604;159
05.574;05.616;159
05.582;05.598;159
05.562;05.577;158
05.574;05.599;158
05.556;05.593;157
05.564;05.584;157
05.568;05.597;157
05.572;05.577;157
05.573;05.604;157
05.589;05.601;157
05.590;05.604;157
05.562;05.598;156
05.568;05.577;156
05.590;05.597;156
05.565;05.598;155
05.567;05.604;155
05.584;05.590;155
05.585;05.600;155
05.575;05.587;154
05.558;05.577;153
05.561;05.561;153
05.569;05.577;153
05.556;05.598;152
05.567;05.601;152
05.611;05.616;152
05.557;05.577;151
05.559;05.597;151
05.567;05.577;151
05.570;05.578;151
05.573;05.577;151
05.576;05.589;151
05.587;05.587;151
05.582;05.599;150
05.600;05.616;150
05.581;05.589;149
05.556;05.586;148
05.557;05.598;148
05.563;22.400;148
05.576;05.585;148
05.565;05.593;147
05.570;05.598;147
05.597;05.615;147
05.558;05.604;146
05.568;05.584;146
05.572;05.599;145
05.577;05.585;145
05.583;05.586;144
05.585;05.601;144
05.560;05.588;143
05.572;05.601;143
05.577;05.611;143
05.579;05.586;143
05.572;05.587;142
05.581;05.586;142
05.589;05.594;142
05.555;05.584;141
05.560;05.604;141
05.571;05.600;141
05.593;05.615;141
05.600;05.607;141
05.578;05.590;140
05.560;05.599;139
05.561;05.584;139
05.569;05.600;139
05.571;05.598;139
05.571;05.601;138
05.585;05.616;138
05.588;05.611;138
05.595;05.607;138
05.566;05.601;137
05.573;05.600;137
05.599;05.611;137
05.554;05.584;136
05.559;05.588;136
05.565;05.597;136
05.568;05.604;136
05.585;05.588;136
05.595;05.616;136
05.567;05.588;135
05.571;05.607;135
05.574;05.587;135
05.575;05.600;135
05.601;05.613;135
05.570;05.586;134
05.570;05.593;134
05.574;05.596;134
05.604;05.615;134
05.555;05.577;133
05.556;05.577;133
05.600;05.611;133
05.555;05.597;132
05.561;05.593;132
05.566;05.588;132
05.571;05.580;132
05.574;05.598;132
05.601;05.611;132
05.561;05.588;131
05.563;05.593;131
05.569;05.588;131
05.572;05.588;131
05.554;05.597;130
05.566;05.600;130
05.575;05.588;130
05.577;05.589;130
05.554;05.588;129
05.591;05.592;129
05.597;05.597;129
05.570;22.400;128
05.574;05.586;128
05.583;05.587;128
05.584;05.600;128
05.588;05.590;128
05.590;05.616;128
05.591;05.601;128
05.558;05.600;127
05.562;05.588;127
05.571;05.588;127
05.586;05.601;127
05.587;05.611;127
05.555;05.604;126
05.558;05.601;126
05.559;05.604;126
05.560;05.587;126
05.561;05.578;126
05.575;05.576;126
05.576;05.582;126
05.615;05.615;126
05.562;05.584;125
05.575;05.577;125
05.587;05.601;125
05.557;05.597;124
05.583;05.585;124
05.586;05.586;124
05.589;05.614;124
05.555;05.588;123
05.564;05.577;123
05.564;05.600;123
05.565;05.577;123
05.573;05.588;123
05.574;05.581;123
05.574;05.614;123
05.575;05.581;123
05.580;05.582;123
05.584;05.601;123
05.570;05.584;122
05.581;05.585;122
05.584;05.615;122
05.587;05.615;122
05.560;05.600;121
05.575;05.601;121
05.558;05.588;120
05.567;05.600;120
05.574;05.592;120
05.575;05.583;120
05.583;05.601;120
05.556;05.584;119
05.559;05.578;119
05.559;05.600;119
05.564;05.588;119
05.568;05.607;119
05.572;05.600;119
05.588;05.589;119
05.596;05.596;119
05.596;05.614;119
05.598;05.616;119
05.566;05.599;118
05.575;05.607;118
05.557;05.584;117
05.561;05.597;117
05.563;05.598;117
05.564;05.604;117
05.565;05.584;117
05.571;05.577;117
05.581;05.587;117
05.586;05.595;117
05.604;05.616;117
05.567;05.599;116
05.568;05.600;116
05.569;05.599;116
05.584;05.586;116
05.593;05.593;116
05.607;05.611;116
05.561;05.604;115
05.562;05.597;115
05.568;05.588;115
05.569;05.607;115
05.575;05.599;115
05.594;05.613;115
05.564;05.601;114
05.567;05.576;114
05.570;05.588;114
05.572;05.607;114
05.573;05.601;114
05.590;05.600;114
05.554;05.601;113
05.555;05.600;113
05.560;05.576;113
05.565;05.588;113
05.569;05.601;113
05.600;05.615;113
05.559;05.587;112
05.570;05.577;112
05.572;05.580;112
05.574;05.583;112
05.576;05.599;112
05.565;05.604;111
05.570;05.597;111
05.571;05.576;111
05.571;05.583;111
05.576;05.611;111
05.588;05.604;111
05.554;05.604;110
05.573;05.599;110
05.575;05.580;110
05.576;05.615;110
05.579;05.601;110
05.580;05.585;110
05.583;05.584;110
05.598;05.613;110
05.556;05.604;109
05.557;05.588;109
05.559;05.577;109
05.561;05.577;109
05.566;05.607;109
05.568;05.599;109
05.579;05.584;109
05.584;05.616;109
05.586;05.591;109
05.587;05.590;109
05.598;05.615;109
05.555;05.601;108
05.559;05.580;108
05.565;22.400;108
05.576;05.616;108
05.590;05.601;108
05.599;05.615;108
05.560;05.607;107
05.568;05.601;107
05.577;05.579;107
05.578;05.615;107
05.590;05.599;107
05.558;05.607;106
05.561;05.600;106
05.563;05.586;106
05.577;05.582;106
05.613;05.616;106
05.556;05.588;105
05.569;05.576;105
05.557;05.601;104
05.564;05.599;104
05.566;05.580;104
05.566;05.587;104
05.572;05.581;104
05.581;05.616;104
05.604;05.604;104
05.607;05.616;104
05.554;05.576;103
05.554;05.600;103
05.555;05.576;103
05.562;05.601;103
05.562;05.604;103
05.565;05.601;103
05.566;05.576;103
05.572;05.583;103
05.573;05.616;103
05.575;05.616;103
05.580;05.607;103
05.560;05.601;102
05.567;05.616;102
05.571;05.581;102
05.571;05.599;102
05.583;05.616;102
05.559;05.599;101
05.582;05.588;101
05.555;05.599;100
05.558;05.576;100
05.564;05.616;100
05.568;05.576;100
05.569;05.587;100
05.572;05.576;100
05.573;05.576;100
05.566;05.616;99
05.581;05.597;99
05.599;05.599;99
05.558;05.616;98
05.573;05.607;98
05.578;05.579;98
05.579;05.595;98
05.585;05.607;98
05.554;05.599;97
05.567;05.587;97
05.576;05.590;97
05.577;05.590;97
05.559;05.601;96
05.565;05.600;96
05.567;05.607;96
05.584;05.594;96
05.587;05.616;96
05.590;05.607;96
05.607;05.615;96
05.558;05.580;95
05.558;05.587;95
05.559;05.607;95
05.581;05.584;95
05.593;05.616;95
05.556;05.597;94
05.557;05.604;94
05.559;05.576;94
05.579;05.596;94
05.580;05.604;94
05.583;05.611;94
05.584;05.584;94
05.564;05.576;93
05.580;05.593;93
05.601;05.616;93
05.558;05.599;92
05.560;05.577;92
05.581;05.611;92
05.613;05.614;92
05.560;05.578;91
05.561;05.601;91
05.566;05.583;91
05.578;05.580;91
05.579;05.587;91
05.580;05.594;91
05.562;05.599;90
05.562;05.600;90
05.563;05.578;90
05.563;05.584;90
05.563;05.588;90
05.565;05.587;90
05.573;05.587;90
05.586;05.597;90
05.555;05.616;89
05.556;05.601;89
05.567;05.580;89
05.591;05.599;89
05.557;05.576;88
05.561;05.587;88
05.561;05.599;88
05.567;05.583;88
05.580;05.611;88
05.581;05.582;88
05.581;05.599;88
05.582;05.616;88
05.591;05.598;88
05.596;05.616;88
05.600;05.613;88
05.557;05.600;87
05.562;05.607;87
05.566;05.581;87
05.581;05.590;87
05.600;05.600;87
05.560;05.583;86
05.561;05.576;86
05.570;05.604;86
05.573;05.580;86
05.555;05.587;85
05.576;05.576;85
05.576;05.601;85
05.583;05.613;85
05.584;05.588;85
05.586;05.596;85
05.556;05.600;84
05.559;05.583;84
05.560;05.580;84
05.562;05.576;84
05.567;05.581;84
05.587;05.597;84
05.591;05.616;84
05.565;05.599;83
05.568;05.587;83
05.569;05.616;83
05.581;05.601;83
05.581;05.615;83
05.582;05.594;83
05.604;05.614;83
05.554;05.587;82
05.554;05.607;82
05.556;22.400;82
05.577;05.584;82
05.578;05.584;82
05.583;05.590;82
05.601;05.615;82
05.614;05.616;82
05.557;05.599;81
05.577;05.580;81
05.563;05.604;80
05.579;05.616;80
05.555;05.607;79
05.561;05.607;79
05.564;05.607;79
05.568;05.580;79
05.568;05.616;79
05.572;05.616;79
05.574;05.574;79
05.578;05.591;79
05.588;05.598;79
05.597;05.601;79
05.554;05.616;78
05.560;05.581;78
05.563;05.597;78
05.568;05.581;78
05.568;05.583;78
05.585;05.594;78
05.587;05.591;78
05.594;05.604;78
05.564;05.580;77
05.564;05.587;77
05.565;05.576;77
05.570;05.601;77
05.570;05.616;77
05.571;05.594;77
05.571;05.616;77
05.577;05.615;77
05.580;05.616;77
05.594;05.611;77
05.561;05.616;76
05.562;05.616;76
05.576;05.598;76
05.579;05.597;76
05.584;05.591;76
05.586;05.614;76
05.558;05.594;75
05.568;05.594;75
05.580;05.596;75
05.583;05.583;75
05.554;05.580;74
05.562;05.580;74
05.569;05.594;74
05.570;05.600;74
05.574;05.578;74
05.583;05.591;74
05.588;05.615;74
05.595;05.595;74
05.588;05.595;73
05.557;05.607;72
05.570;05.576;72
05.556;05.576;71
05.566;05.594;71
05.567;05.594;71
05.570;05.599;71
05.573;05.583;71
05.574;05.584;71
05.580;05.580;71
05.582;05.583;71
05.588;05.596;71
05.594;05.594;71
05.594;05.615;71
05.595;05.597;71
05.595;05.598;71
05.607;05.607;71
05.557;05.587;70
05.557;22.400;70
05.561;22.400;70
05.565;05.616;70
05.563;05.577;69
05.575;05.594;69
05.577;05.591;69
05.580;05.590;69
05.583;05.615;69
05.557;05.580;68
05.562;22.400;68
05.569;05.581;68
05.555;05.583;67
05.556;05.580;67
05.556;05.599;67
05.559;05.581;67
05.563;05.600;67
05.570;05.580;67
05.570;05.607;67
05.557;05.616;66
05.565;05.580;66
05.573;05.594;66
05.554;05.583;65
05.556;05.607;65
05.559;05.594;65
05.579;05.614;65
05.580;05.595;65
05.583;05.597;65
05.587;05.593;65
05.597;05.614;65
05.561;05.580;64
05.577;05.604;64
05.581;05.613;64
05.591;05.604;64
05.593;05.601;64
05.556;05.583;63
05.562;05.594;63
05.563;05.601;63
05.577;05.596;63
05.579;05.580;63
05.581;05.591;63
05.586;05.616;63
05.596;05.601;63
05.613;05.613;63
05.558;05.583;62
05.578;05.593;62
05.584;05.587;62
05.585;05.592;62
05.600;05.614;62
05.556;05.587;61
05.560;05.594;61
05.565;05.607;61
05.573;05.581;61
05.578;05.596;61
05.580;05.615;61
05.593;05.614;61
05.555;05.580;60
05.557;05.594;60
05.570;05.587;60
05.572;05.594;60
05.576;05.592;60
05.586;05.598;60
05.588;05.607;60
05.601;05.614;60
05.556;05.594;59
05.564;05.583;59
05.579;05.592;59
05.581;05.598;59
05.586;05.604;59
05.554;05.594;58
05.555;05.581;58
05.557;05.583;58
05.567;05.592;58
05.569;05.580;58
05.569;05.583;58
05.572;05.592;58
05.591;05.591;58
05.594;05.607;58
05.597;05.613;58
05.564;05.594;57
05.568;05.592;57
05.577;05.593;57
05.577;05.607;57
05.578;05.595;57
05.584;05.598;57
05.595;05.599;57
05.562;05.587;56
05.591;05.593;56
05.592;05.592;56
05.562;05.583;55
05.563;05.616;55
05.564;05.581;55
05.574;05.604;55
05.578;05.604;55
05.581;05.614;55
05.584;05.614;55
05.587;05.599;55
05.601;05.601;55
05.554;05.581;54
05.557;05.581;54
05.558;05.581;54
05.576;05.579;54
05.576;05.581;54
05.578;05.607;54
05.579;05.599;54
05.592;05.611;54
05.599;05.613;54
05.562;05.581;53
05.565;05.583;53
05.569;05.592;53
05.571;05.592;53
05.582;05.592;53
05.598;05.614;53
05.556;05.616;52
05.563;05.576;52
05.586;05.599;52
05.587;05.595;52
05.593;05.594;52
05.596;05.598;52
05.599;05.614;52
05.601;05.604;52
05.556;05.581;51
05.560;05.592;51
05.563;05.587;51
05.589;05.592;51
05.555;05.594;50
05.570;05.583;50
05.584;05.597;50
05.592;05.616;50
05.594;05.596;50
05.595;05.601;50
05.554;05.592;49
05.561;05.583;49
05.565;05.581;49
05.565;05.592;49
05.566;05.592;49
05.574;05.577;49
05.574;05.593;49
05.575;05.592;49
05.576;05.613;49
05.578;05.601;49
05.579;05.598;49
05.598;05.598;49
05.561;05.581;48
05.565;05.594;48
05.584;05.599;48
05.587;05.598;48
05.554;22.400;47
05.562;05.592;47
05.563;05.607;47
05.564;05.592;47
05.576;05.595;47
05.577;05.595;47
05.581;05.581;47
05.592;05.613;47
05.594;05.595;47
05.599;05.601;47
05.555;05.592;46
05.563;05.580;46
05.573;05.592;46
05.576;05.587;46
05.578;05.586;46
05.580;05.601;46
05.583;05.599;46
05.590;05.594;46
05.558;05.592;45
05.558;22.400;45
05.561;05.594;45
05.563;05.599;45
05.578;05.614;45
05.579;05.593;45
05.583;05.592;45
05.586;05.607;45
05.571;22.400;44
05.580;05.586;44
05.590;05.592;44
05.557;05.592;43
05.570;05.581;43
05.576;05.583;43
05.585;22.400;43
05.588;05.591;43
05.595;22.400;43
05.601;05.607;43
05.561;05.592;42
05.583;05.614;42
05.591;05.600;42
05.591;05.607;42
05.596;05.597;42
05.607;05.614;42
05.559;22.400;41
05.556;05.592;40
05.559;05.592;40
05.579;05.579;40
05.594;05.601;40
05.560;22.400;39
05.563;05.581;39
05.570;05.592;39
05.594;05.616;39
05.563;05.594;38
05.576;05.614;38
05.578;05.578;38
05.580;05.588;38
05.591;05.594;38
05.592;05.601;38
05.568;22.400;37
05.574;05.594;37
05.576;05.596;37
05.586;05.588;37
05.587;05.614;37
05.588;05.594;37
05.570;05.594;36
05.574;05.600;36
05.575;22.400;36
05.587;05.596;36
05.590;22.400;36
22.400;22.400;36
05.573;22.400;35
05.581;05.592;35
05.574;05.607;34
05.576;05.586;34
05.577;05.577;34
05.598;05.601;34
05.563;05.583;33
05.567;22.400;33
05.577;05.588;33
05.592;05.615;33
05.574;05.588;32
05.579;05.600;32
05.586;05.594;32
05.588;05.600;32
05.596;05.599;32
05.604;22.400;32
05.577;05.616;31
05.579;05.588;31
05.579;05.594;31
05.572;22.400;30
05.574;05.580;30
05.577;05.601;30
05.576;05.584;29
05.578;05.588;29
05.581;05.595;29
05.583;05.598;29
05.598;05.600;29
05.577;05.586;28
05.583;05.595;28
05.588;05.601;28
05.566;22.400;27
05.578;05.616;27
05.555;22.400;26
05.574;22.400;26
05.577;05.614;26
05.580;05.600;26
05.586;05.600;26
05.596;22.400;26
05.615;22.400;26
05.578;05.592;25
05.580;05.591;25
05.611;22.400;25
05.564;22.400;24
05.578;05.598;24
05.591;22.400;24
05.569;22.400;23
05.580;05.614;23
05.588;05.614;23
05.577;05.598;22
05.577;05.600;22
05.578;05.583;22
05.578;05.600;22
05.579;05.604;22
05.586;05.592;22
05.563;05.592;21
05.576;05.578;21
05.579;05.607;21
05.597;22.400;21
05.580;05.583;20
05.587;05.592;20
05.589;22.400;20
05.593;05.598;20
05.593;22.400;20
05.578;05.587;19
05.577;05.592;18
05.583;05.596;18
05.584;05.592;18
05.594;05.600;17
05.599;22.400;17
05.600;22.400;17
05.582;22.400;16
05.598;22.400;16
05.592;05.598;15
05.592;05.614;15
05.593;05.597;15
05.577;05.583;14
05.578;05.597;14
05.578;05.599;14
05.600;05.601;14
05.613;22.400;14
05.576;05.577;13
05.576;05.593;13
05.577;05.587;13
05.577;05.597;13
05.578;05.581;13
05.581;05.596;13
05.592;05.597;13
05.593;05.599;13
05.594;05.614;13
05.616;22.400;13
05.586;22.400;12
05.587;05.588;12
05.588;05.597;12
05.592;05.599;12
05.576;05.594;11
05.580;05.581;11
05.588;22.400;11
05.607;22.400;11
05.576;05.607;10
05.577;05.581;10
05.580;05.587;10
05.576;05.600;9
05.576;05.604;9
05.577;05.599;9
05.580;05.598;9
05.587;05.594;9
05.592;05.593;9
05.599;05.600;9
05.587;22.400;8
05.598;05.604;8
05.598;05.607;8
05.580;05.592;7
05.583;05.593;7
05.583;05.594;7
05.584;22.400;7
05.576;22.400;6
05.581;05.588;6
05.587;05.600;6
05.588;05.599;6
05.594;05.598;6
05.576;05.580;5
05.576;05.588;5
05.577;22.400;5
05.580;22.400;5
05.583;05.588;5
05.583;05.600;5
05.592;05.594;5
05.592;05.595;5
05.579;22.400;4
05.581;05.593;4
05.581;22.400;4
05.583;22.400;4
05.597;05.600;4
05.601;22.400;4
05.580;05.597;3
05.580;05.599;3
05.581;05.594;3
05.587;05.607;3
05.592;22.400;3
05.597;05.604;3
05.599;05.607;3
05.578;22.400;2
05.581;05.607;2
05.583;05.604;2
05.583;05.607;2
05.592;05.596;2
05.594;05.597;2
05.594;05.599;2
05.597;05.607;2
05.581;05.604;1
05.587;05.604;1
05.588;05.592;1
05.592;05.600;1
05.592;05.607;1
05.594;22.400;1
05.599;05.604;1
