ASSIG_A;ASSIG_B;w
05.570;05.614;1497.673625
05.616;05.616;1411
05.557;05.562;1352.420617
05.563;05.565;1019.591674
05.556;05.614;993.615447
05.554;05.562;931.139455
05.563;05.570;919.897317
05.563;05.614;826.226223
05.557;05.570;804.047577
05.562;05.570;796.679182
05.614;05.614;796
05.562;05.614;794.715637
05.562;05.562;792
05.557;05.557;786
05.554;05.565;785.260703
05.556;05.570;755.726816
05.554;05.557;692.746172
05.554;05.554;671
05.570;05.570;665
05.557;05.559;624.281432
05.558;05.558;622
05.554;05.563;615.946358
05.565;05.570;597.000806
05.557;05.563;588.656194
05.554;05.561;580.025957
05.562;05.563;578.068247
05.554;05.570;555.364638
05.563;05.563;523
05.573;05.573;517
05.554;05.614;513.840222
05.559;05.562;502.682155
05.565;05.565;500
05.561;05.562;480.371931
05.568;05.568;404
05.555;05.555;398
05.556;05.562;387.992367
05.555;05.570;386.267833
05.582;05.582;384
05.555;05.565;381.668907
05.556;05.557;381.160413
05.611;05.611;379
05.556;05.563;375.850588
05.555;05.562;374.104597
05.559;05.614;373.853154
05.589;05.589;373
05.556;05.556;372
05.571;05.571;371
05.565;05.614;364.111078
05.557;05.565;360.366221
05.559;05.559;358
05.565;05.573;331.129869
05.564;05.564;328
05.562;05.565;327.213408
05.585;05.585;321
05.568;05.611;319.489023
05.557;05.561;314.316842
05.555;05.557;313.114198
05.569;05.569;312
05.570;05.573;309.401066
05.558;05.570;299.636575
05.567;05.567;296
05.555;05.573;295.520417
05.554;05.559;295.366432
05.590;05.590;293
05.558;05.568;286.919954
05.556;05.558;285.254241
05.582;05.589;281.186744
05.559;05.570;280.931361
05.558;05.573;278.800968
05.563;05.573;277.407542
05.560;05.560;277
05.566;05.566;271
05.575;05.575;271
05.558;05.562;269.957197
05.559;05.560;268.249425
05.559;05.563;267.194839
05.561;05.570;265.304675
05.557;05.573;262.082837
05.569;05.573;248.081719
05.561;05.563;242.591508
05.558;05.563;236.755132
05.566;05.567;236.260078
05.557;05.558;232.657611
05.568;05.570;231.579194
05.556;05.568;226.607796
05.556;05.565;226.440044
05.575;05.585;224.501273
05.559;05.561;223.785687
05.572;05.575;220.989874
05.572;05.572;219
05.555;05.558;217.436775
05.555;05.561;215.998266
05.558;05.569;215.607045
05.563;05.571;213.306753
05.588;05.588;212
05.571;05.590;209.528077
05.566;05.569;209.390726
05.568;05.569;209.34983
05.564;05.573;207.938363
05.557;05.568;202.544757
05.561;05.565;199.908046
05.564;05.566;198.791625
05.569;05.590;198.674693
05.563;05.590;197.496024
05.567;05.572;196.337911
05.555;05.563;192.89569
05.564;05.569;189.996726
05.569;05.611;189.281161
05.561;05.614;189.117514
05.564;05.590;188.634064
05.570;05.590;183.709086
05.572;05.585;182.392983
05.569;05.571;182.245295
05.571;05.582;181.67677
05.562;05.568;180.834512
05.573;05.590;179.437634
05.554;05.556;177.382919
05.558;05.571;176.84953
05.597;05.599;175.968999
05.556;05.573;174.211793
05.558;05.590;173.444599
05.569;05.572;173.048989
05.571;05.585;172.625925
05.558;05.565;170.665594
05.559;05.565;170.66462
05.555;05.556;169.322689
05.571;05.589;168.184988
05.562;05.590;167.645501
05.571;05.573;166.255211
05.570;05.611;165.94288
05.566;05.582;165.130727
05.572;05.582;164.318079
05.557;05.571;162.932025
05.554;05.558;160.139701
05.595;05.596;159.090587
05.570;05.571;158.652683
05.597;05.598;158.237215
05.581;05.583;156.859847
05.568;05.571;156.463145
05.557;05.560;155.174104
05.558;05.564;154.878822
05.568;05.573;153.399421
05.593;05.613;153.116221
05.561;05.561;153
05.582;05.590;152.965267
05.556;05.559;152.601615
05.557;05.590;151.50866
05.587;05.587;151
05.558;05.611;149.245695
05.582;05.585;148.672718
05.585;05.590;148.285059
05.563;05.564;147.513144
05.562;05.571;147.356095
05.556;05.590;147.177993
05.562;05.611;146.205081
05.571;05.611;146.121797
05.555;05.559;145.133831
05.575;05.589;144.894184
05.598;05.599;143.831472
05.566;05.571;143.729796
05.558;05.560;143.033211
05.564;05.570;142.706777
05.567;05.569;142.213224
05.567;05.590;141.251669
05.575;05.590;141.101341
05.604;05.607;140.222639
05.555;05.590;139.519127
05.554;05.555;139.25488
05.573;05.611;138.700015
05.556;05.611;138.546386
05.555;05.568;137.356013
05.558;05.566;136.102432
05.572;05.590;135.182012
05.568;05.590;134.708165
05.558;05.559;134.394329
05.585;05.589;133.665195
05.564;05.565;133.504459
05.560;05.562;132.983391
05.586;05.587;132.543408
05.566;05.568;131.441125
05.563;05.568;131.301128
05.596;05.604;131.051681
05.569;05.585;130.531665
05.566;05.611;130.191286
05.590;05.611;129.219712
05.597;05.597;129
05.582;05.611;128.508685
05.566;05.590;128.21853
05.559;05.573;127.528633
05.556;05.561;126.629901
05.575;05.582;126.575188
05.615;05.615;126
05.560;05.616;124.539277
05.565;05.571;124.360364
05.567;05.575;124.162297
05.586;05.586;124
05.571;05.572;123.588138
05.614;22.400;123.008802
05.555;05.614;122.84452
05.565;05.568;122.003765
05.566;05.573;121.905573
05.556;05.564;120.725433
05.565;05.566;119.80565
05.555;05.611;119.093861
05.560;05.570;119.039318
05.571;05.575;119.03309
05.596;05.596;119
05.567;05.573;118.875944
05.588;05.616;116.682813
05.564;05.567;116.416071
05.593;05.593;116
05.556;05.566;115.187977
05.573;05.582;112.481138
05.560;05.563;112.449448
05.564;05.585;112.289475
05.568;05.582;111.985137
05.566;05.572;109.308582
05.573;05.585;109.233839
05.560;05.573;108.868427
05.562;05.564;108.162071
05.566;05.585;107.966504
05.562;05.569;107.964878
05.590;05.614;107.884521
05.568;05.585;106.733593
05.566;05.570;106.549429
05.556;05.569;106.18912
05.554;05.568;105.5736
05.569;05.589;104.974639
05.559;05.568;104.454063
05.563;05.566;104.443989
05.555;05.564;104.400156
05.563;05.611;104.097184
05.604;05.604;104
05.557;05.564;103.817029
05.564;05.571;103.340596
05.569;05.575;103.142489
05.555;05.571;102.834363
05.567;05.582;101.863775
05.568;05.572;101.543177
05.558;05.585;99.626541
05.558;05.572;99.541274
05.599;05.599;99
05.554;05.611;98.827696
05.573;05.614;97.971729
05.572;05.589;97.873491
05.574;05.576;97.840919
05.576;05.597;97.824563
05.569;05.582;96.54104
05.585;05.611;96.48093
05.595;05.600;95.917898
05.563;05.569;95.460389
05.563;05.582;94.919645
05.572;05.611;94.876416
05.596;05.607;94.753613
05.615;05.616;94.569595
05.555;05.566;94.398375
05.584;05.584;94
05.561;05.567;93.263316
05.556;05.560;93.111299
05.589;05.590;92.999063
05.559;05.571;92.730115
05.565;05.611;92.676966
05.554;05.573;92.548349
05.567;05.585;92.25187
05.579;05.583;92.082248
05.563;05.585;91.80087
05.560;05.571;91.568021
05.586;05.589;91.366634
05.564;05.568;91.075158
05.567;05.611;91.059309
05.559;05.582;90.922543
05.567;05.571;90.395246
05.563;05.575;90.010849
05.589;05.611;89.567839
05.564;05.611;89.227735
05.565;05.569;89.132746
05.555;05.567;88.998075
05.570;05.575;88.897621
05.557;05.611;88.374532
05.558;05.561;88.192096
05.565;05.590;88.162126
05.560;05.568;87.745614
05.560;05.565;87.115644
05.600;05.600;87
05.560;05.611;86.964017
05.555;05.560;86.731085
05.556;05.585;86.524453
05.565;05.585;86.465233
05.567;05.568;86.080881
05.589;05.613;86.056332
05.584;05.613;85.789758
05.559;05.590;85.146908
05.558;05.567;85.081186
05.576;05.576;85
05.558;05.582;83.101706
05.580;05.584;82.629241
05.563;05.567;82.294118
05.556;05.572;81.740451
05.589;05.593;81.501422
05.566;05.575;81.251939
05.556;05.571;81.223716
05.570;05.585;81.188798
05.574;05.591;81.052435
05.564;05.575;81.045043
05.557;05.585;80.918879
05.565;05.567;80.206572
05.579;05.581;80.103274
05.560;05.564;79.779968
05.568;05.575;79.341383
05.589;05.596;79.129669
05.554;05.560;79.054266
05.574;05.574;79
05.558;05.575;78.905487
05.559;05.564;78.584396
05.582;05.586;78.532043
05.596;05.600;78.497614
05.554;05.567;77.124482
05.564;05.582;76.720517
05.559;05.566;76.715457
05.559;05.611;76.638579
05.557;05.569;76.025725
05.561;05.564;75.450823
05.555;05.569;75.384794
05.583;05.583;75
05.582;05.613;74.763569
05.561;05.590;74.723621
05.575;05.611;74.438881
05.567;05.615;74.251245
05.595;05.595;74
05.560;05.589;73.267087
05.571;05.614;73.24912
05.556;05.567;72.726025
05.560;05.569;72.451828
05.557;05.566;72.326563
05.554;05.575;71.183946
05.589;05.604;71.069799
05.580;05.580;71
05.594;05.594;71
05.607;05.607;71
05.560;05.590;70.871614
05.572;05.573;70.713297
05.574;05.597;70.493178
05.556;05.575;70.236598
05.554;05.564;69.249111
05.561;05.575;69.203081
05.557;05.575;68.762802
05.557;05.614;68.531605
05.554;05.590;68.373622
05.563;05.572;67.484392
05.556;05.582;67.240553
05.555;05.585;66.788443
05.561;05.573;66.74593
05.561;05.615;66.190302
05.578;05.594;65.912074
05.559;05.585;65.667402
05.565;05.575;64.952354
05.580;05.613;64.951921
05.561;05.611;64.797323
05.573;05.575;64.642947
05.562;05.573;64.305646
05.559;05.575;64.234835
05.600;05.616;63.736019
05.582;05.596;63.584132
05.560;05.566;63.392136
05.577;05.578;63.025638
05.613;05.613;63
05.554;05.571;62.824479
05.559;05.589;62.018569
05.559;05.569;61.740228
05.561;05.566;61.723124
05.593;05.604;61.66228
05.565;05.582;61.559465
05.567;05.570;61.194683
05.562;05.585;61.109586
05.562;05.575;60.545722
05.555;05.575;60.041169
05.563;05.589;59.886506
05.585;05.614;59.869328
05.570;05.572;59.325471
05.573;05.589;59.31438
05.561;05.568;59.285289
05.562;05.567;58.805046
05.577;05.594;58.742444
05.560;05.614;58.239124
05.597;05.616;58.154433
05.591;05.591;58
05.599;05.616;57.468356
05.568;05.589;56.800861
05.564;05.572;56.581301
05.584;05.589;56.202663
05.600;05.604;56.055327
05.592;05.592;56
05.575;05.615;55.826936
05.589;05.597;55.724126
05.582;05.584;55.523363
05.560;05.582;55.441121
05.572;05.586;55.331522
05.601;05.601;55
05.566;05.589;54.902854
05.589;05.616;54.832691
05.558;05.589;54.761272
05.557;05.567;54.750904
05.554;05.615;54.239186
05.567;05.589;54.159946
05.571;05.593;53.841988
05.571;05.586;53.832357
05.569;05.570;53.791414
05.595;05.604;53.479348
05.589;05.595;52.819544
05.587;05.589;52.307498
05.582;05.597;52.187312
05.562;05.566;52.122834
05.585;05.596;52.057189
05.588;05.593;52.053704
05.582;05.604;51.933561
05.569;05.593;51.466061
05.560;05.567;51.447946
05.585;05.595;50.996061
05.559;05.567;50.940304
05.559;05.572;50.680662
05.568;05.614;50.489842
05.582;05.593;50.319768
05.560;05.575;50.302843
05.586;05.593;50.054808
05.561;05.571;49.722116
05.555;05.615;49.658657
05.560;05.585;49.608065
05.569;05.586;49.28327
05.598;05.598;49
05.560;05.572;48.986694
05.586;05.613;48.771813
05.587;05.616;48.664674
05.604;05.616;48.214557
05.566;05.614;48.130901
05.607;05.616;47.659841
05.585;05.613;47.333698
05.584;05.604;47.152194
05.581;05.581;47
05.560;05.561;46.999872
05.554;05.585;46.991093
05.557;05.572;46.984764
05.589;05.607;46.321284
05.593;05.607;45.802211
05.584;05.616;45.408035
05.564;05.614;45.049656
05.561;05.585;44.513006
05.563;22.400;44.316342
05.575;05.614;44.077738
05.573;05.596;43.944082
05.571;05.596;43.6036
05.575;05.591;43.560216
05.571;05.613;43.400437
05.585;05.615;43.190319
05.572;05.613;42.691477
05.562;05.582;42.67264
05.595;05.615;42.069143
05.589;05.600;42.060415
05.570;05.589;42.057913
05.558;05.596;41.933723
05.576;05.616;41.913743
05.607;05.613;41.834746
05.571;05.604;41.006317
05.554;05.566;40.942686
05.564;05.596;40.638131
05.584;05.593;40.31345
05.564;05.615;40.223522
05.588;05.604;40.213103
05.571;05.615;40.133677
05.604;05.613;40.071639
05.559;05.616;40.0211
05.586;05.590;40.002122
05.579;05.579;40
05.584;05.607;39.782255
05.593;05.596;39.44316
05.562;05.572;39.109957
05.585;05.593;39.075276
05.565;05.615;38.869268
05.574;05.616;38.85538
05.569;05.596;38.661792
05.561;05.595;38.085553
05.566;05.586;38.022232
05.578;05.578;38
05.566;05.613;37.953811
05.588;05.613;37.924797
05.555;05.572;37.886916
05.561;05.572;37.863487
05.587;05.613;37.793749
05.580;05.616;37.680525
05.593;05.595;37.654662
05.574;05.585;37.551811
05.590;05.593;37.551524
05.567;05.596;37.497829
05.565;05.572;37.465203
05.575;05.613;37.40555
05.585;05.586;37.37793
05.590;05.596;37.096277
05.570;05.582;36.843483
05.567;05.595;36.546099
05.571;05.587;36.476622
05.557;05.589;36.145374
05.576;05.591;36.020677
22.400;22.400;36
05.593;05.600;35.999522
05.600;05.607;35.821356
05.569;05.614;35.566009
05.575;05.586;35.412525
05.581;05.616;35.204802
05.611;05.616;35.114184
05.566;05.593;34.884167
05.572;05.593;34.799025
05.595;05.616;34.685303
05.585;05.591;34.565612
05.566;05.615;34.341773
05.582;05.595;34.121899
05.555;05.582;34.109662
05.568;05.596;34.037326
05.577;05.577;34
05.557;05.582;33.902712
05.571;05.584;33.240251
05.575;05.593;33.227236
05.572;05.614;33.200691
05.588;05.589;33.200314
05.560;05.586;33.154669
05.562;05.615;33.109525
05.590;05.615;32.949662
05.579;05.589;32.945021
05.582;05.614;32.944873
05.554;05.569;32.875013
05.582;05.607;32.835922
05.583;05.587;32.829852
05.576;05.589;32.726433
05.585;05.597;32.633001
05.611;05.613;32.597952
05.573;05.586;32.566363
05.574;05.589;32.501609
05.581;05.587;32.464925
05.580;05.589;32.303025
05.583;05.589;32.156899
05.583;05.616;32.116361
05.569;05.597;32.108488
05.582;05.601;31.782278
05.593;05.616;31.758378
05.589;05.615;31.754121
05.570;22.400;31.705494
05.565;05.595;31.639331
05.567;05.614;31.566583
05.591;05.615;31.490148
05.596;05.613;31.268953
05.583;05.586;31.15853
05.556;05.589;31.117263
05.558;05.595;30.759993
05.558;05.615;30.728818
05.576;05.599;30.709439
05.613;05.616;30.695151
05.574;05.582;30.602311
05.572;05.615;30.442029
05.614;05.616;30.400182
05.596;05.611;30.376446
05.587;05.601;30.20572
05.555;05.595;30.182462
05.589;05.601;29.987676
05.589;05.591;29.704824
05.585;05.604;29.690744
05.561;05.569;29.593926
05.601;05.616;29.270813
05.560;05.587;29.268016
05.562;05.589;29.160742
05.564;05.595;29.094921
05.573;05.593;29.066872
05.559;05.586;28.92224
05.572;05.597;28.848461
05.582;05.587;28.761324
05.598;05.616;28.460005
05.586;05.611;28.424944
05.584;05.596;28.400646
05.554;05.572;28.323519
05.554;05.595;28.310327
05.576;05.582;28.018998
05.563;05.595;27.989577
05.589;05.614;27.803992
05.581;05.586;27.725134
05.559;05.615;27.672439
05.591;05.597;27.669445
05.560;05.596;27.388275
05.573;05.615;27.367365
05.590;05.613;27.354894
05.581;05.589;27.141136
05.571;05.574;27.058205
05.571;05.597;27.046131
05.572;05.584;27.014543
05.574;05.601;26.991517
05.560;05.595;26.98465
05.573;05.613;26.930124
05.590;05.595;26.924888
05.593;05.611;26.920699
05.568;05.613;26.847698
05.584;05.601;26.844601
05.590;05.616;26.829348
05.579;05.582;26.809335
05.582;05.600;26.781659
05.574;05.575;26.690886
05.567;05.591;26.266051
05.560;05.615;26.222668
05.564;05.589;26.126614
05.574;05.599;26.121234
05.584;05.600;26.11195
05.589;05.598;26.079424
05.556;05.595;26.019462
05.589;05.599;25.973566
05.560;05.593;25.955868
05.574;05.592;25.951958
05.573;05.604;25.948777
05.561;05.582;25.843955
05.570;05.595;25.810664
05.586;05.601;25.802886
05.592;05.616;25.775623
05.557;05.615;25.774522
05.584;05.588;25.773187
05.569;05.584;25.757486
05.571;05.595;25.672241
05.565;05.596;25.641734
05.596;05.615;25.524063
05.582;05.591;25.326622
05.574;05.587;25.287452
05.589;05.594;25.216035
05.558;05.613;25.15245
05.570;05.596;25.070613
05.582;05.616;25.059365
05.584;05.585;25.015326
05.604;05.611;24.920164
05.569;05.600;24.906368
05.575;05.584;24.898105
05.565;22.400;24.808379
05.559;05.595;24.695504
05.575;05.596;24.648354
05.554;05.591;24.600396
05.572;05.595;24.389259
05.567;05.586;24.346146
05.560;05.597;24.3186
05.572;05.574;24.30467
05.572;05.596;24.281888
05.568;05.615;24.034501
05.595;05.611;24.022727
05.556;05.615;23.972493
05.560;05.588;23.955786
05.582;05.599;23.825396
05.558;05.593;23.781927
05.584;05.586;23.67668
05.579;05.586;23.632112
05.595;05.607;23.616649
05.594;05.613;23.602672
05.573;05.595;23.561627
05.591;05.592;23.528612
05.569;05.595;23.476993
05.559;05.584;23.470125
05.583;05.584;23.462052
05.611;05.614;23.439923
05.561;05.591;23.420352
05.557;05.595;23.394653
05.587;05.597;23.243189
05.591;05.595;23.243057
05.562;05.595;23.081277
05.555;05.596;22.935131
05.558;05.586;22.918591
05.568;05.595;22.899647
05.569;05.613;22.870988
05.566;05.596;22.868852
05.611;05.615;22.700012
05.582;05.588;22.671547
05.573;05.597;22.559742
05.560;05.604;22.532543
05.568;05.586;22.3661
05.578;05.589;22.348994
05.568;05.597;22.329455
05.575;05.587;22.282486
05.570;05.615;22.246246
05.559;05.588;22.212429
05.558;05.604;22.172651
05.559;05.593;22.165219
05.566;05.591;22.032669
05.573;05.616;22.008903
05.574;05.581;22.000873
05.559;05.587;21.937314
05.563;05.615;21.923471
05.571;05.591;21.869511
05.555;05.589;21.749365
05.582;05.598;21.744469
05.575;05.595;21.738247
05.590;05.597;21.692927
05.562;05.591;21.658145
05.568;05.593;21.646519
05.585;05.616;21.645588
05.571;05.607;21.622873
05.573;05.600;21.615133
05.583;05.601;21.518775
05.578;05.582;21.469903
05.567;05.593;21.458296
05.585;05.598;21.434698
05.560;05.599;21.374584
05.558;05.614;21.327162
05.576;05.585;21.25577
05.576;05.601;21.237154
05.590;05.604;21.173948
05.604;05.614;21.126446
05.563;05.596;21.091021
05.566;05.597;21.024007
05.591;05.601;21.016025
05.585;05.599;20.989955
05.574;05.611;20.978431
05.597;05.611;20.940425
05.567;05.613;20.817324
05.586;05.591;20.800859
05.586;05.597;20.794953
05.557;05.596;20.7577
05.582;05.615;20.657917
05.571;05.580;20.644697
05.560;05.584;20.614795
05.574;05.586;20.601731
05.580;05.607;20.494758
05.569;05.604;20.481642
05.580;05.593;20.47009
05.580;05.604;20.454264
05.580;05.582;20.429194
05.572;05.604;20.413686
05.574;05.598;20.383734
05.572;05.599;20.313166
05.579;05.587;20.294487
05.563;05.593;20.172886
05.574;05.615;20.069629
05.594;05.604;20.067997
05.569;05.615;20.024765
05.566;05.600;20.016624
05.572;05.591;19.912171
05.572;05.579;19.905815
05.596;05.616;19.85295
05.555;05.591;19.833032
05.587;05.593;19.775926
05.565;05.589;19.712133
05.584;05.611;19.663553
05.595;05.614;19.529934
05.575;05.604;19.507165
05.559;05.596;19.430942
05.572;05.587;19.373706
05.559;05.597;19.349038
05.576;05.598;19.299465
05.563;05.604;19.292037
05.562;05.596;19.167011
05.561;05.596;19.092759
05.585;05.587;19.023709
05.559;05.613;18.959748
05.584;05.595;18.90652
05.564;05.593;18.874235
05.580;05.594;18.859348
05.554;05.596;18.834574
05.568;05.607;18.784865
05.573;05.607;18.758103
05.563;05.586;18.751729
05.557;05.586;18.712664
05.585;05.600;18.66492
05.587;05.611;18.605561
05.574;05.590;18.574902
05.561;05.589;18.564056
05.565;05.591;18.505
05.581;05.584;18.444877
05.573;05.598;18.396604
05.569;05.607;18.287073
05.571;05.601;18.266835
05.586;05.614;18.212135
05.586;05.616;18.118825
05.557;05.591;18.090617
05.581;05.599;17.934447
05.560;05.574;17.929395
05.584;05.594;17.799614
05.584;05.590;17.676664
05.585;05.601;17.549749
05.569;05.599;17.512079
05.566;05.584;17.505755
05.571;05.583;17.451807
05.569;05.576;17.414847
05.581;05.597;17.370373
05.575;05.597;17.340341
05.562;05.593;17.288961
05.563;05.584;17.265918
05.559;05.604;17.262791
05.579;05.585;17.187937
05.569;05.591;17.180173
05.562;22.400;17.026269
05.593;05.601;16.960477
05.575;05.579;16.911813
05.566;05.604;16.890868
05.591;05.616;16.882167
05.556;05.613;16.775891
05.570;05.593;16.774749
05.554;05.582;16.721602
05.563;05.613;16.694786
05.558;05.616;16.692747
05.607;05.611;16.692163
05.574;05.595;16.672026
05.558;05.600;16.618492
05.575;05.616;16.591823
05.569;05.574;16.565755
05.573;05.584;16.517585
05.570;05.586;16.438062
05.600;05.611;16.436388
05.560;05.576;16.405691
05.597;05.601;16.394635
05.557;22.400;16.293248
05.571;05.600;16.26467
05.614;05.615;16.211639
05.570;05.597;16.206064
05.560;05.613;16.148205
05.576;05.592;16.054302
05.588;05.596;16.015927
05.590;05.591;15.953605
05.594;05.616;15.950797
05.558;05.591;15.932299
05.556;05.593;15.903242
05.567;05.601;15.868944
05.591;05.599;15.853826
05.568;05.574;15.829024
05.577;05.604;15.828068
05.556;22.400;15.791418
05.577;05.584;15.782404
05.588;05.611;15.764418
05.569;05.587;15.729059
05.575;05.583;15.722952
05.576;05.611;15.694753
05.577;05.580;15.612947
05.582;05.594;15.583392
05.560;05.598;15.578743
05.560;05.591;15.435913
05.586;05.599;15.311889
05.577;05.589;15.295114
05.573;05.574;15.294217
05.566;05.595;15.264655
05.588;05.607;15.232514
05.581;05.585;15.228139
05.571;05.576;15.175325
05.575;05.581;15.153284
05.575;05.598;15.109216
05.601;05.613;15.101632
05.599;05.611;15.076966
05.572;05.607;15.072808
05.584;05.587;15.011303
05.558;05.597;14.97545
05.566;05.616;14.966031
05.559;05.607;14.960395
05.574;05.614;14.927809
05.594;05.607;14.830231
05.596;05.614;14.824933
05.564;05.613;14.70564
05.568;05.599;14.686736
05.570;05.598;14.682854
05.557;05.613;14.671974
05.568;05.604;14.65992
05.578;05.580;14.648853
05.556;05.591;14.598321
05.570;05.591;14.564068
05.583;05.585;14.558095
05.571;05.579;14.53654
05.572;05.598;14.530965
05.574;05.583;14.520418
05.558;05.574;14.510671
05.587;05.590;14.442282
05.567;05.574;14.383582
05.563;05.591;14.33416
05.601;05.614;14.271951
05.560;05.600;14.24867
05.574;05.579;14.203506
05.566;05.579;14.18401
05.564;05.597;14.170659
05.559;05.600;14.166586
05.571;05.581;14.152335
05.579;05.616;14.138489
05.573;05.591;14.109733
05.556;05.596;14.056662
05.559;05.574;14.052249
05.575;05.580;13.969016
05.591;05.611;13.947782
05.576;05.581;13.924381
05.564;05.586;13.921751
05.558;05.598;13.887396
05.597;05.615;13.865405
05.590;05.607;13.838923
05.571;05.616;13.78486
05.577;05.613;13.721199
05.595;05.613;13.678862
05.586;05.615;13.637349
05.604;05.615;13.633496
05.571;05.588;13.523252
05.560;05.607;13.477983
05.564;05.604;13.428147
05.567;05.597;13.389305
05.588;05.594;13.384871
05.557;05.593;13.350405
05.583;05.597;13.337803
05.578;05.584;13.304702
05.570;05.613;13.287396
05.557;05.604;13.282181
05.570;05.574;13.262544
05.568;05.600;13.257376
05.580;05.596;13.244382
05.601;05.611;13.188325
05.566;05.607;13.135509
05.581;05.601;13.065818
05.556;05.586;13.051898
05.598;05.611;13.015572
05.593;05.615;12.972957
05.580;05.588;12.956782
05.575;05.600;12.953158
05.562;05.586;12.948355
05.587;05.615;12.939334
05.587;05.591;12.926237
05.590;05.598;12.91674
05.579;05.591;12.87703
05.558;05.607;12.861384
05.556;05.604;12.851777
05.564;05.584;12.816402
05.559;05.580;12.813572
05.601;05.604;12.802883
05.575;05.601;12.787257
05.559;05.591;12.749897
05.599;05.614;12.657491
05.578;05.613;12.633775
05.601;05.607;12.604364
05.564;05.616;12.599251
05.568;05.591;12.557697
05.555;05.604;12.392492
05.563;05.607;12.3257
05.583;05.590;12.305619
05.600;05.614;12.283177
05.613;05.615;12.278017
05.555;05.593;12.225962
05.588;05.595;12.212066
05.569;05.598;12.209609
05.579;05.597;12.155914
05.581;05.582;12.05206
05.560;05.601;12.038995
05.587;05.599;11.9875
05.579;05.613;11.933492
05.569;05.601;11.923396
05.593;05.594;11.883264
05.586;05.598;11.88301
05.560;05.581;11.875037
05.575;05.599;11.830444
05.558;05.584;11.808506
05.572;05.601;11.799943
05.566;05.599;11.781795
05.581;05.611;11.715396
05.580;05.595;11.684466
05.571;05.599;11.677256
05.573;05.576;11.62582
05.568;05.587;11.622417
05.559;05.577;11.616295
05.579;05.611;11.559722
05.576;05.590;11.550602
05.561;05.574;11.534571
05.580;05.585;11.526379
05.572;05.580;11.444178
05.583;05.611;11.399409
05.566;05.601;11.397152
05.573;05.599;11.394698
05.562;05.613;11.364194
05.569;05.616;11.328557
05.579;05.590;11.303834
05.590;05.599;11.301232
05.559;05.599;11.248628
05.557;05.599;11.237999
05.564;05.599;11.173813
05.564;05.591;11.166671
05.558;05.601;11.1258
05.571;05.594;11.087208
05.578;05.585;11.057259
05.564;05.574;11.055839
05.557;05.597;11.029158
05.564;05.600;11.008428
05.572;05.581;10.961556
05.570;05.604;10.943061
05.596;05.601;10.931152
05.567;05.579;10.919135
05.567;05.600;10.901602
05.593;05.614;10.888778
05.566;05.587;10.88651
05.556;05.574;10.878092
05.575;05.607;10.8491
05.566;05.598;10.827294
05.571;05.578;10.790988
05.590;05.601;10.755278
05.562;05.604;10.732963
05.561;22.400;10.716352
05.563;05.616;10.712387
05.576;05.586;10.711689
05.581;05.615;10.69967
05.586;05.604;10.698954
05.579;05.601;10.693422
05.576;05.615;10.685083
05.572;05.583;10.649186
05.599;05.615;10.64839
05.565;05.613;10.6429
05.583;05.599;10.528016
05.597;05.614;10.457864
05.565;05.597;10.42674
05.584;05.614;10.369655
05.583;05.591;10.369143
05.567;05.584;10.358912
05.583;05.592;10.332436
05.587;05.598;10.221843
05.600;05.615;10.056978
05.561;05.613;10.053956
05.572;05.600;10.047474
05.561;05.586;10.039629
05.584;05.599;10.024888
05.566;05.581;10.012408
05.586;05.607;10.007143
05.590;05.600;9.990421
05.568;05.598;9.902315
05.582;05.592;9.898135
05.594;05.596;9.8786
05.594;05.601;9.854923
05.581;05.614;9.852537
05.563;05.597;9.758185
05.594;05.615;9.738261
05.591;05.614;9.731176
05.560;05.583;9.730758
05.588;05.615;9.649677
05.583;05.613;9.603837
05.573;05.587;9.566958
05.559;05.583;9.543753
05.568;05.616;9.493875
05.558;22.400;9.474857
05.586;05.595;9.454651
05.571;05.577;9.442955
05.570;05.584;9.380378
05.568;05.579;9.370105
05.581;05.590;9.362933
05.568;05.581;9.320797
05.570;05.601;9.312365
05.559;05.594;9.273211
05.557;05.574;9.268236
05.559;05.598;9.267112
05.585;05.594;9.226424
05.570;05.576;9.218545
05.555;05.600;9.217305
05.567;05.604;9.210725
05.563;05.579;9.208096
05.558;05.576;9.200062
05.576;05.583;9.198173
05.577;05.607;9.168264
05.568;05.576;9.164316
05.588;05.601;9.154922
05.568;05.584;9.14025
05.555;05.586;9.132888
05.564;05.576;9.123343
05.583;05.614;9.098385
05.558;05.587;9.094042
05.560;05.579;9.059076
05.580;05.601;9.051132
05.556;05.576;9.05071
05.587;05.614;9.033846
05.566;05.583;8.992229
05.598;05.614;8.954186
05.588;05.590;8.951249
05.575;05.576;8.949221
05.569;05.577;8.916734
05.578;05.604;8.893815
05.599;05.601;8.86461
05.558;05.599;8.821949
05.579;05.584;8.82176
05.565;05.586;8.803743
05.573;05.601;8.797887
05.577;05.593;8.794346
05.565;05.604;8.778957
05.564;05.601;8.775783
05.589;05.592;8.739958
05.584;05.615;8.735397
05.560;05.580;8.720693
05.562;05.607;8.682367
05.555;05.613;8.672946
05.580;05.590;8.641923
05.556;05.597;8.575669
05.577;05.616;8.572089
05.584;05.597;8.571213
05.585;05.607;8.524746
05.581;05.598;8.506041
05.580;05.586;8.476537
05.563;05.574;8.434084
05.607;05.615;8.369946
05.567;05.598;8.346831
05.554;22.400;8.317159
05.568;05.594;8.295283
05.556;05.584;8.295066
05.570;05.600;8.261289
05.567;05.599;8.199863
05.562;05.597;8.1965
05.577;05.595;8.193499
05.567;05.578;8.131552
05.564;05.579;8.121629
05.579;05.599;8.104309
05.569;05.578;8.072006
05.562;05.600;8.070771
05.569;05.581;8.054709
05.575;05.588;8.049241
05.594;05.595;8.030366
05.571;22.400;7.970092
05.563;05.577;7.94273
05.579;05.615;7.908235
05.563;05.587;7.899983
05.581;05.592;7.869265
05.577;05.596;7.866183
05.568;05.601;7.829204
05.600;05.613;7.787992
05.554;05.593;7.782266
05.561;05.584;7.754881
05.557;05.598;7.710681
05.575;05.594;7.679434
05.567;05.576;7.663228
05.578;05.611;7.662482
05.586;05.596;7.659074
05.576;05.587;7.631046
05.554;05.574;7.624814
05.556;05.587;7.562813
05.578;05.590;7.490456
05.561;05.604;7.483624
05.578;05.607;7.424504
05.554;05.589;7.387913
05.575;05.578;7.381336
05.573;05.579;7.31659
05.570;05.616;7.309848
05.577;05.582;7.297753
05.559;05.576;7.21297
05.559;05.581;7.204737
05.565;05.574;7.195084
05.559;05.601;7.189803
05.563;05.598;7.185676
05.558;05.579;7.138879
05.580;05.615;7.095228
05.555;05.574;7.056662
05.560;22.400;7.05485
05.558;05.580;7.050644
05.564;05.598;7.017576
05.566;05.574;6.963629
05.570;05.607;6.956423
05.584;05.591;6.931715
05.569;05.588;6.926827
05.569;05.579;6.926826
05.586;05.594;6.907801
05.564;05.607;6.89331
05.583;05.615;6.873963
05.590;05.594;6.855006
05.576;05.614;6.804729
05.557;05.607;6.799108
05.565;05.593;6.798183
05.604;22.400;6.785714
05.559;05.579;6.783044
05.570;05.599;6.730596
05.556;05.594;6.722885
05.585;05.592;6.708565
05.598;05.615;6.67165
05.563;05.588;6.639704
05.574;05.584;6.630587
05.565;05.599;6.620307
05.570;05.579;6.603933
05.554;05.613;6.541356
05.568;05.583;6.516859
05.572;05.588;6.516219
05.584;05.598;6.502412
05.571;05.598;6.498373
05.581;05.591;6.432473
05.585;22.400;6.431976
05.595;22.400;6.406327
05.563;05.599;6.396592
05.586;05.592;6.384957
05.558;05.578;6.364471
05.585;05.588;6.342896
05.577;05.585;6.321248
05.556;05.579;6.289281
05.575;05.592;6.269022
05.573;05.588;6.244781
05.562;05.598;6.240409
05.572;05.576;6.225529
05.566;05.580;6.218241
05.567;05.583;6.217078
05.561;05.593;6.200721
05.562;05.574;6.197511
05.592;05.601;6.162838
05.576;05.579;6.162103
05.565;05.584;6.110573
05.555;05.598;6.048166
05.567;05.580;6.036821
05.601;05.615;6.035272
05.565;05.601;6.034311
05.563;05.580;6.010684
05.565;05.600;6.000967
05.555;05.601;5.947168
05.607;05.614;5.924409
05.578;05.616;5.903667
05.572;05.616;5.890005
05.554;05.586;5.884449
05.566;05.576;5.881399
05.572;05.578;5.860596
05.560;05.578;5.860063
05.578;05.596;5.858215
05.578;05.601;5.852801
05.569;05.594;5.850418
05.559;22.400;5.816877
05.560;05.577;5.801456
05.562;05.584;5.795976
05.558;05.588;5.78811
05.563;05.600;5.768981
05.598;05.601;5.761915
05.566;05.594;5.755267
05.560;05.594;5.734743
05.613;05.614;5.728958
05.558;05.594;5.72191
05.563;05.594;5.719641
05.555;05.579;5.707767
05.563;05.576;5.694763
05.555;05.584;5.674107
05.566;22.400;5.657616
05.563;05.601;5.625785
05.558;05.581;5.608774
05.568;22.400;5.605411
05.557;05.576;5.543341
05.555;05.597;5.53353
05.577;05.615;5.523117
05.588;05.600;5.490383
05.562;05.599;5.42041
05.575;05.577;5.392183
05.565;05.607;5.358623
05.565;05.576;5.334105
05.591;05.598;5.293963
05.577;05.590;5.292559
05.567;05.607;5.263295
05.575;22.400;5.202139
05.555;05.599;5.184209
05.567;05.594;5.181366
05.557;05.579;5.176484
05.565;05.587;5.17237
05.573;05.594;5.153887
05.576;05.584;5.153607
05.579;05.592;5.141338
05.587;05.592;5.14062
05.586;05.588;5.135416
05.573;05.583;5.120341
05.556;05.598;5.111569
05.556;05.607;5.088059
05.591;05.613;5.085521
05.570;05.587;5.078199
05.590;22.400;5.059693
05.580;05.611;5.054109
05.567;05.581;5.039204
05.581;05.613;4.989025
05.555;05.616;4.986426
05.582;05.583;4.943151
05.556;05.578;4.91395
05.562;05.616;4.892086
05.571;05.592;4.852571
05.594;05.611;4.769665
05.567;05.616;4.768292
05.591;05.596;4.755285
05.578;05.615;4.75349
05.569;22.400;4.740547
05.578;05.595;4.730698
05.577;05.588;4.702182
05.556;05.599;4.67862
05.563;05.581;4.639845
05.573;22.400;4.614885
05.559;05.578;4.612108
05.565;05.579;4.601623
05.596;22.400;4.597
05.597;05.613;4.584156
05.556;05.583;4.583974
05.564;05.578;4.552145
05.557;05.600;4.519505
05.555;05.607;4.494801
05.560;05.592;4.467057
05.557;05.601;4.465241
05.599;05.613;4.458005
05.556;05.601;4.450834
05.573;05.581;4.449789
05.563;05.578;4.439851
05.568;05.592;4.391048
05.561;05.601;4.370263
05.588;05.614;4.355834
05.580;05.614;4.350599
05.578;05.593;4.344423
05.565;05.598;4.336541
05.564;05.594;4.313606
05.577;05.601;4.312163
05.555;05.576;4.30192
05.573;05.580;4.295793
05.562;05.579;4.290001
05.566;05.578;4.285711
05.562;05.576;4.262258
05.566;05.588;4.258815
05.557;05.584;4.23921
05.595;05.601;4.218558
05.572;05.592;4.197309
05.569;05.592;4.173118
05.554;05.579;4.167664
05.556;05.577;4.147861
05.611;22.400;4.135803
05.562;05.601;4.123456
05.593;05.599;4.088152
05.564;05.580;4.027649
05.598;05.613;4.018301
05.557;05.578;4.000087
05.569;05.583;3.99404
05.592;05.613;3.963729
05.570;05.577;3.96362
05.595;05.599;3.947301
05.561;05.598;3.911471
05.589;22.400;3.832263
05.595;05.598;3.824419
05.555;05.587;3.770664
05.565;05.578;3.746566
05.557;05.581;3.746178
05.559;05.592;3.742701
05.556;05.580;3.696846
05.554;05.597;3.6941
05.562;05.588;3.685964
05.579;05.614;3.677927
05.568;05.577;3.656786
05.574;05.596;3.646057
05.577;05.614;3.63738
05.567;05.587;3.570916
05.586;22.400;3.566667
05.616;22.400;3.566667
05.595;05.597;3.563684
05.561;05.587;3.558385
05.578;05.614;3.538583
05.592;05.611;3.521666
05.572;05.577;3.4581
05.561;05.579;3.439388
05.588;22.400;3.433333
05.561;05.597;3.419639
05.570;05.578;3.417161
05.566;05.577;3.413385
05.578;05.588;3.408166
05.576;05.613;3.352011
05.564;05.592;3.330839
05.573;05.577;3.314179
05.584;05.592;3.30841
05.569;05.580;3.297885
05.590;05.592;3.294139
05.568;05.578;3.291471
05.562;05.587;3.284826
05.592;05.615;3.282798
05.568;05.580;3.265124
05.593;22.400;3.242857
05.592;05.598;3.193134
05.556;05.600;3.18057
05.554;05.599;3.178409
05.576;05.593;3.169828
05.554;05.601;3.155787
05.577;05.611;3.124166
05.592;05.597;3.116436
05.557;05.587;3.111046
05.561;05.576;3.093611
05.562;05.594;3.09062
05.554;05.584;3.089222
05.556;05.588;3.065752
05.565;05.616;3.040851
05.574;05.613;3.002667
05.570;05.580;2.984962
05.556;05.581;2.957177
05.554;05.604;2.952134
05.561;05.607;2.947895
05.554;05.576;2.933993
05.573;05.578;2.932032
05.576;05.595;2.9314
05.554;05.598;2.90822
05.557;05.616;2.908155
05.568;05.588;2.906793
05.567;05.577;2.90432
05.565;05.577;2.890529
05.592;05.614;2.886754
05.587;05.595;2.881211
05.583;05.598;2.875695
05.580;05.600;2.860478
05.557;05.588;2.853201
05.555;05.578;2.764066
05.557;05.577;2.751338
05.564;05.581;2.749621
05.562;05.578;2.707307
05.586;05.600;2.704917
05.561;05.580;2.63265
05.577;05.586;2.621697
05.597;22.400;2.61358
05.555;05.580;2.607021
05.561;05.588;2.605956
05.574;05.593;2.587307
05.594;05.614;2.584921
05.579;05.595;2.547977
05.564;05.583;2.545282
05.598;22.400;2.513636
05.564;22.400;2.480451
05.564;05.577;2.474909
05.561;05.600;2.468983
05.555;05.583;2.43871
05.578;05.600;2.382219
05.561;05.599;2.375349
05.554;05.600;2.368926
05.570;05.583;2.362305
05.555;05.577;2.330197
05.558;05.577;2.327088
05.567;05.592;2.320195
05.593;05.597;2.29937
05.581;05.595;2.291716
05.600;05.601;2.286624
05.555;22.400;2.256079
05.587;05.596;2.254281
05.578;05.586;2.253832
05.554;05.578;2.238505
05.570;05.588;2.236839
05.591;05.604;2.222163
05.579;05.596;2.214451
05.570;05.594;2.176025
05.579;05.598;2.150531
05.561;05.577;2.15024
05.555;05.581;2.119037
05.599;22.400;2.105556
05.558;05.592;2.09823
05.561;05.592;2.086929
05.591;05.593;2.072436
05.554;05.583;2.069599
05.572;05.594;2.046361
05.574;05.604;2.030217
05.561;05.616;2.021396
05.558;05.583;1.96368
05.556;05.592;1.926926
05.574;22.400;1.906864
05.600;22.400;1.840124
05.587;22.400;1.833333
05.557;05.580;1.831667
05.562;05.580;1.817589
05.573;05.592;1.74862
05.583;05.595;1.732557
05.594;05.600;1.725417
05.613;22.400;1.71693
05.577;05.600;1.70624
05.567;05.588;1.705102
05.570;05.581;1.699442
05.563;05.583;1.691548
05.554;05.607;1.681782
05.554;05.594;1.675646
05.561;05.594;1.669396
05.561;05.583;1.665321
05.554;05.616;1.66225
05.562;05.581;1.65765
05.564;05.587;1.657325
05.554;05.587;1.643743
05.578;05.579;1.638452
05.579;05.593;1.597581
05.596;05.597;1.587975
05.599;05.600;1.567637
05.578;05.591;1.566345
05.574;05.600;1.554537
05.582;22.400;1.546902
05.557;05.594;1.539122
05.561;05.578;1.538377
05.565;05.580;1.53229
05.596;05.598;1.517313
05.583;22.400;1.5
05.592;05.599;1.487055
05.567;22.400;1.442326
05.565;05.581;1.438292
05.565;05.583;1.424435
05.561;05.581;1.385359
05.554;05.577;1.384901
05.587;05.588;1.368687
05.572;22.400;1.340859
05.577;05.579;1.335686
05.554;05.588;1.319946
05.591;22.400;1.310198
05.557;05.583;1.299196
05.564;05.588;1.28099
05.576;05.596;1.280596
05.593;05.598;1.278818
05.555;05.588;1.264324
05.607;22.400;1.244322
05.556;05.616;1.239617
05.562;05.583;1.225347
05.574;05.607;1.223775
05.562;05.577;1.209999
05.597;05.604;1.169744
05.596;05.599;1.16613
05.591;05.607;1.164521
05.578;05.599;1.15802
05.563;05.592;1.153914
05.588;05.598;1.14135
05.584;22.400;1.122222
05.587;05.600;1.117833
05.579;05.580;1.097539
05.591;05.594;1.083894
05.574;05.578;1.062137
05.594;05.597;1.047619
05.577;05.591;1.031713
05.591;05.600;1.025346
05.565;05.592;0.974498
05.580;22.400;0.966667
05.565;05.588;0.941603
05.555;05.594;0.901338
05.615;22.400;0.895572
05.598;05.600;0.876209
05.579;05.588;0.823844
05.579;05.594;0.78108
05.554;05.580;0.775635
05.570;05.592;0.772219
05.562;05.592;0.770465
05.565;05.594;0.755888
05.583;05.596;0.73043
05.574;05.594;0.697632
05.574;05.580;0.694797
05.588;05.591;0.690528
05.557;05.592;0.675137
05.581;05.596;0.671765
05.592;22.400;0.666667
05.554;05.581;0.587387
05.574;05.588;0.569757
05.576;22.400;0.546047
05.574;05.577;0.533718
05.601;22.400;0.533333
05.566;05.592;0.524917
05.597;05.600;0.523485
05.555;05.592;0.522405
05.578;22.400;0.5
05.580;05.591;0.499326
05.578;05.598;0.486143
05.578;05.587;0.479424
05.581;22.400;0.466667
05.583;05.593;0.462004
05.579;05.607;0.450631
05.579;05.600;0.438812
05.587;05.594;0.436275
05.578;05.592;0.433132
05.576;05.600;0.430013
05.579;05.604;0.40834
05.576;05.577;0.385949
05.576;05.607;0.381991
05.576;05.604;0.363765
05.577;22.400;0.34812
05.554;05.592;0.333127
05.577;05.598;0.310842
05.576;05.578;0.294247
05.581;05.593;0.284524
05.576;05.594;0.282741
05.580;05.583;0.236236
05.599;05.607;0.224603
05.577;05.587;0.220219
05.594;05.598;0.219014
05.578;05.597;0.211765
05.592;05.595;0.204186
05.578;05.583;0.203322
05.583;05.594;0.191979
05.588;05.597;0.191105
05.577;05.597;0.191043
05.578;05.581;0.171711
05.594;22.400;0.166667
05.598;05.604;0.165299
05.598;05.607;0.156338
05.580;05.581;0.148919
05.577;05.599;0.138779
05.581;05.594;0.130077
05.579;22.400;0.12312
05.581;05.588;0.120616
05.580;05.587;0.111268
05.577;05.581;0.107535
05.577;05.592;0.094872
05.580;05.598;0.092503
05.577;05.583;0.086868
05.588;05.599;0.076079
05.594;05.599;0.069841
05.580;05.592;0.058889
05.583;05.600;0.057014
05.587;05.607;0.055848
05.592;05.593;0.050743
05.583;05.604;0.04596
05.581;05.607;0.030627
05.583;05.607;0.030627
05.576;05.588;0.029399
05.581;05.604;0.027778
05.597;05.607;0.025299
05.580;05.597;0.021216
05.580;05.599;0.019751
05.587;05.604;0.018182
05.599;05.604;0.018182
05.592;05.594;0.015958
05.583;05.588;0.014526
05.576;05.580;0.012373
05.592;05.596;0.006154
05.592;05.607;0.004329
05.588;05.592;0.002849
05.592;05.600;0.001282
